station_id,timestamp,temperature_c,relative_humidity_pct,pressure_hpa
AWS_AP01,2025-01-14 13:30:00,27.847,61.11,1006.692
AWS_AP01,2025-01-14 13:45:00,27.779,58.637,1007.032
AWS_AP01,2025-01-15 02:30:00,20.646,78.308,1006.898
AWS_AP01,2025-01-15 02:45:00,20.665,82.397,1006.977
AWS_AP01,2025-01-17 15:45:00,28.407,58.191,1006.802
AWS_AP01,2025-01-17 16:00:00,28.008,62.478,1006.594
AWS_AP01,2025-01-20 05:00:00,20.543,81.223,1005.704
AWS_AP01,2025-01-20 05:15:00,20.741,77.794,1005.098
AWS_AP01,2025-01-23 02:45:00,20.69,81.003,1007.643
AWS_AP01,2025-01-23 03:00:00,20.069,78.45,1006.845
AWS_AP01,2025-01-23 03:15:00,19.763,84.192,1006.9
AWS_AP01,2025-01-23 03:30:00,20.162,81.013,1006.206
AWS_AP01,2025-01-23 03:45:00,19.817,81.042,1006.242
AWS_AP01,2025-01-23 04:00:00,20.109,79.442,1006.831
AWS_AP01,2025-01-23 04:15:00,19.837,84.264,1006.734
AWS_AP01,2025-01-23 04:30:00,20.131,81.785,1007.09
AWS_AP01,2025-01-23 04:45:00,20.354,78.88,1007.623
AWS_AP01,2025-01-23 05:00:00,20.942,80.979,1007.061
AWS_AP01,2025-01-23 05:15:00,20.887,78.031,1007.326
AWS_AP01,2025-01-23 05:30:00,21.097,82.724,1007.468
AWS_AP01,2025-01-23 05:45:00,21.069,78.248,1006.906
AWS_AP01,2025-01-23 06:00:00,21.508,80.048,1006.732
AWS_AP01,2025-01-23 06:15:00,21.195,77.251,1007.658
AWS_AP01,2025-01-23 06:30:00,21.446,77.262,1007.905
AWS_AP01,2025-01-23 06:45:00,22.007,78.389,1007.818
AWS_AP01,2025-01-23 07:00:00,22.03,76.622,1007.891
AWS_AP01,2025-01-23 07:15:00,22.348,72.271,1007.878
AWS_AP01,2025-01-23 07:30:00,22.548,72.445,1008.692
AWS_AP01,2025-01-23 07:45:00,23.226,78.722,1008.412
AWS_AP01,2025-01-23 08:00:00,23.5,71.451,1009.188
AWS_AP01,2025-01-23 08:15:00,23.183,71.663,1008.888
AWS_AP01,2025-01-23 08:30:00,23.109,71.274,1009.22
AWS_AP01,2025-01-23 08:45:00,23.692,69.145,1009.304
AWS_AP01,2025-01-23 09:00:00,23.905,70.743,1009.471
AWS_AP01,2025-01-23 09:15:00,24.693,68.874,1009.375
AWS_AP01,2025-01-23 09:30:00,24.988,69.642,1009.476
AWS_AP01,2025-01-23 09:45:00,24.669,63.387,1008.987
AWS_AP01,2025-01-23 10:00:00,25.015,64.792,1009.198
AWS_AP01,2025-01-23 10:15:00,25.055,64.689,1009.564
AWS_AP01,2025-01-23 10:30:00,25.792,66.75,1008.908
AWS_AP01,2025-01-23 10:45:00,25.984,63.095,1009.607
AWS_AP01,2025-01-23 11:00:00,26.472,65.383,1009.962
AWS_AP01,2025-01-23 11:15:00,26.613,62.717,1009.374
AWS_AP01,2025-01-23 11:30:00,26.866,64.196,1009.147
AWS_AP01,2025-01-23 11:45:00,26.429,61.197,1009.209
AWS_AP01,2025-01-23 12:00:00,26.9,60.571,1009.013
AWS_AP01,2025-01-23 12:15:00,27.557,57.717,1008.05
AWS_AP01,2025-01-23 12:30:00,27.282,59.901,1008.207
AWS_AP01,2025-01-23 12:45:00,27.112,59.043,1008.238
AWS_AP01,2025-01-23 13:00:00,27.985,62.941,1008.421
AWS_AP01,2025-01-23 13:15:00,27.697,61.28,1008.375
AWS_AP01,2025-01-23 13:30:00,28.3,61.908,1007.96
AWS_AP01,2025-01-23 13:45:00,28.071,59.315,1007.572
AWS_AP01,2025-01-23 14:00:00,28.072,58.148,1007.595
AWS_AP01,2025-01-23 14:15:00,28.625,57.293,1007.377
AWS_AP01,2025-01-23 14:30:00,27.869,54.857,1007.176
AWS_AP01,2025-01-23 14:45:00,28.717,55.352,1007.227
AWS_AP01,2025-01-23 15:00:00,28.103,58.8,1007.376
AWS_AP01,2025-01-23 15:15:00,28.335,59.018,1007.336
AWS_AP01,2025-01-23 15:30:00,28.311,59.636,1007.197
AWS_AP01,2025-01-23 15:45:00,28.088,55.563,1007.543
AWS_AP01,2025-01-23 16:00:00,27.926,60.749,1006.36
AWS_AP01,2025-01-23 16:15:00,27.966,56.956,1006.596
AWS_AP01,2025-01-23 16:30:00,27.677,60.628,1006.829
AWS_AP01,2025-01-23 16:45:00,28.459,59.351,1007.507
AWS_AP01,2025-01-23 17:00:00,27.599,60.085,1007.146
AWS_AP01,2025-01-23 17:15:00,27.948,55.984,1006.875
AWS_AP01,2025-01-23 17:30:00,27.752,59.198,1007.498
AWS_AP01,2025-01-23 17:45:00,27.381,61.125,1007.206
AWS_AP01,2025-01-23 18:00:00,27.048,60.655,1007.408
AWS_AP01,2025-01-23 18:15:00,26.95,63.702,1008.297
AWS_AP01,2025-01-23 18:30:00,26.855,64.123,1008.053
AWS_AP01,2025-01-23 18:45:00,26.494,60.581,1007.666
AWS_AP01,2025-01-23 19:00:00,25.765,64.033,1008.061
AWS_AP01,2025-01-23 19:15:00,25.451,64.382,1008.134
AWS_AP01,2025-01-23 19:30:00,26.204,68.714,1008.963
AWS_AP01,2025-01-23 19:45:00,24.709,69.24,1008.304
AWS_AP01,2025-01-23 20:00:00,25.3,69.059,1009.036
AWS_AP01,2025-01-23 20:15:00,24.908,68.967,1008.679
AWS_AP01,2025-01-23 20:30:00,24.761,67.124,1009.098
AWS_AP01,2025-01-23 20:45:00,24.102,70.946,1009.455
AWS_AP01,2025-01-23 21:00:00,24.28,71.016,1009.095
AWS_AP01,2025-01-23 21:15:00,23.967,71.542,1009.431
AWS_AP01,2025-01-23 21:30:00,24.465,69.798,1008.92
AWS_AP01,2025-01-23 21:45:00,23.41,72.671,1009.241
AWS_AP01,2025-01-23 22:00:00,23.512,71.639,1009.59
AWS_AP01,2025-01-23 22:15:00,22.4,73.943,1009.317
AWS_AP01,2025-01-23 22:30:00,22.904,74.074,1009.198
AWS_AP01,2025-01-23 22:45:00,22.42,73.485,1009.663
AWS_AP01,2025-01-23 23:00:00,22.195,75.008,1009.281
AWS_AP01,2025-01-23 23:15:00,21.97,74.105,1008.99
AWS_AP01,2025-01-23 23:30:00,22.178,76.618,1009.181
AWS_AP01,2025-01-23 23:45:00,21.534,79.047,1008.978
AWS_AP01,2025-01-24 00:00:00,22.481,77.929,1007.779
AWS_AP01,2025-01-24 00:15:00,22.346,81.465,1006.797
AWS_AP01,2025-01-24 00:30:00,22.605,78.412,1007.596
AWS_AP01,2025-01-24 00:45:00,22.336,76.255,1007.161
AWS_AP01,2025-01-24 01:00:00,21.6,77.494,1007.189
AWS_AP01,2025-01-24 01:15:00,22.085,79.011,1006.472
AWS_AP01,2025-01-24 01:30:00,13.157,80.43,1006.881
AWS_AP01,2025-01-24 01:45:00,13.518,80.601,1006.962
AWS_AP01,2025-01-24 02:00:00,21.404,82.26,1005.86
AWS_AP01,2025-01-24 02:15:00,21.499,79.83,1005.67
AWS_AP01,2025-01-24 02:30:00,21.376,80.738,1005.78
AWS_AP01,2025-01-24 02:45:00,6.779,77.851,1006.41
AWS_AP01,2025-01-26 00:00:00,22.576,81.042,1008.022
AWS_AP01,2025-01-26 00:15:00,22.069,77.292,1007.558
AWS_AP01,2025-01-26 00:30:00,21.867,82.091,1008.206
AWS_AP01,2025-01-26 00:45:00,22.193,80.179,1008.115
AWS_AP01,2025-01-26 01:00:00,21.614,79.146,1007.802
AWS_AP01,2025-01-26 01:15:00,21.615,81.289,1008.129
AWS_AP01,2025-01-26 01:30:00,21.41,83.08,1007.501
AWS_AP01,2025-01-26 01:45:00,21.526,81.496,1006.94
AWS_AP01,2025-01-26 02:00:00,21.607,81.668,1007.007
AWS_AP01,2025-01-26 02:15:00,21.483,82.569,1006.463
AWS_AP01,2025-01-26 02:30:00,21.048,80.871,1007.134
AWS_AP01,2025-01-26 02:45:00,21.524,80.766,1007.392
AWS_AP01,2025-01-26 03:00:00,20.877,82.035,1007.561
AWS_AP01,2025-01-26 03:15:00,20.938,82.075,1006.631
AWS_AP01,2025-01-26 03:30:00,21.149,83.648,1006.687
AWS_AP01,2025-01-26 03:45:00,21.546,84.285,1006.872
AWS_AP01,2025-01-26 04:00:00,20.943,81.931,1007.184
AWS_AP01,2025-01-26 04:15:00,21.641,81.985,1007.22
AWS_AP01,2025-01-26 04:30:00,21.453,80.816,1006.24
AWS_AP01,2025-01-26 04:45:00,21.452,80.368,1006.369
AWS_AP01,2025-01-26 05:00:00,22.04,83.424,1006.535
AWS_AP01,2025-01-26 05:15:00,21.614,81.343,1006.733
AWS_AP01,2025-01-26 05:30:00,22.7,81.016,1006.813
AWS_AP01,2025-01-26 05:45:00,22.134,80.143,1007.127
AWS_AP01,2025-01-26 06:00:00,22.419,77.489,1006.202
AWS_AP01,2025-01-26 06:15:00,23.036,78.086,1007.838
AWS_AP01,2025-01-26 06:30:00,22.837,78.69,1007.306
AWS_AP01,2025-01-26 06:45:00,23.363,74.926,1007.326
AWS_AP01,2025-01-26 07:00:00,22.652,73.684,1008.267
AWS_AP01,2025-01-26 07:15:00,23.346,75.541,1007.959
AWS_AP01,2025-01-26 07:30:00,23.847,76.86,1008.22
AWS_AP01,2025-01-26 07:45:00,24.308,72.221,1008.66
AWS_AP01,2025-01-26 08:00:00,24.475,77.482,1008.577
AWS_AP01,2025-01-26 08:15:00,24.713,70.916,1009.156
AWS_AP01,2025-01-26 08:30:00,25.098,72.608,1009.432
AWS_AP01,2025-01-26 08:45:00,25.194,66.93,1008.833
AWS_AP01,2025-01-26 09:00:00,24.681,70.954,1009.301
AWS_AP01,2025-01-26 09:15:00,26.03,66.24,1009.107
AWS_AP01,2025-01-26 09:30:00,25.618,67.606,1008.389
AWS_AP01,2025-01-26 09:45:00,26.232,68.551,1008.909
AWS_AP01,2025-01-26 10:00:00,26.459,69.049,1008.472
AWS_AP01,2025-01-26 10:15:00,26.68,65.866,1009.578
AWS_AP01,2025-01-26 10:30:00,26.589,64.442,1009.405
AWS_AP01,2025-01-26 10:45:00,26.588,68.022,1008.54
AWS_AP01,2025-01-26 11:00:00,27.11,64.036,1009.831
AWS_AP01,2025-01-26 11:15:00,27.89,63.394,1008.564
AWS_AP01,2025-01-26 11:30:00,27.43,62.006,1008.157
AWS_AP01,2025-01-26 11:45:00,27.811,58.769,1008.59
AWS_AP01,2025-01-26 12:00:00,28.4,64.267,1009.14
AWS_AP01,2025-01-26 12:15:00,28.153,58.425,1008.102
AWS_AP01,2025-01-26 12:30:00,28.472,60.74,1008.728
AWS_AP01,2025-01-26 12:45:00,28.818,63.246,1008.39
AWS_AP01,2025-01-26 13:00:00,29.023,61.908,1007.139
AWS_AP01,2025-01-26 13:15:00,28.752,59.269,1007.885
AWS_AP01,2025-01-26 13:30:00,29.221,60.262,1007.592
AWS_AP01,2025-01-26 13:45:00,29.395,56.289,1006.994
AWS_AP01,2025-01-26 14:00:00,28.973,61.16,1007.938
AWS_AP01,2025-01-26 14:15:00,29.481,60.971,1007.119
AWS_AP01,2025-01-26 14:30:00,29.246,57.733,1006.18
AWS_AP01,2025-01-26 14:45:00,29.525,60.097,1006.855
AWS_AP01,2025-01-26 15:00:00,29.714,58.534,1007.121
AWS_AP01,2025-01-26 15:15:00,29.435,58.935,1006.95
AWS_AP01,2025-01-26 15:30:00,29.735,58.528,1006.229
AWS_AP01,2025-01-26 15:45:00,29.654,56.26,1006.671
AWS_AP01,2025-01-26 16:00:00,29.627,55.77,1006.115
AWS_AP01,2025-01-26 16:15:00,29.396,56.124,1006.625
AWS_AP01,2025-01-26 16:30:00,29.509,54.319,1005.343
AWS_AP01,2025-01-26 16:45:00,29.182,56.799,1006.199
AWS_AP01,2025-01-26 17:00:00,28.438,60.856,1006.719
AWS_AP01,2025-01-26 17:15:00,28.556,61.744,1007.497
AWS_AP01,2025-01-26 17:30:00,28.571,58.302,1006.907
AWS_AP01,2025-01-26 17:45:00,28.435,61.543,1007.929
AWS_AP01,2025-01-26 18:00:00,28.382,59.258,1006.524
AWS_AP01,2025-01-26 18:15:00,27.833,64.995,1007.222
AWS_AP01,2025-01-26 18:30:00,28.467,64.296,1007.86
AWS_AP01,2025-01-26 18:45:00,27.612,66.46,1008.547
AWS_AP01,2025-01-26 19:00:00,27.408,65.799,1007.27
AWS_AP01,2025-01-26 19:15:00,26.969,65.203,1008.265
AWS_AP01,2025-01-26 19:30:00,26.62,62.169,1008.021
AWS_AP01,2025-01-26 19:45:00,26.628,69.302,1007.86
AWS_AP01,2025-01-26 20:00:00,26.413,65.716,1008.467
AWS_AP01,2025-01-26 20:15:00,26.112,69.589,1008.344
AWS_AP01,2025-01-26 20:30:00,26.366,68.962,1008.343
AWS_AP01,2025-01-26 20:45:00,25.559,68.022,1009.085
AWS_AP01,2025-01-26 21:00:00,25.299,71.504,1008.977
AWS_AP01,2025-01-26 21:15:00,25.296,68.696,1007.789
AWS_AP01,2025-01-26 21:30:00,24.728,70.794,1008.607
AWS_AP01,2025-01-26 21:45:00,24.672,72.465,1008.888
AWS_AP01,2025-01-26 22:00:00,23.861,72.448,1009.693
AWS_AP01,2025-01-26 22:15:00,23.602,73.236,1009.193
AWS_AP01,2025-01-26 22:30:00,23.764,76.601,1009.088
AWS_AP01,2025-01-26 22:45:00,23.409,75.176,1009.181
AWS_AP01,2025-01-26 23:00:00,22.995,72.154,1009.179
AWS_AP01,2025-01-26 23:15:00,23.043,78.703,1009.179
AWS_AP01,2025-01-26 23:30:00,22.847,82.415,1009.088
AWS_AP01,2025-01-26 23:45:00,22.36,76.921,1007.954
AWS_AP01,2025-01-27 00:00:00,15.457,81.921,1008.1
AWS_AP01,2025-01-27 00:15:00,15.49,81.322,1007.866
AWS_AP01,2025-01-27 00:30:00,14.945,81.2,1008.145
AWS_AP01,2025-02-01 08:45:00,25.442,71.46,1009.056
AWS_AP01,2025-02-01 09:00:00,25.923,69.498,1009.109
AWS_AP01,2025-02-08 18:00:00,27.257,57.853,1004.881
AWS_AP01,2025-02-08 18:15:00,27.139,57.339,1005.306
AWS_AP01,2025-02-14 14:15:00,30.193,54.556,1005.289
AWS_AP01,2025-02-14 14:30:00,30.128,53.783,1005.103
AWS_AP01,2025-02-25 11:30:00,29.361,59.875,1007.764
AWS_AP01,2025-02-25 11:45:00,29.415,59.954,1007.833
AWS_AP01,2025-02-25 20:15:00,27.938,63.316,1007.473
AWS_AP01,2025-02-25 20:30:00,27.394,66.52,1007.363
AWS_AP01,2025-03-06 12:30:00,30.373,56.319,1005.808
AWS_AP01,2025-03-06 12:45:00,30.751,51.412,1004.927
AWS_AP01,2025-03-08 11:30:00,29.426,58.256,1005.464
AWS_AP01,2025-03-08 11:45:00,29.577,58.771,1005.348
AWS_AP01,2025-03-10 03:15:00,27.558,68.782,1003.893
AWS_AP01,2025-03-10 03:30:00,27.469,66.252,1003.209
AWS_AP01,2025-03-11 12:15:00,35.376,45.138,1005.528
AWS_AP01,2025-03-11 12:30:00,35.957,42.91,1004.996
AWS_AP01,2025-03-13 15:00:00,36.184,43.8,1002.51
AWS_AP01,2025-03-13 15:15:00,36.043,42.808,1001.478
AWS_AP01,2025-03-13 15:30:00,35.873,46.819,1001.814
AWS_AP01,2025-03-13 15:45:00,35.731,45.818,1001.835
AWS_AP01,2025-03-13 16:00:00,35.901,41.16,1002.687
AWS_AP01,2025-03-13 16:15:00,35.833,44.786,1001.612
AWS_AP01,2025-03-13 16:30:00,35.82,42.678,1002.057
AWS_AP01,2025-03-13 16:45:00,35.235,42.741,1002.171
AWS_AP01,2025-03-13 17:00:00,34.913,43.602,1001.857
AWS_AP01,2025-03-13 17:15:00,35.028,43.467,1002.226
AWS_AP01,2025-03-13 17:30:00,34.743,48.445,1002.626
AWS_AP01,2025-03-13 17:45:00,34.559,47.517,1003.249
AWS_AP01,2025-03-13 18:00:00,35.269,48.896,1003.15
AWS_AP01,2025-03-13 18:15:00,33.925,47.885,1002.976
AWS_AP01,2025-03-13 18:30:00,34.541,47.012,1003.05
AWS_AP01,2025-03-13 18:45:00,34.457,49.248,1003.346
AWS_AP01,2025-03-13 19:00:00,34.256,49.61,1003.874
AWS_AP01,2025-03-13 19:15:00,33.809,49.313,1004.543
AWS_AP01,2025-03-13 19:30:00,33.881,50.16,1004.01
AWS_AP01,2025-03-13 19:45:00,33.772,50.883,1004.322
AWS_AP01,2025-03-13 20:00:00,32.892,52.223,1004.024
AWS_AP01,2025-03-13 20:15:00,32.859,53.044,1004.409
AWS_AP01,2025-03-13 20:30:00,32.846,53.149,1004.151
AWS_AP01,2025-03-13 20:45:00,31.941,57.556,1004.9
AWS_AP01,2025-03-13 21:00:00,31.861,57.07,1004.054
AWS_AP01,2025-03-13 21:15:00,31.482,59.433,1004.558
AWS_AP01,2025-03-13 21:30:00,31.544,53.317,1003.658
AWS_AP01,2025-03-13 21:45:00,30.575,61.799,1005.076
AWS_AP01,2025-03-13 22:00:00,31.318,57.47,1004.613
AWS_AP01,2025-03-13 22:15:00,30.793,58.618,1005.422
AWS_AP01,2025-03-13 22:30:00,30.562,60.165,1004.879
AWS_AP01,2025-03-13 22:45:00,29.435,60.364,1004.445
AWS_AP01,2025-03-13 23:00:00,29.598,63.681,1005.289
AWS_AP01,2025-03-13 23:15:00,30.132,60.831,1004.571
AWS_AP01,2025-03-13 23:30:00,29.416,63.832,1003.972
AWS_AP01,2025-03-13 23:45:00,28.747,64.3,1003.938
AWS_AP01,2025-03-14 00:00:00,28.637,59.192,1006.193
AWS_AP01,2025-03-14 00:15:00,28.594,63.982,1005.703
AWS_AP01,2025-03-14 00:30:00,28.382,61.13,1005.593
AWS_AP01,2025-03-14 00:45:00,28.024,67.083,1005.581
AWS_AP01,2025-03-14 01:00:00,28.27,62.525,1004.385
AWS_AP01,2025-03-14 01:15:00,27.594,61.904,1004.027
AWS_AP01,2025-03-14 01:30:00,27.858,61.624,1003.86
AWS_AP01,2025-03-14 01:45:00,27.644,66.348,1004.264
AWS_AP01,2025-03-14 02:00:00,27.487,69.012,1004.402
AWS_AP01,2025-03-14 02:15:00,27.353,66.966,1003.722
AWS_AP01,2025-03-14 02:30:00,27.321,60.91,1004.48
AWS_AP01,2025-03-14 02:45:00,27.407,64.751,1003.636
AWS_AP01,2025-03-14 03:00:00,27.301,63.367,1003.537
AWS_AP01,2025-03-14 03:15:00,27.618,65.233,1003.754
AWS_AP01,2025-03-14 03:30:00,27.263,64.806,1003.797
AWS_AP01,2025-03-14 03:45:00,27.937,65.521,1003.133
AWS_AP01,2025-03-14 04:00:00,27.352,62.259,1003.532
AWS_AP01,2025-03-14 04:15:00,27.879,61.87,1002.792
AWS_AP01,2025-03-14 04:30:00,27.985,60.935,1003.827
AWS_AP01,2025-03-14 04:45:00,27.855,65.67,1002.85
AWS_AP01,2025-03-14 05:00:00,27.953,63.016,1003.797
AWS_AP01,2025-03-14 05:15:00,27.85,64.33,1004.332
AWS_AP01,2025-03-14 05:30:00,28.067,63.977,1003.247
AWS_AP01,2025-03-14 05:45:00,28.456,60.252,1004.245
AWS_AP01,2025-03-14 06:00:00,28.557,59.888,1004.594
AWS_AP01,2025-03-14 06:15:00,29.118,61.033,1004.161
AWS_AP01,2025-03-14 06:30:00,28.831,59.807,1004.318
AWS_AP01,2025-03-14 06:45:00,29.063,60.846,1004.607
AWS_AP01,2025-03-14 07:00:00,28.906,57.704,1004.977
AWS_AP01,2025-03-14 07:15:00,29.832,59.367,1004.843
AWS_AP01,2025-03-14 07:30:00,30.045,55.33,1004.936
AWS_AP01,2025-03-14 07:45:00,30.419,57.157,1005.964
AWS_AP01,2025-03-14 08:00:00,30.689,56.86,1005.352
AWS_AP01,2025-03-14 08:15:00,30.872,54.364,1004.943
AWS_AP01,2025-03-14 08:30:00,31.145,53.073,1005.517
AWS_AP01,2025-03-14 08:45:00,31.342,52.98,1005.74
AWS_AP01,2025-03-14 09:00:00,31.652,54.687,1005.772
AWS_AP01,2025-03-14 09:15:00,31.134,53.111,1005.999
AWS_AP01,2025-03-14 09:30:00,31.619,52.71,1006.131
AWS_AP01,2025-03-14 09:45:00,31.83,46.675,1006.239
AWS_AP01,2025-03-14 10:00:00,32.847,49.312,1005.723
AWS_AP01,2025-03-14 10:15:00,32.484,48.86,1006.335
AWS_AP01,2025-03-14 10:30:00,32.779,46.831,1006.221
AWS_AP01,2025-03-14 10:45:00,33.208,50.614,1006.074
AWS_AP01,2025-03-14 11:00:00,33.066,45.241,1006.378
AWS_AP01,2025-03-14 11:15:00,33.777,43.864,1005.444
AWS_AP01,2025-03-14 11:30:00,33.239,46.872,1005.699
AWS_AP01,2025-03-14 11:45:00,33.729,45.414,1005.935
AWS_AP01,2025-03-14 12:00:00,34.334,47.375,1005.589
AWS_AP01,2025-03-14 12:15:00,34.082,42.685,1005.568
AWS_AP01,2025-03-14 12:30:00,35.012,44.838,1004.86
AWS_AP01,2025-03-14 12:45:00,34.79,42.586,1005.527
AWS_AP01,2025-03-14 13:00:00,35.255,43.473,1004.711
AWS_AP01,2025-03-14 13:15:00,35.147,43.338,1004.857
AWS_AP01,2025-03-14 13:30:00,35.145,42.144,1004.007
AWS_AP01,2025-03-14 13:45:00,34.943,42.52,1004.826
AWS_AP01,2025-03-14 14:00:00,35.597,44.284,1004.467
AWS_AP01,2025-03-14 14:15:00,35.511,43.273,1004.089
AWS_AP01,2025-03-14 14:30:00,36.047,41.054,1003.87
AWS_AP01,2025-03-14 14:45:00,35.696,39.245,1003.971
AWS_AP01,2025-03-14 15:00:00,35.337,41.18,1004.23
AWS_AP01,2025-03-28 06:00:00,25.749,73.247,1002.625
AWS_AP01,2025-03-28 06:15:00,25.244,73.265,1003.055
AWS_AP01,2025-04-01 12:00:00,32.644,54.76,993.198
AWS_AP01,2025-04-01 12:15:00,32.799,57.035,993.421
AWS_AP01,2025-04-03 09:15:00,30.796,62.777,1003.95
AWS_AP01,2025-04-03 09:30:00,30.877,61.787,1004.41
AWS_AP01,2025-04-16 02:30:00,33.642,73.443,998.341
AWS_AP01,2025-04-16 02:45:00,33.702,75.754,999.357
AWS_AP01,2025-04-21 13:00:00,32.884,50.415,1001.846
AWS_AP01,2025-04-21 13:15:00,33.247,54.504,1001.845
AWS_AP01,2025-04-22 02:00:00,26.478,76.366,1000.671
AWS_AP01,2025-04-22 02:15:00,26.059,76.833,1000.922
AWS_AP01,2025-05-07 17:45:00,33.188,53.464,998.89
AWS_AP01,2025-05-07 18:00:00,32.893,58.622,999.44
AWS_AP01,2025-05-07 21:30:00,28.872,68.699,1001.408
AWS_AP01,2025-05-07 21:45:00,29.301,70.707,1001.441
AWS_AP01,2025-05-09 15:00:00,36.827,57.153,997.167
AWS_AP01,2025-05-09 15:15:00,36.74,57.766,997.321
AWS_AP01,2025-05-09 15:30:00,36.748,55.997,997.434
AWS_AP01,2025-05-09 15:45:00,36.813,59.985,998.105
AWS_AP01,2025-05-09 16:00:00,37.098,58.812,997.649
AWS_AP01,2025-05-09 16:15:00,35.792,56.725,997.668
AWS_AP01,2025-05-09 16:30:00,36.385,59.605,997.811
AWS_AP01,2025-05-09 16:45:00,35.323,58.357,997.455
AWS_AP01,2025-05-09 17:00:00,36.259,57.948,997.707
AWS_AP01,2025-05-09 17:15:00,36.001,57.691,997.273
AWS_AP01,2025-05-09 17:30:00,35.519,61.067,997.027
AWS_AP01,2025-05-09 17:45:00,34.716,63.71,998.414
AWS_AP01,2025-05-09 18:00:00,35.334,62.61,997.963
AWS_AP01,2025-05-09 18:15:00,35.214,61.183,998.233
AWS_AP01,2025-05-09 18:30:00,34.926,59.083,998.838
AWS_AP01,2025-05-09 18:45:00,34.545,60.46,999.196
AWS_AP01,2025-05-09 19:00:00,34.24,58.675,998.694
AWS_AP01,2025-05-09 19:15:00,34.263,66.837,999.702
AWS_AP01,2025-05-09 19:30:00,33.8,64.978,999.438
AWS_AP01,2025-05-09 19:45:00,34.038,65.791,999.918
AWS_AP01,2025-05-09 20:00:00,33.521,64.542,999.166
AWS_AP01,2025-05-09 20:15:00,32.772,62.517,1000.123
AWS_AP01,2025-05-09 20:30:00,33.085,67.838,1001.087
AWS_AP01,2025-05-09 20:45:00,32.895,69.295,1000.393
AWS_AP01,2025-05-09 21:00:00,32.995,69.628,1000.228
AWS_AP01,2025-05-09 21:15:00,32.526,69.213,1000.194
AWS_AP01,2025-05-09 21:30:00,31.718,68.971,1000.156
AWS_AP01,2025-05-09 21:45:00,32.157,69.599,1000.199
AWS_AP01,2025-05-09 22:00:00,31.058,66.648,999.973
AWS_AP01,2025-05-09 22:15:00,31.232,71.675,999.545
AWS_AP01,2025-05-09 22:30:00,31.205,68.926,999.638
AWS_AP01,2025-05-09 22:45:00,31.178,73.296,999.979
AWS_AP01,2025-05-09 23:00:00,31.076,72.58,999.444
AWS_AP01,2025-05-09 23:15:00,30.67,76.301,999.351
AWS_AP01,2025-05-09 23:30:00,30.033,77.235,999.468
AWS_AP01,2025-05-09 23:45:00,30.046,77.652,999.736
AWS_AP01,2025-05-10 00:00:00,27.421,74.171,999.91
AWS_AP01,2025-05-10 00:15:00,26.962,73.713,1000.539
AWS_AP01,2025-05-10 00:30:00,26.974,75.981,1000.39
AWS_AP01,2025-05-10 00:45:00,27.395,73.098,1000.329
AWS_AP01,2025-05-10 01:00:00,26.912,76.452,999.385
AWS_AP01,2025-05-10 01:15:00,27.212,77.327,999.688
AWS_AP01,2025-05-10 01:30:00,26.162,76.704,999.032
AWS_AP01,2025-05-10 01:45:00,26.28,78.968,998.606
AWS_AP01,2025-05-10 02:00:00,26.443,79.915,998.856
AWS_AP01,2025-05-10 02:15:00,26.481,79.792,999.027
AWS_AP01,2025-05-10 02:30:00,26.181,74.902,998.656
AWS_AP01,2025-05-10 02:45:00,26.431,76.715,998.165
AWS_AP01,2025-05-10 03:00:00,26.42,78.248,998.342
AWS_AP01,2025-05-10 03:15:00,25.774,81.646,998.171
AWS_AP01,2025-05-10 03:30:00,26.442,75.069,998.151
AWS_AP01,2025-05-10 03:45:00,26.581,75.195,997.666
AWS_AP01,2025-05-10 04:00:00,26.407,78.315,997.106
AWS_AP01,2025-05-10 04:15:00,25.842,76.297,998.931
AWS_AP01,2025-05-10 04:30:00,26.403,78.456,997.989
AWS_AP01,2025-05-10 04:45:00,26.726,78.95,998.828
AWS_AP01,2025-05-10 05:00:00,26.458,78.484,998.338
AWS_AP01,2025-05-10 05:15:00,27.131,79.667,998.519
AWS_AP01,2025-05-10 05:30:00,27.227,77.586,998.66
AWS_AP01,2025-05-10 05:45:00,27.215,75.439,998.598
AWS_AP01,2025-05-10 06:00:00,27.359,74.179,998.54
AWS_AP01,2025-05-10 06:15:00,27.602,73.42,998.727
AWS_AP01,2025-05-10 06:30:00,27.746,75.654,999.89
AWS_AP01,2025-05-10 06:45:00,27.574,72.219,999.734
AWS_AP01,2025-05-10 07:00:00,28.053,72.268,998.977
AWS_AP01,2025-05-10 07:15:00,28.434,70.643,999.204
AWS_AP01,2025-05-10 07:30:00,29.077,68.427,999.68
AWS_AP01,2025-05-10 07:45:00,29.104,73.186,999.986
AWS_AP01,2025-05-10 08:00:00,29.588,71.606,1000.176
AWS_AP01,2025-05-10 08:15:00,28.98,67.407,1000.592
AWS_AP01,2025-05-10 08:30:00,29.553,65.717,999.942
AWS_AP01,2025-05-10 08:45:00,30.542,66.621,1000.735
AWS_AP01,2025-05-10 09:00:00,29.959,63.927,999.771
AWS_AP01,2025-05-10 09:15:00,30.215,62.503,1000.041
AWS_AP01,2025-05-10 09:30:00,30.622,61.117,1001.147
AWS_AP01,2025-05-10 09:45:00,31.568,64.377,1000.28
AWS_AP01,2025-05-10 10:00:00,31.016,59.402,1001.255
AWS_AP01,2025-05-10 10:15:00,31.635,65.26,1000.488
AWS_AP01,2025-05-10 10:30:00,31.83,61.093,1000.407
AWS_AP01,2025-05-10 10:45:00,31.372,58.149,1000.62
AWS_AP01,2025-05-10 11:00:00,32.177,59.226,1000.072
AWS_AP01,2025-05-10 11:15:00,32.238,57.306,1001.161
AWS_AP01,2025-05-10 11:30:00,32.82,57.97,999.932
AWS_AP01,2025-05-10 11:45:00,33.341,55.221,1000.84
AWS_AP01,2025-05-10 12:00:00,32.907,56.02,1000.048
AWS_AP01,2025-05-10 12:15:00,33.086,60.447,999.457
AWS_AP01,2025-05-10 12:30:00,34.111,56.442,999.632
AWS_AP01,2025-05-10 12:45:00,33.294,53.904,999.678
AWS_AP01,2025-05-10 13:00:00,33.243,57.133,999.323
AWS_AP01,2025-05-10 13:15:00,34.183,58.554,999.501
AWS_AP01,2025-05-10 13:30:00,33.862,54.782,999.463
AWS_AP01,2025-05-10 13:45:00,34.055,53.418,998.695
AWS_AP01,2025-05-10 14:00:00,34.715,54.513,998.23
AWS_AP01,2025-05-10 14:15:00,33.684,54.588,998.138
AWS_AP01,2025-05-10 14:30:00,34.089,57.281,998.913
AWS_AP01,2025-05-10 14:45:00,33.802,55.259,999.225
AWS_AP01,2025-05-10 15:00:00,52.324,52.529,998.502
AWS_AP01,2025-05-13 03:00:00,27.48,77.653,998.495
AWS_AP01,2025-05-13 03:15:00,27.673,79.718,997.905
AWS_AP01,2025-05-16 09:30:00,31.323,66.55,999.261
AWS_AP01,2025-05-16 09:45:00,31.801,65.649,999.417
AWS_AP01,2025-05-17 00:45:00,26.926,78.664,998.275
AWS_AP01,2025-05-17 01:00:00,26.783,82.06,998.6
AWS_AP01,2025-05-18 17:00:00,34.837,56.792,996.291
AWS_AP01,2025-05-18 17:15:00,34.564,58.837,997.342
AWS_AP01,2025-05-21 13:30:00,34.097,59.102,997.204
AWS_AP01,2025-05-21 13:45:00,33.162,63.677,997.19
AWS_AP01,2025-05-31 15:00:00,34.481,60.99,996.658
AWS_AP01,2025-05-31 15:15:00,33.866,62.056,997.327
AWS_AP01,2025-05-31 23:00:00,30.533,79.701,998.529
AWS_AP01,2025-05-31 23:15:00,30.533,76.133,998.954
AWS_AP01,2025-06-19 10:45:00,31.447,73.325,998.372
AWS_AP01,2025-06-19 11:00:00,31.223,70.264,998.036
AWS_AP01,2025-06-22 11:00:00,30.304,70.922,996.821
AWS_AP01,2025-06-22 11:15:00,30.334,69.13,996.542
AWS_AP01,2025-06-23 01:45:00,24.705,88.84,995.624
AWS_AP01,2025-06-23 02:00:00,24.822,90.716,996.876
AWS_AP01,2025-06-25 12:00:00,31.036,70.907,997.465
AWS_AP01,2025-06-25 12:15:00,30.948,66.16,997.598
AWS_AP01,2025-06-25 12:30:00,31.757,68.503,996.732
AWS_AP01,2025-06-25 12:45:00,31.861,63.515,996.751
AWS_AP01,2025-06-25 13:00:00,31.918,68.152,996.223
AWS_AP01,2025-06-25 13:15:00,31.757,64.315,996.532
AWS_AP01,2025-06-25 13:30:00,32.091,63.025,996.267
AWS_AP01,2025-06-25 13:45:00,31.696,69.673,995.952
AWS_AP01,2025-06-25 14:00:00,32.072,65.482,996.032
AWS_AP01,2025-06-25 14:15:00,32.04,68.118,996.005
AWS_AP01,2025-06-25 14:30:00,32.172,67.643,995.489
AWS_AP01,2025-06-25 14:45:00,31.569,65.942,995.152
AWS_AP01,2025-06-25 15:00:00,32.681,63.743,995.782
AWS_AP01,2025-06-25 15:15:00,32.598,65.072,995.383
AWS_AP01,2025-06-25 15:30:00,31.746,63.264,995.709
AWS_AP01,2025-06-25 15:45:00,32.229,65.266,995.891
AWS_AP01,2025-06-25 16:00:00,31.56,67.737,996.161
AWS_AP01,2025-06-25 16:15:00,31.968,68.594,995.797
AWS_AP01,2025-06-25 16:30:00,31.207,68.563,995.786
AWS_AP01,2025-06-25 16:45:00,31.688,64.956,995.076
AWS_AP01,2025-06-25 17:00:00,31.526,68.026,996.25
AWS_AP01,2025-06-25 17:15:00,31.904,68.933,995.592
AWS_AP01,2025-06-25 17:30:00,31.931,66.146,996.54
AWS_AP01,2025-06-25 17:45:00,31.799,67.456,995.936
AWS_AP01,2025-06-25 18:00:00,31.49,68.978,996.474
AWS_AP01,2025-06-25 18:15:00,31.007,74.049,996.47
AWS_AP01,2025-06-25 18:30:00,30.93,69.185,995.683
AWS_AP01,2025-06-25 18:45:00,30.751,72.178,996.789
AWS_AP01,2025-06-25 19:00:00,30.097,72.177,996.972
AWS_AP01,2025-06-25 19:15:00,30.602,72.883,996.777
AWS_AP01,2025-06-25 19:30:00,30.266,74.798,997.386
AWS_AP01,2025-06-25 19:45:00,30.075,73.532,997.45
AWS_AP01,2025-06-25 20:00:00,28.961,71.699,997.55
AWS_AP01,2025-06-25 20:15:00,29.569,74.661,997.523
AWS_AP01,2025-06-25 20:30:00,29.519,74.079,997.873
AWS_AP01,2025-06-25 20:45:00,28.995,79.614,997.994
AWS_AP01,2025-06-25 21:00:00,28.631,76.086,998.314
AWS_AP01,2025-06-25 21:15:00,28.154,82.076,998.5
AWS_AP01,2025-06-25 21:30:00,27.915,80.581,998.363
AWS_AP01,2025-06-25 21:45:00,28.176,81.126,998.446
AWS_AP01,2025-06-25 22:00:00,27.847,84.57,998.431
AWS_AP01,2025-06-25 22:15:00,27.634,78.671,998.406
AWS_AP01,2025-06-25 22:30:00,27.962,80.96,998.386
AWS_AP01,2025-06-25 22:45:00,26.928,83.743,998.346
AWS_AP01,2025-06-25 23:00:00,27.008,88.237,997.871
AWS_AP01,2025-06-25 23:15:00,27.435,84.238,998.525
AWS_AP01,2025-06-25 23:30:00,26.655,84.565,997.946
AWS_AP01,2025-06-25 23:45:00,26.6,86.053,997.398
AWS_AP01,2025-06-26 00:00:00,27.331,91.718,997.521
AWS_AP01,2025-06-26 00:15:00,27.447,91.284,997.673
AWS_AP01,2025-06-26 00:30:00,26.48,90.91,997.284
AWS_AP01,2025-06-26 00:45:00,26.909,94.025,997.419
AWS_AP01,2025-06-26 01:00:00,26.872,93.868,996.558
AWS_AP01,2025-06-26 01:15:00,26.454,92.952,997.33
AWS_AP01,2025-06-26 01:30:00,26.766,91.124,996.818
AWS_AP01,2025-06-26 01:45:00,26.823,93.914,996.196
AWS_AP01,2025-06-26 02:00:00,26.659,91.551,996.506
AWS_AP01,2025-06-26 02:15:00,27.008,90.925,996.063
AWS_AP01,2025-06-26 02:30:00,26.309,95.154,996.593
AWS_AP01,2025-06-26 02:45:00,26.567,90.173,995.995
AWS_AP01,2025-06-26 03:00:00,26.553,91.518,995.581
AWS_AP01,2025-06-26 03:15:00,26.347,93.657,995.298
AWS_AP01,2025-06-26 03:30:00,26.779,91.717,995.415
AWS_AP01,2025-06-26 03:45:00,26.561,96.497,995.743
AWS_AP01,2025-06-26 04:00:00,26.163,94.419,995.83
AWS_AP01,2025-06-26 04:15:00,26.812,90.262,995.158
AWS_AP01,2025-06-26 04:30:00,26.513,94.783,995.705
AWS_AP01,2025-06-26 04:45:00,26.656,93.247,995.879
AWS_AP01,2025-06-26 05:00:00,26.781,87.5,996.539
AWS_AP01,2025-06-26 05:15:00,27.191,93.974,996.153
AWS_AP01,2025-06-26 05:30:00,27.421,91.448,995.344
AWS_AP01,2025-06-26 05:45:00,27.187,92.033,995.936
AWS_AP01,2025-06-26 06:00:00,27.318,90.686,997.038
AWS_AP01,2025-06-26 06:15:00,26.928,89.234,995.929
AWS_AP01,2025-06-26 06:30:00,27.497,91.556,996.205
AWS_AP01,2025-06-26 06:45:00,27.603,89.051,996.387
AWS_AP01,2025-06-26 07:00:00,28.165,89.686,997.034
AWS_AP01,2025-06-26 07:15:00,28.231,89.181,996.431
AWS_AP01,2025-06-26 07:30:00,28.189,86.48,997.142
AWS_AP01,2025-06-26 07:45:00,28.711,86.717,997.647
AWS_AP01,2025-06-26 08:00:00,28.853,86.054,998.233
AWS_AP01,2025-06-26 08:15:00,28.323,82.803,997.989
AWS_AP01,2025-06-26 08:30:00,29.632,87.567,997.611
AWS_AP01,2025-06-26 08:45:00,29.819,84.022,997.765
AWS_AP01,2025-06-26 09:00:00,29.662,81.87,998.869
AWS_AP01,2025-06-26 09:15:00,30.056,85.584,997.703
AWS_AP01,2025-06-26 09:30:00,30.069,78.155,998.023
AWS_AP01,2025-06-26 09:45:00,29.9,77.851,998.442
AWS_AP01,2025-06-26 10:00:00,31.242,79.913,997.84
AWS_AP01,2025-06-26 10:15:00,31.026,76.864,998.949
AWS_AP01,2025-06-26 10:30:00,31.287,79.067,998.43
AWS_AP01,2025-06-26 10:45:00,31.117,76.472,998.254
AWS_AP01,2025-06-26 11:00:00,31.732,74.218,998.414
AWS_AP01,2025-06-26 11:15:00,31.168,74.385,998.563
AWS_AP01,2025-06-26 11:30:00,31.682,74.676,997.795
AWS_AP01,2025-06-26 11:45:00,32.146,70.858,998.156
AWS_AP01,2025-06-26 12:00:00,31.894,74.029,1007.184
AWS_AP01,2025-06-27 00:45:00,24.788,86.009,996.602
AWS_AP01,2025-06-27 01:00:00,24.969,86.665,996.021
AWS_AP01,2025-07-04 06:30:00,26.416,87.945,997.253
AWS_AP01,2025-07-04 06:45:00,26.818,88.092,997.521
AWS_AP01,2025-07-10 05:45:00,25.331,87.326,995.73
AWS_AP01,2025-07-10 06:00:00,26.388,88.14,996.597
AWS_AP01,2025-07-10 14:30:00,31.277,69.855,996.379
AWS_AP01,2025-07-10 14:45:00,31.668,66.096,995.551
AWS_AP01,2025-07-15 03:15:00,24.688,100.0,995.66
AWS_AP01,2025-07-15 03:30:00,25.125,100.0,995.256
AWS_AP01,2025-07-15 11:45:00,29.963,76.145,997.588
AWS_AP01,2025-07-15 12:00:00,30.102,73.164,997.64
AWS_AP01,2025-07-21 23:15:00,25.704,91.031,999.568
AWS_AP01,2025-07-21 23:30:00,26.149,90.629,999.123
AWS_AP01,2025-07-22 08:00:00,25.576,87.752,998.41
AWS_AP01,2025-07-22 08:15:00,25.441,88.846,998.097
AWS_AP01,2025-08-12 04:15:00,24.621,95.296,997.828
AWS_AP01,2025-08-12 04:30:00,25.107,96.904,997.684
AWS_AP01,2025-08-12 20:45:00,27.63,85.832,1000.015
AWS_AP01,2025-08-12 21:00:00,27.394,85.569,1000.402
AWS_AP01,2025-08-15 10:30:00,29.177,76.545,999.515
AWS_AP01,2025-08-15 10:45:00,29.455,78.316,999.859
AWS_AP01,2025-09-20 00:15:00,25.206,87.327,1000.984
AWS_AP01,2025-09-20 00:30:00,24.633,87.641,1000.129
AWS_AP01,2025-10-04 10:30:00,28.791,74.79,1002.624
AWS_AP01,2025-10-04 10:45:00,29.159,72.83,1002.848
AWS_AP01,2025-10-06 22:30:00,26.492,82.797,1003.879
AWS_AP01,2025-10-06 22:45:00,26.749,85.092,1003.917
AWS_AP01,2025-10-10 19:45:00,27.972,75.858,1002.585
AWS_AP01,2025-10-10 20:00:00,27.326,74.442,1001.564
AWS_AP01,2025-10-17 17:15:00,29.669,66.237,1002.696
AWS_AP01,2025-10-17 17:30:00,29.009,67.632,1001.693
AWS_AP01,2025-10-23 13:00:00,28.153,64.548,1002.461
AWS_AP01,2025-10-23 13:15:00,28.668,61.614,1002.83
AWS_AP01,2025-10-26 21:00:00,25.267,70.554,1003.574
AWS_AP01,2025-10-26 21:15:00,24.997,75.756,1004.355
AWS_AP01,2025-11-02 11:45:00,28.564,66.164,1003.73
AWS_AP01,2025-11-02 12:00:00,28.769,67.107,1002.944
AWS_AP01,2025-11-06 17:30:00,28.12,60.348,1003.703
AWS_AP01,2025-11-06 17:45:00,28.499,65.305,1003.737
AWS_AP01,2025-11-10 03:00:00,21.604,86.673,1002.944
AWS_AP01,2025-11-10 03:15:00,21.643,86.156,1002.817
AWS_AP01,2025-12-03 02:00:00,20.465,85.032,1005.49
AWS_AP01,2025-12-03 02:15:00,19.948,88.005,1005.453
AWS_AP01,2025-12-21 01:15:00,19.654,83.82,1006.737
AWS_AP01,2025-12-21 01:30:00,19.669,85.387,1006.073
AWS_AP01,2025-12-23 17:45:00,24.704,60.313,1007.184
AWS_AP01,2025-12-23 18:00:00,24.358,62.812,1007.216
AWS_AP01,2025-12-24 22:30:00,22.145,75.627,1008.919
AWS_AP01,2025-12-24 22:45:00,21.486,77.039,1008.612
AWS_AP02,2025-01-14 13:30:00,27.546,61.144,1010.976
AWS_AP02,2025-01-14 13:45:00,27.875,60.192,1010.247
AWS_AP02,2025-01-15 02:30:00,21.599,75.44,1008.428
AWS_AP02,2025-01-15 02:45:00,21.043,82.009,1008.413
AWS_AP02,2025-01-17 15:45:00,27.935,57.118,1008.943
AWS_AP02,2025-01-17 16:00:00,28.569,55.485,1009.548
AWS_AP02,2025-01-20 05:00:00,20.673,81.478,1010.174
AWS_AP02,2025-01-20 05:15:00,21.027,76.519,1010.371
AWS_AP02,2025-01-24 02:30:00,19.47,82.172,1009.08
AWS_AP02,2025-01-24 02:45:00,19.819,81.858,1009.433
AWS_AP02,2025-01-26 00:00:00,21.478,77.248,1010.988
AWS_AP02,2025-01-26 00:15:00,21.189,75.93,1011.775
AWS_AP02,2025-01-26 00:30:00,20.786,80.728,1010.773
AWS_AP02,2025-01-26 00:45:00,20.459,76.446,1010.286
AWS_AP02,2025-01-26 01:00:00,21.098,80.061,1010.026
AWS_AP02,2025-01-26 01:15:00,19.726,77.637,1010.199
AWS_AP02,2025-01-26 01:30:00,20.095,84.038,1009.668
AWS_AP02,2025-01-26 01:45:00,19.629,82.536,1010.667
AWS_AP02,2025-01-26 02:00:00,20.007,80.691,1009.161
AWS_AP02,2025-01-26 02:15:00,20.017,81.317,1009.446
AWS_AP02,2025-01-26 02:30:00,19.672,77.691,1010.041
AWS_AP02,2025-01-26 02:45:00,19.668,81.604,1009.657
AWS_AP02,2025-01-26 03:00:00,19.433,77.824,1008.691
AWS_AP02,2025-01-26 03:15:00,19.974,79.861,1009.163
AWS_AP02,2025-01-26 03:30:00,19.725,79.584,1009.426
AWS_AP02,2025-01-26 03:45:00,20.036,78.308,1008.65
AWS_AP02,2025-01-26 04:00:00,19.814,80.635,1009.659
AWS_AP02,2025-01-26 04:15:00,20.125,81.545,1010.432
AWS_AP02,2025-01-26 04:30:00,20.369,82.159,1009.243
AWS_AP02,2025-01-26 04:45:00,20.403,79.609,1009.134
AWS_AP02,2025-01-26 05:00:00,20.452,81.41,1009.44
AWS_AP02,2025-01-26 05:15:00,20.501,76.672,1009.314
AWS_AP02,2025-01-26 05:30:00,20.835,78.799,1008.947
AWS_AP02,2025-01-26 05:45:00,20.684,78.931,1010.567
AWS_AP02,2025-01-26 06:00:00,20.993,79.121,1009.984
AWS_AP02,2025-01-26 06:15:00,21.355,77.818,1009.997
AWS_AP02,2025-01-26 06:30:00,21.923,75.545,1009.919
AWS_AP02,2025-01-26 06:45:00,21.5,70.568,1010.353
AWS_AP02,2025-01-26 07:00:00,21.65,73.372,1010.697
AWS_AP02,2025-01-26 07:15:00,22.242,72.422,1010.898
AWS_AP02,2025-01-26 07:30:00,22.767,74.491,1011.114
AWS_AP02,2025-01-26 07:45:00,22.904,72.404,1011.044
AWS_AP02,2025-01-26 08:00:00,22.928,74.972,1011.106
AWS_AP02,2025-01-26 08:15:00,23.555,69.007,1010.476
AWS_AP02,2025-01-26 08:30:00,22.914,70.36,1011.593
AWS_AP02,2025-01-26 08:45:00,24.032,68.139,1011.137
AWS_AP02,2025-01-26 09:00:00,23.907,69.437,1011.46
AWS_AP02,2025-01-26 09:15:00,24.464,65.669,1011.243
AWS_AP02,2025-01-26 09:30:00,24.849,68.803,1012.329
AWS_AP02,2025-01-26 09:45:00,24.874,65.003,1011.8
AWS_AP02,2025-01-26 10:00:00,25.103,68.972,1011.608
AWS_AP02,2025-01-26 10:15:00,25.225,66.276,1011.253
AWS_AP02,2025-01-26 10:30:00,26.106,63.183,1012.201
AWS_AP02,2025-01-26 10:45:00,25.95,64.987,1011.854
AWS_AP02,2025-01-26 11:00:00,26.155,65.976,1012.127
AWS_AP02,2025-01-26 11:15:00,26.773,60.268,1011.22
AWS_AP02,2025-01-26 11:30:00,26.391,64.711,1011.641
AWS_AP02,2025-01-26 11:45:00,26.678,63.766,1011.497
AWS_AP02,2025-01-26 12:00:00,27.233,55.798,1010.74
AWS_AP02,2025-01-26 12:15:00,27.671,60.651,1011.481
AWS_AP02,2025-01-26 12:30:00,27.325,57.201,1010.303
AWS_AP02,2025-01-26 12:45:00,27.587,62.168,1010.655
AWS_AP02,2025-01-26 13:00:00,27.139,56.662,1009.831
AWS_AP02,2025-01-26 13:15:00,28.129,57.662,1010.55
AWS_AP02,2025-01-26 13:30:00,27.532,57.385,1010.848
AWS_AP02,2025-01-26 13:45:00,27.791,57.372,1010.041
AWS_AP02,2025-01-26 14:00:00,28.088,55.641,1009.79
AWS_AP02,2025-01-26 14:15:00,27.899,59.834,1009.457
AWS_AP02,2025-01-26 14:30:00,27.557,60.148,1009.959
AWS_AP02,2025-01-26 14:45:00,27.795,54.209,1009.6
AWS_AP02,2025-01-26 15:00:00,28.204,56.324,1008.742
AWS_AP02,2025-01-26 15:15:00,28.614,55.49,1009.767
AWS_AP02,2025-01-26 15:30:00,28.563,59.262,1008.912
AWS_AP02,2025-01-26 15:45:00,28.209,56.293,1009.268
AWS_AP02,2025-01-26 16:00:00,28.079,58.299,1008.467
AWS_AP02,2025-01-26 16:15:00,28.192,55.609,1009.161
AWS_AP02,2025-01-26 16:30:00,28.254,57.529,1008.321
AWS_AP02,2025-01-26 16:45:00,27.779,53.991,1010.423
AWS_AP02,2025-01-26 17:00:00,27.661,60.65,1009.746
AWS_AP02,2025-01-26 17:15:00,27.532,61.598,1009.267
AWS_AP02,2025-01-26 17:30:00,27.615,60.024,1009.453
AWS_AP02,2025-01-26 17:45:00,26.728,57.898,1009.67
AWS_AP02,2025-01-26 18:00:00,26.957,61.638,1009.858
AWS_AP02,2025-01-26 18:15:00,26.873,58.262,1010.297
AWS_AP02,2025-01-26 18:30:00,25.974,62.71,1009.707
AWS_AP02,2025-01-26 18:45:00,26.595,62.607,1010.777
AWS_AP02,2025-01-26 19:00:00,26.411,59.147,1010.125
AWS_AP02,2025-01-26 19:15:00,25.263,69.418,1010.972
AWS_AP02,2025-01-26 19:30:00,25.474,63.203,1010.74
AWS_AP02,2025-01-26 19:45:00,25.229,63.272,1011.122
AWS_AP02,2025-01-26 20:00:00,24.815,65.061,1011.465
AWS_AP02,2025-01-26 20:15:00,24.59,63.725,1011.22
AWS_AP02,2025-01-26 20:30:00,24.39,65.427,1011.721
AWS_AP02,2025-01-26 20:45:00,24.458,66.667,1012.171
AWS_AP02,2025-01-26 21:00:00,24.376,66.654,1011.105
AWS_AP02,2025-01-26 21:15:00,23.894,69.8,1011.406
AWS_AP02,2025-01-26 21:30:00,23.183,71.1,1011.623
AWS_AP02,2025-01-26 21:45:00,23.425,66.428,1011.6
AWS_AP02,2025-01-26 22:00:00,23.103,71.435,1011.883
AWS_AP02,2025-01-26 22:15:00,21.781,73.745,1012.149
AWS_AP02,2025-01-26 22:30:00,22.777,70.386,1012.148
AWS_AP02,2025-01-26 22:45:00,22.196,74.787,1012.216
AWS_AP02,2025-01-26 23:00:00,21.967,72.258,1012.059
AWS_AP02,2025-01-26 23:15:00,21.161,74.37,1011.207
AWS_AP02,2025-01-26 23:30:00,21.946,78.024,1011.888
AWS_AP02,2025-01-26 23:45:00,21.352,75.646,1011.818
AWS_AP02,2025-01-27 00:00:00,17.068,86.637,1010.6
AWS_AP02,2025-01-27 00:15:00,16.251,84.586,1011.077
AWS_AP02,2025-01-27 00:30:00,16.627,85.302,1010.613
AWS_AP02,2025-02-01 08:45:00,23.897,69.687,1008.998
AWS_AP02,2025-02-01 09:00:00,24.2,68.577,1009.406
AWS_AP02,2025-02-08 18:00:00,27.813,58.95,1010.501
AWS_AP02,2025-02-08 18:15:00,27.568,57.05,1010.974
AWS_AP02,2025-02-14 14:15:00,30.734,55.448,1008.927
AWS_AP02,2025-02-14 14:30:00,31.557,56.613,1008.301
AWS_AP02,2025-02-25 11:30:00,28.618,60.742,1009.022
AWS_AP02,2025-02-25 11:45:00,29.261,61.659,1009.501
AWS_AP02,2025-02-25 20:15:00,27.351,65.289,1008.876
AWS_AP02,2025-02-25 20:30:00,27.022,62.025,1009.741
AWS_AP02,2025-03-06 12:30:00,28.875,59.044,1009.341
AWS_AP02,2025-03-06 12:45:00,28.722,56.803,1009.294
AWS_AP02,2025-03-08 11:30:00,29.736,59.057,1009.877
AWS_AP02,2025-03-08 11:45:00,30.229,60.79,1009.242
AWS_AP02,2025-03-10 03:15:00,29.465,66.64,1005.878
AWS_AP02,2025-03-10 03:30:00,29.198,62.179,1006.173
AWS_AP02,2025-03-11 12:15:00,35.969,48.726,1007.73
AWS_AP02,2025-03-11 12:30:00,36.099,50.415,1007.295
AWS_AP02,2025-03-13 15:00:00,36.648,45.415,1006.333
AWS_AP02,2025-03-13 15:15:00,36.551,47.803,1006.096
AWS_AP02,2025-03-13 15:30:00,36.604,48.373,1006.167
AWS_AP02,2025-03-13 15:45:00,36.717,41.974,1006.55
AWS_AP02,2025-03-13 16:00:00,36.144,47.211,1006.365
AWS_AP02,2025-03-13 16:15:00,36.229,49.761,1006.51
AWS_AP02,2025-03-13 16:30:00,36.475,46.665,1007.052
AWS_AP02,2025-03-13 16:45:00,36.244,50.065,1006.671
AWS_AP02,2025-03-13 17:00:00,36.379,47.729,1006.328
AWS_AP02,2025-03-13 17:15:00,36.133,47.501,1006.222
AWS_AP02,2025-03-13 17:30:00,35.521,51.78,1006.635
AWS_AP02,2025-03-13 17:45:00,34.583,51.243,1007.622
AWS_AP02,2025-03-13 18:00:00,35.465,51.765,1007.09
AWS_AP02,2025-03-13 18:15:00,34.897,50.072,1007.154
AWS_AP02,2025-03-13 18:30:00,35.158,51.923,1007.422
AWS_AP02,2025-03-13 18:45:00,35.267,52.354,1007.478
AWS_AP02,2025-03-13 19:00:00,34.256,53.025,1007.516
AWS_AP02,2025-03-13 19:15:00,34.525,54.989,1008.733
AWS_AP02,2025-03-13 19:30:00,34.351,54.16,1008.316
AWS_AP02,2025-03-13 19:45:00,33.945,55.267,1007.245
AWS_AP02,2025-03-13 20:00:00,33.686,53.537,1008.574
AWS_AP02,2025-03-13 20:15:00,32.707,53.044,1008.394
AWS_AP02,2025-03-13 20:30:00,33.088,58.375,1007.513
AWS_AP02,2025-03-13 20:45:00,32.802,57.701,1008.965
AWS_AP02,2025-03-13 21:00:00,32.855,60.273,1009.03
AWS_AP02,2025-03-13 21:15:00,32.563,60.923,1008.555
AWS_AP02,2025-03-13 21:30:00,31.858,60.699,1008.657
AWS_AP02,2025-03-13 21:45:00,31.18,61.492,1008.785
AWS_AP02,2025-03-13 22:00:00,31.013,59.541,1008.61
AWS_AP02,2025-03-13 22:15:00,31.661,60.021,1009.364
AWS_AP02,2025-03-13 22:30:00,30.967,63.94,1008.788
AWS_AP02,2025-03-13 22:45:00,30.315,62.834,1008.312
AWS_AP02,2025-03-13 23:00:00,30.118,66.918,1008.802
AWS_AP02,2025-03-13 23:15:00,30.359,66.485,1007.977
AWS_AP02,2025-03-13 23:30:00,30.111,68.27,1009.283
AWS_AP02,2025-03-13 23:45:00,30.366,64.23,1008.402
AWS_AP02,2025-03-14 00:00:00,29.143,60.783,1007.677
AWS_AP02,2025-03-14 00:15:00,29.103,65.027,1006.431
AWS_AP02,2025-03-14 00:30:00,28.807,61.733,1007.343
AWS_AP02,2025-03-14 00:45:00,28.911,64.447,1006.949
AWS_AP02,2025-03-14 01:00:00,29.054,65.825,1007.323
AWS_AP02,2025-03-14 01:15:00,28.685,68.708,1007.029
AWS_AP02,2025-03-14 01:30:00,28.884,66.394,1006.327
AWS_AP02,2025-03-14 01:45:00,28.362,70.128,1006.236
AWS_AP02,2025-03-14 02:00:00,27.648,68.38,1006.83
AWS_AP02,2025-03-14 02:15:00,27.816,69.493,1005.65
AWS_AP02,2025-03-14 02:30:00,28.267,68.023,1005.331
AWS_AP02,2025-03-14 02:45:00,27.922,69.446,1005.351
AWS_AP02,2025-03-14 03:00:00,27.987,70.093,1006.011
AWS_AP02,2025-03-14 03:15:00,27.752,66.638,1005.693
AWS_AP02,2025-03-14 03:30:00,28.454,67.737,1005.763
AWS_AP02,2025-03-14 03:45:00,28.523,67.901,1004.99
AWS_AP02,2025-03-14 04:00:00,28.055,67.898,1005.836
AWS_AP02,2025-03-14 04:15:00,28.134,66.027,1005.359
AWS_AP02,2025-03-14 04:30:00,28.676,67.495,1005.666
AWS_AP02,2025-03-14 04:45:00,28.716,66.564,1005.407
AWS_AP02,2025-03-14 05:00:00,28.037,63.343,1006.355
AWS_AP02,2025-03-14 05:15:00,28.87,68.081,1005.239
AWS_AP02,2025-03-14 05:30:00,28.968,64.945,1006.495
AWS_AP02,2025-03-14 05:45:00,29.043,66.954,1006.003
AWS_AP02,2025-03-14 06:00:00,28.904,63.403,1006.249
AWS_AP02,2025-03-14 06:15:00,29.103,60.19,1006.049
AWS_AP02,2025-03-14 06:30:00,28.634,61.362,1006.358
AWS_AP02,2025-03-14 06:45:00,29.582,60.244,1007.022
AWS_AP02,2025-03-14 07:00:00,29.411,56.126,1006.468
AWS_AP02,2025-03-14 07:15:00,30.073,58.837,1007.353
AWS_AP02,2025-03-14 07:30:00,30.596,59.348,1007.207
AWS_AP02,2025-03-14 07:45:00,30.373,57.805,1006.916
AWS_AP02,2025-03-14 08:00:00,31.375,59.39,1007.311
AWS_AP02,2025-03-14 08:15:00,31.819,55.735,1006.907
AWS_AP02,2025-03-14 08:30:00,31.564,56.817,1007.407
AWS_AP02,2025-03-14 08:45:00,31.938,58.247,1008.079
AWS_AP02,2025-03-14 09:00:00,31.534,53.927,1008.558
AWS_AP02,2025-03-14 09:15:00,32.338,53.668,1008.088
AWS_AP02,2025-03-14 09:30:00,32.124,52.517,1008.573
AWS_AP02,2025-03-14 09:45:00,32.289,53.002,1008.775
AWS_AP02,2025-03-14 10:00:00,32.683,53.605,1008.19
AWS_AP02,2025-03-14 10:15:00,33.269,51.808,1007.025
AWS_AP02,2025-03-14 10:30:00,33.551,52.069,1007.941
AWS_AP02,2025-03-14 10:45:00,33.781,50.881,1008.424
AWS_AP02,2025-03-14 11:00:00,33.687,49.389,1007.955
AWS_AP02,2025-03-14 11:15:00,34.292,48.683,1007.552
AWS_AP02,2025-03-14 11:30:00,34.266,45.872,1007.469
AWS_AP02,2025-03-14 11:45:00,34.717,48.849,1007.477
AWS_AP02,2025-03-14 12:00:00,34.801,47.609,1007.918
AWS_AP02,2025-03-14 12:15:00,34.511,44.457,1007.451
AWS_AP02,2025-03-14 12:30:00,35.015,48.169,1007.184
AWS_AP02,2025-03-14 12:45:00,35.536,49.923,1007.072
AWS_AP02,2025-03-14 13:00:00,35.764,43.505,1006.63
AWS_AP02,2025-03-14 13:15:00,35.267,47.442,1006.72
AWS_AP02,2025-03-14 13:30:00,35.516,47.296,1005.944
AWS_AP02,2025-03-14 13:45:00,35.704,41.688,1005.994
AWS_AP02,2025-03-14 14:00:00,36.267,44.803,1006.28
AWS_AP02,2025-03-14 14:15:00,36.116,43.807,1006.111
AWS_AP02,2025-03-14 14:30:00,35.634,46.557,1005.591
AWS_AP02,2025-03-14 14:45:00,36.192,46.719,1005.638
AWS_AP02,2025-03-14 15:00:00,36.433,45.485,1005.554
AWS_AP02,2025-03-28 06:00:00,26.341,77.37,1006.385
AWS_AP02,2025-03-28 06:15:00,26.625,76.628,1005.521
AWS_AP02,2025-04-01 12:00:00,32.608,54.403,1006.519
AWS_AP02,2025-04-01 12:15:00,32.739,51.019,1005.946
AWS_AP02,2025-04-03 09:15:00,29.922,61.318,1007.268
AWS_AP02,2025-04-03 09:30:00,29.891,59.86,1006.637
AWS_AP02,2025-04-16 02:30:00,28.823,67.618,1002.803
AWS_AP02,2025-04-16 02:45:00,29.55,67.259,1003.017
AWS_AP02,2025-04-21 13:00:00,34.02,49.229,1004.178
AWS_AP02,2025-04-21 13:15:00,34.24,54.913,1004.862
AWS_AP02,2025-04-22 02:00:00,25.289,76.056,1001.556
AWS_AP02,2025-04-22 02:15:00,25.203,74.965,1001.542
AWS_AP02,2025-05-07 17:45:00,33.463,60.587,1001.395
AWS_AP02,2025-05-07 18:00:00,32.882,56.548,1001.35
AWS_AP02,2025-05-07 21:30:00,29.75,67.12,1002.858
AWS_AP02,2025-05-07 21:45:00,29.728,64.973,1003.558
AWS_AP02,2025-05-10 14:45:00,35.022,56.304,1001.548
AWS_AP02,2025-05-10 15:00:00,34.758,58.266,1000.557
AWS_AP02,2025-05-13 03:00:00,26.445,85.21,1001.274
AWS_AP02,2025-05-13 03:15:00,25.968,85.552,1000.609
AWS_AP02,2025-05-16 09:30:00,30.684,66.773,1004.253
AWS_AP02,2025-05-16 09:45:00,30.131,67.288,1003.082
AWS_AP02,2025-05-17 00:45:00,28.397,75.206,1002.996
AWS_AP02,2025-05-17 01:00:00,28.727,77.308,1003.315
AWS_AP02,2025-05-18 17:00:00,34.268,58.229,1001.385
AWS_AP02,2025-05-18 17:15:00,34.476,56.591,1001.337
AWS_AP02,2025-05-21 13:30:00,33.924,56.678,1000.034
AWS_AP02,2025-05-21 13:45:00,33.938,57.81,999.903
AWS_AP02,2025-05-31 15:00:00,34.798,60.555,999.39
AWS_AP02,2025-05-31 15:15:00,34.708,61.667,998.623
AWS_AP02,2025-05-31 23:00:00,29.236,81.844,1001.743
AWS_AP02,2025-05-31 23:15:00,28.775,81.769,1001.54
AWS_AP02,2025-06-19 10:45:00,31.332,75.892,1001.923
AWS_AP02,2025-06-19 11:00:00,32.115,68.576,1002.125
AWS_AP02,2025-06-22 02:00:00,25.87,90.653,998.165
AWS_AP02,2025-06-22 02:15:00,25.959,93.246,998.435
AWS_AP02,2025-06-22 02:30:00,25.949,91.519,998.411
AWS_AP02,2025-06-22 02:45:00,25.47,88.666,998.061
AWS_AP02,2025-06-22 03:00:00,26.038,90.806,997.709
AWS_AP02,2025-06-22 03:15:00,26.17,91.892,997.463
AWS_AP02,2025-06-22 03:30:00,26.07,89.765,998.844
AWS_AP02,2025-06-22 03:45:00,26.675,92.839,998.521
AWS_AP02,2025-06-22 04:00:00,25.763,90.147,998.218
AWS_AP02,2025-06-22 04:15:00,25.577,90.478,998.215
AWS_AP02,2025-06-22 04:30:00,25.815,92.356,997.243
AWS_AP02,2025-06-22 04:45:00,26.289,90.066,997.395
AWS_AP02,2025-06-22 05:00:00,26.728,93.764,997.599
AWS_AP02,2025-06-22 05:15:00,26.538,88.103,997.64
AWS_AP02,2025-06-22 05:30:00,26.467,90.763,997.888
AWS_AP02,2025-06-22 05:45:00,27.204,87.259,998.929
AWS_AP02,2025-06-22 06:00:00,26.872,85.963,998.48
AWS_AP02,2025-06-22 06:15:00,26.657,84.521,998.615
AWS_AP02,2025-06-22 06:30:00,27.54,83.488,998.529
AWS_AP02,2025-06-22 06:45:00,27.614,84.496,999.493
AWS_AP02,2025-06-22 07:00:00,27.68,84.874,998.815
AWS_AP02,2025-06-22 07:15:00,28.29,81.279,999.546
AWS_AP02,2025-06-22 07:30:00,27.974,83.699,999.306
AWS_AP02,2025-06-22 07:45:00,28.297,83.071,999.86
AWS_AP02,2025-06-22 08:00:00,28.133,81.221,999.534
AWS_AP02,2025-06-22 08:15:00,28.43,80.901,1000.241
AWS_AP02,2025-06-22 08:30:00,28.718,80.427,1000.524
AWS_AP02,2025-06-22 08:45:00,29.288,80.387,1000.215
AWS_AP02,2025-06-22 09:00:00,29.099,80.757,999.974
AWS_AP02,2025-06-22 09:15:00,29.494,76.391,1000.142
AWS_AP02,2025-06-22 09:30:00,29.677,75.344,1001.125
AWS_AP02,2025-06-22 09:45:00,29.947,82.165,999.784
AWS_AP02,2025-06-22 10:00:00,29.949,76.856,999.964
AWS_AP02,2025-06-22 10:15:00,30.329,74.889,1000.703
AWS_AP02,2025-06-22 10:30:00,30.252,75.684,1000.641
AWS_AP02,2025-06-22 10:45:00,30.788,73.627,1000.118
AWS_AP02,2025-06-22 11:00:00,30.987,72.301,999.682
AWS_AP02,2025-06-22 11:15:00,31.205,69.912,999.344
AWS_AP02,2025-06-22 11:30:00,31.532,69.863,999.369
AWS_AP02,2025-06-22 11:45:00,32.078,71.353,999.739
AWS_AP02,2025-06-22 12:00:00,31.199,69.3,999.458
AWS_AP02,2025-06-22 12:15:00,31.737,71.414,998.77
AWS_AP02,2025-06-22 12:30:00,31.715,65.176,999.825
AWS_AP02,2025-06-22 12:45:00,32.212,69.127,999.292
AWS_AP02,2025-06-22 13:00:00,32.448,65.257,998.697
AWS_AP02,2025-06-22 13:15:00,31.976,67.568,998.837
AWS_AP02,2025-06-22 13:30:00,32.527,72.038,998.753
AWS_AP02,2025-06-22 13:45:00,32.769,68.243,998.595
AWS_AP02,2025-06-22 14:00:00,32.701,69.205,998.604
AWS_AP02,2025-06-22 14:15:00,32.523,65.934,998.065
AWS_AP02,2025-06-22 14:30:00,32.863,61.116,997.799
AWS_AP02,2025-06-22 14:45:00,32.605,64.999,998.277
AWS_AP02,2025-06-22 15:00:00,32.961,64.646,998.372
AWS_AP02,2025-06-22 15:15:00,32.788,66.115,998.183
AWS_AP02,2025-06-22 15:30:00,32.604,68.474,997.72
AWS_AP02,2025-06-22 15:45:00,32.247,68.171,997.721
AWS_AP02,2025-06-22 16:00:00,32.579,65.654,998.147
AWS_AP02,2025-06-22 16:15:00,32.188,67.457,997.808
AWS_AP02,2025-06-22 16:30:00,32.105,68.808,997.815
AWS_AP02,2025-06-22 16:45:00,32.235,72.055,997.385
AWS_AP02,2025-06-22 17:00:00,32.212,66.062,997.929
AWS_AP02,2025-06-22 17:15:00,31.76,67.827,998.143
AWS_AP02,2025-06-22 17:30:00,31.939,72.559,998.052
AWS_AP02,2025-06-22 17:45:00,31.777,69.499,998.306
AWS_AP02,2025-06-22 18:00:00,31.517,69.99,998.213
AWS_AP02,2025-06-22 18:15:00,31.458,72.371,998.093
AWS_AP02,2025-06-22 18:30:00,31.557,70.127,999.16
AWS_AP02,2025-06-22 18:45:00,31.067,67.578,1000.006
AWS_AP02,2025-06-22 19:00:00,31.17,70.41,999.365
AWS_AP02,2025-06-22 19:15:00,30.776,73.077,998.725
AWS_AP02,2025-06-22 19:30:00,30.904,72.01,999.602
AWS_AP02,2025-06-22 19:45:00,30.634,73.607,999.461
AWS_AP02,2025-06-22 20:00:00,30.115,77.099,1000.019
AWS_AP02,2025-06-22 20:15:00,29.758,74.898,1000.015
AWS_AP02,2025-06-22 20:30:00,29.89,78.285,1000.206
AWS_AP02,2025-06-22 20:45:00,29.366,75.866,1000.261
AWS_AP02,2025-06-22 21:00:00,28.832,77.539,999.416
AWS_AP02,2025-06-22 21:15:00,29.301,81.283,1000.734
AWS_AP02,2025-06-22 21:30:00,28.676,80.186,1000.12
AWS_AP02,2025-06-22 21:45:00,28.02,83.128,1000.674
AWS_AP02,2025-06-22 22:00:00,28.402,79.738,1000.342
AWS_AP02,2025-06-22 22:15:00,28.494,81.365,1000.825
AWS_AP02,2025-06-22 22:30:00,27.829,82.649,1001.072
AWS_AP02,2025-06-22 22:45:00,27.699,86.032,999.937
AWS_AP02,2025-06-22 23:00:00,27.758,83.815,1000.166
AWS_AP02,2025-06-22 23:15:00,27.284,84.228,1000.232
AWS_AP02,2025-06-22 23:30:00,27.209,84.453,1000.059
AWS_AP02,2025-06-22 23:45:00,27.337,87.402,999.544
AWS_AP02,2025-06-23 00:00:00,27.337,90.386,1002.005
AWS_AP02,2025-06-23 00:15:00,27.051,90.037,1000.776
AWS_AP02,2025-06-23 00:30:00,26.343,89.352,1000.978
AWS_AP02,2025-06-23 00:45:00,26.89,90.295,1000.211
AWS_AP02,2025-06-23 01:00:00,26.48,91.117,999.677
AWS_AP02,2025-06-23 01:15:00,26.641,87.545,1000.733
AWS_AP02,2025-06-23 01:30:00,25.948,88.472,999.52
AWS_AP02,2025-06-23 01:45:00,26.607,85.076,1000.1
AWS_AP02,2025-06-23 02:00:00,9.459,92.398,999.544
AWS_AP02,2025-06-26 11:45:00,29.792,68.761,1000.304
AWS_AP02,2025-06-26 12:00:00,29.971,73.233,1000.655
AWS_AP02,2025-06-27 00:45:00,27.542,92.713,998.963
AWS_AP02,2025-06-27 01:00:00,26.988,88.272,999.571
AWS_AP02,2025-07-04 06:30:00,26.137,89.252,1000.772
AWS_AP02,2025-07-04 06:45:00,25.844,94.204,999.734
AWS_AP02,2025-07-10 05:45:00,27.44,94.403,998.77
AWS_AP02,2025-07-10 06:00:00,28.441,90.258,999.642
AWS_AP02,2025-07-10 14:30:00,33.457,69.6,998.802
AWS_AP02,2025-07-10 14:45:00,33.023,73.366,999.665
AWS_AP02,2025-07-15 03:15:00,24.423,99.067,999.631
AWS_AP02,2025-07-15 03:30:00,24.53,96.955,999.734
AWS_AP02,2025-07-15 11:45:00,29.158,78.141,1001.798
AWS_AP02,2025-07-15 12:00:00,28.899,77.036,1001.738
AWS_AP02,2025-07-21 23:15:00,26.707,88.696,1000.506
AWS_AP02,2025-07-21 23:30:00,26.839,87.231,1001.351
AWS_AP02,2025-07-22 08:00:00,26.953,89.99,1002.587
AWS_AP02,2025-07-22 08:15:00,27.068,87.067,1002.92
AWS_AP02,2025-08-11 21:00:00,28.22,85.166,1002.244
AWS_AP02,2025-08-11 21:15:00,27.854,83.557,1002.855
AWS_AP02,2025-08-11 21:30:00,28.201,88.478,1002.811
AWS_AP02,2025-08-11 21:45:00,27.577,86.665,1002.691
AWS_AP02,2025-08-11 22:00:00,27.869,88.065,1003.35
AWS_AP02,2025-08-11 22:15:00,27.145,91.02,1002.375
AWS_AP02,2025-08-11 22:30:00,26.861,91.034,1002.411
AWS_AP02,2025-08-11 22:45:00,26.424,93.915,1002.627
AWS_AP02,2025-08-11 23:00:00,26.842,93.845,1003.132
AWS_AP02,2025-08-11 23:15:00,25.978,92.265,1002.571
AWS_AP02,2025-08-11 23:30:00,26.738,91.801,1002.458
AWS_AP02,2025-08-11 23:45:00,25.779,93.959,1002.331
AWS_AP02,2025-08-12 00:00:00,25.71,92.736,1001.775
AWS_AP02,2025-08-12 00:15:00,26.108,90.186,1001.413
AWS_AP02,2025-08-12 00:30:00,26.284,87.127,1001.655
AWS_AP02,2025-08-12 00:45:00,25.848,89.795,1000.308
AWS_AP02,2025-08-12 01:00:00,26.009,92.135,1001.541
AWS_AP02,2025-08-12 01:15:00,25.783,94.127,1001.181
AWS_AP02,2025-08-12 01:30:00,25.811,93.51,1000.797
AWS_AP02,2025-08-12 01:45:00,26.01,89.442,1000.663
AWS_AP02,2025-08-12 02:00:00,25.268,93.901,1000.326
AWS_AP02,2025-08-12 02:15:00,25.482,92.129,999.862
AWS_AP02,2025-08-12 02:30:00,24.818,92.683,1000.454
AWS_AP02,2025-08-12 02:45:00,25.795,91.957,1000.139
AWS_AP02,2025-08-12 03:00:00,25.276,95.737,1000.061
AWS_AP02,2025-08-12 03:15:00,25.401,91.447,1000.211
AWS_AP02,2025-08-12 03:30:00,25.306,94.58,1000.451
AWS_AP02,2025-08-12 03:45:00,25.232,93.451,999.939
AWS_AP02,2025-08-12 04:00:00,25.707,93.938,1000.095
AWS_AP02,2025-08-12 04:15:00,25.708,92.832,1000.137
AWS_AP02,2025-08-12 04:30:00,25.44,95.476,999.537
AWS_AP02,2025-08-12 04:45:00,26.208,91.738,1000.459
AWS_AP02,2025-08-12 05:00:00,26.036,93.553,999.842
AWS_AP02,2025-08-12 05:15:00,26.367,90.212,999.514
AWS_AP02,2025-08-12 05:30:00,25.438,91.414,1000.627
AWS_AP02,2025-08-12 05:45:00,25.934,88.077,1000.34
AWS_AP02,2025-08-12 06:00:00,26.549,90.31,1000.344
AWS_AP02,2025-08-12 06:15:00,26.033,89.246,1000.534
AWS_AP02,2025-08-12 06:30:00,26.428,88.331,1000.949
AWS_AP02,2025-08-12 06:45:00,26.404,84.899,1001.144
AWS_AP02,2025-08-12 07:00:00,26.999,85.994,1001.17
AWS_AP02,2025-08-12 07:15:00,26.951,88.249,1001.297
AWS_AP02,2025-08-12 07:30:00,26.929,87.325,1001.591
AWS_AP02,2025-08-12 07:45:00,27.937,82.127,1001.083
AWS_AP02,2025-08-12 08:00:00,27.8,81.428,1002.144
AWS_AP02,2025-08-12 08:15:00,27.985,84.826,1001.962
AWS_AP02,2025-08-12 08:30:00,28.05,83.242,1001.949
AWS_AP02,2025-08-12 08:45:00,28.442,81.186,1002.544
AWS_AP02,2025-08-12 09:00:00,28.549,78.549,1002.323
AWS_AP02,2025-08-12 09:15:00,28.033,80.374,1002.347
AWS_AP02,2025-08-12 09:30:00,29.361,83.194,1002.631
AWS_AP02,2025-08-12 09:45:00,29.506,77.405,1002.82
AWS_AP02,2025-08-12 10:00:00,29.035,79.871,1002.958
AWS_AP02,2025-08-12 10:15:00,28.861,76.198,1002.583
AWS_AP02,2025-08-12 10:30:00,29.218,73.159,1002.16
AWS_AP02,2025-08-12 10:45:00,29.407,72.869,1002.188
AWS_AP02,2025-08-12 11:00:00,29.987,75.484,1002.617
AWS_AP02,2025-08-12 11:15:00,29.942,77.243,1002.753
AWS_AP02,2025-08-12 11:30:00,30.041,70.584,1001.15
AWS_AP02,2025-08-12 11:45:00,30.565,70.678,1001.807
AWS_AP02,2025-08-12 12:00:00,30.487,68.772,1001.881
AWS_AP02,2025-08-12 12:15:00,30.943,72.836,1002.506
AWS_AP02,2025-08-12 12:30:00,30.765,67.533,1001.707
AWS_AP02,2025-08-12 12:45:00,31.404,70.158,1001.054
AWS_AP02,2025-08-12 13:00:00,31.673,70.642,1001.591
AWS_AP02,2025-08-12 13:15:00,31.165,67.946,1001.113
AWS_AP02,2025-08-12 13:30:00,31.08,73.492,1000.515
AWS_AP02,2025-08-12 13:45:00,31.225,69.778,1000.442
AWS_AP02,2025-08-12 14:00:00,31.619,68.815,1000.464
AWS_AP02,2025-08-12 14:15:00,31.608,68.499,999.762
AWS_AP02,2025-08-12 14:30:00,30.806,69.46,1000.55
AWS_AP02,2025-08-12 14:45:00,31.564,71.949,1000.172
AWS_AP02,2025-08-12 15:00:00,31.287,67.58,999.642
AWS_AP02,2025-08-12 15:15:00,31.48,70.14,1000.28
AWS_AP02,2025-08-12 15:30:00,31.377,67.266,1000.17
AWS_AP02,2025-08-12 15:45:00,31.226,70.452,999.199
AWS_AP02,2025-08-12 16:00:00,30.801,69.825,999.687
AWS_AP02,2025-08-12 16:15:00,30.768,70.269,1000.218
AWS_AP02,2025-08-12 16:30:00,31.091,69.573,1000.343
AWS_AP02,2025-08-12 16:45:00,31.053,67.188,1000.113
AWS_AP02,2025-08-12 17:00:00,30.982,72.709,1000.49
AWS_AP02,2025-08-12 17:15:00,30.977,74.256,1000.239
AWS_AP02,2025-08-12 17:30:00,30.538,69.788,1000.194
AWS_AP02,2025-08-12 17:45:00,30.24,70.696,1000.609
AWS_AP02,2025-08-12 18:00:00,30.821,76.962,1000.833
AWS_AP02,2025-08-12 18:15:00,30.55,72.297,1000.507
AWS_AP02,2025-08-12 18:30:00,30.02,75.547,1000.878
AWS_AP02,2025-08-12 18:45:00,30.332,72.695,1001.751
AWS_AP02,2025-08-12 19:00:00,29.603,77.106,1000.976
AWS_AP02,2025-08-12 19:15:00,29.799,80.026,1002.206
AWS_AP02,2025-08-12 19:30:00,29.624,77.13,1001.421
AWS_AP02,2025-08-12 19:45:00,29.179,77.816,1002.387
AWS_AP02,2025-08-12 20:00:00,29.33,82.884,1002.301
AWS_AP02,2025-08-12 20:15:00,28.601,79.534,1001.468
AWS_AP02,2025-08-12 20:30:00,28.789,77.527,1001.24
AWS_AP02,2025-08-12 20:45:00,28.594,82.629,1002.473
AWS_AP02,2025-08-12 21:00:00,43.911,79.884,1002.196
AWS_AP02,2025-08-14 10:45:00,29.2,80.294,1002.466
AWS_AP02,2025-08-14 11:00:00,30.253,73.69,1001.842
AWS_AP02,2025-08-14 11:15:00,29.958,77.353,1002.467
AWS_AP02,2025-08-14 11:30:00,30.667,75.616,1002.572
AWS_AP02,2025-08-14 11:45:00,30.474,71.815,1001.579
AWS_AP02,2025-08-14 12:00:00,30.592,72.577,1001.822
AWS_AP02,2025-08-14 12:15:00,30.71,70.923,1001.453
AWS_AP02,2025-08-14 12:30:00,30.772,73.189,1002.05
AWS_AP02,2025-08-14 12:45:00,30.683,75.699,1001.784
AWS_AP02,2025-08-14 13:00:00,31.055,74.018,1000.618
AWS_AP02,2025-08-14 13:15:00,31.302,75.138,1000.464
AWS_AP02,2025-08-14 13:30:00,31.792,69.053,1000.111
AWS_AP02,2025-08-14 13:45:00,31.566,69.694,1000.257
AWS_AP02,2025-08-14 14:00:00,31.383,70.137,1000.943
AWS_AP02,2025-08-14 14:15:00,31.405,71.197,1000.048
AWS_AP02,2025-08-14 14:30:00,30.65,74.662,999.456
AWS_AP02,2025-08-14 14:45:00,31.448,70.172,1000.155
AWS_AP02,2025-08-14 15:00:00,31.612,73.559,999.779
AWS_AP02,2025-08-14 15:15:00,31.382,72.526,999.102
AWS_AP02,2025-08-14 15:30:00,31.388,70.737,999.376
AWS_AP02,2025-08-14 15:45:00,30.77,68.189,999.853
AWS_AP02,2025-08-14 16:00:00,31.053,69.862,999.601
AWS_AP02,2025-08-14 16:15:00,31.083,71.6,1000.286
AWS_AP02,2025-08-14 16:30:00,31.127,69.318,1000.465
AWS_AP02,2025-08-14 16:45:00,30.35,67.377,999.513
AWS_AP02,2025-08-14 17:00:00,31.113,73.073,999.22
AWS_AP02,2025-08-14 17:15:00,31.039,72.742,999.382
AWS_AP02,2025-08-14 17:30:00,31.075,68.643,1000.17
AWS_AP02,2025-08-14 17:45:00,30.698,73.261,1000.043
AWS_AP02,2025-08-14 18:00:00,30.941,72.455,999.975
AWS_AP02,2025-08-14 18:15:00,31.085,74.137,1000.89
AWS_AP02,2025-08-14 18:30:00,29.976,79.45,1000.964
AWS_AP02,2025-08-14 18:45:00,29.864,74.496,1000.479
AWS_AP02,2025-08-14 19:00:00,30.172,74.596,1000.133
AWS_AP02,2025-08-14 19:15:00,30.075,77.842,1001.272
AWS_AP02,2025-08-14 19:30:00,29.354,80.515,1001.128
AWS_AP02,2025-08-14 19:45:00,30.042,75.105,1001.41
AWS_AP02,2025-08-14 20:00:00,29.066,79.962,1001.59
AWS_AP02,2025-08-14 20:15:00,29.084,76.823,1001.742
AWS_AP02,2025-08-14 20:30:00,29.164,80.632,1001.665
AWS_AP02,2025-08-14 20:45:00,29.199,82.851,1002.191
AWS_AP02,2025-08-14 21:00:00,28.273,80.324,1002.169
AWS_AP02,2025-08-14 21:15:00,28.598,83.925,1001.694
AWS_AP02,2025-08-14 21:30:00,28.147,84.3,1002.805
AWS_AP02,2025-08-14 21:45:00,27.546,82.495,1002.672
AWS_AP02,2025-08-14 22:00:00,27.612,84.911,1002.223
AWS_AP02,2025-08-14 22:15:00,27.246,86.838,1002.386
AWS_AP02,2025-08-14 22:30:00,27.629,84.496,1001.677
AWS_AP02,2025-08-14 22:45:00,26.818,85.085,1001.861
AWS_AP02,2025-08-14 23:00:00,27.203,86.266,1002.713
AWS_AP02,2025-08-14 23:15:00,26.9,90.403,1002.015
AWS_AP02,2025-08-14 23:30:00,26.845,89.127,1000.565
AWS_AP02,2025-08-14 23:45:00,26.592,86.747,1002.3
AWS_AP02,2025-08-15 00:00:00,25.382,87.413,1002.339
AWS_AP02,2025-08-15 00:15:00,25.626,90.818,1002.289
AWS_AP02,2025-08-15 00:30:00,25.425,87.563,1001.835
AWS_AP02,2025-08-15 00:45:00,25.117,88.0,1001.198
AWS_AP02,2025-08-15 01:00:00,25.937,89.556,1001.414
AWS_AP02,2025-08-15 01:15:00,24.721,92.037,1001.681
AWS_AP02,2025-08-15 01:30:00,25.147,92.998,1001.476
AWS_AP02,2025-08-15 01:45:00,25.104,90.579,1000.997
AWS_AP02,2025-08-15 02:00:00,24.782,92.217,1000.156
AWS_AP02,2025-08-15 02:15:00,24.899,94.758,1000.861
AWS_AP02,2025-08-15 02:30:00,24.926,93.135,1000.18
AWS_AP02,2025-08-15 02:45:00,24.751,91.398,1000.621
AWS_AP02,2025-08-15 03:00:00,24.599,92.483,1000.531
AWS_AP02,2025-08-15 03:15:00,24.749,92.68,1000.409
AWS_AP02,2025-08-15 03:30:00,24.611,93.429,1000.178
AWS_AP02,2025-08-15 03:45:00,25.236,90.335,1000.01
AWS_AP02,2025-08-15 04:00:00,25.132,92.431,1000.094
AWS_AP02,2025-08-15 04:15:00,24.949,90.686,1000.663
AWS_AP02,2025-08-15 04:30:00,24.772,91.987,1000.344
AWS_AP02,2025-08-15 04:45:00,24.981,89.93,1000.389
AWS_AP02,2025-08-15 05:00:00,24.992,93.439,1000.307
AWS_AP02,2025-08-15 05:15:00,25.243,93.305,1000.51
AWS_AP02,2025-08-15 05:30:00,24.905,90.272,1001.432
AWS_AP02,2025-08-15 05:45:00,25.344,88.077,1001.114
AWS_AP02,2025-08-15 06:00:00,25.316,88.002,1001.3
AWS_AP02,2025-08-15 06:15:00,25.578,89.123,1001.581
AWS_AP02,2025-08-15 06:30:00,26.489,85.626,1001.891
AWS_AP02,2025-08-15 06:45:00,26.003,84.029,1001.345
AWS_AP02,2025-08-15 07:00:00,26.325,85.311,1002.159
AWS_AP02,2025-08-15 07:15:00,26.373,86.117,1002.367
AWS_AP02,2025-08-15 07:30:00,26.807,85.449,1002.029
AWS_AP02,2025-08-15 07:45:00,26.686,83.248,1002.515
AWS_AP02,2025-08-15 08:00:00,26.826,84.921,1002.407
AWS_AP02,2025-08-15 08:15:00,26.976,83.556,1002.185
AWS_AP02,2025-08-15 08:30:00,27.153,84.613,1002.67
AWS_AP02,2025-08-15 08:45:00,28.022,80.442,1003.327
AWS_AP02,2025-08-15 09:00:00,27.882,73.87,1002.79
AWS_AP02,2025-08-15 09:15:00,27.779,81.05,1002.893
AWS_AP02,2025-08-15 09:30:00,28.411,76.659,1002.182
AWS_AP02,2025-08-15 09:45:00,28.698,76.388,1003.287
AWS_AP02,2025-08-15 10:00:00,28.33,74.102,1003.446
AWS_AP02,2025-08-15 10:15:00,28.644,77.792,1003.291
AWS_AP02,2025-08-15 10:30:00,28.919,75.138,1002.901
AWS_AP02,2025-08-15 10:45:00,28.864,72.465,1017.247
AWS_AP02,2025-09-20 00:15:00,24.74,84.004,1002.838
AWS_AP02,2025-09-20 00:30:00,24.837,85.314,1002.739
AWS_AP02,2025-10-04 10:30:00,28.74,75.669,1006.019
AWS_AP02,2025-10-04 10:45:00,28.965,71.589,1005.83
AWS_AP02,2025-10-06 22:30:00,26.271,79.327,1005.754
AWS_AP02,2025-10-06 22:45:00,25.703,82.795,1005.881
AWS_AP02,2025-10-10 19:45:00,28.749,69.925,1004.914
AWS_AP02,2025-10-10 20:00:00,28.242,72.459,1005.181
AWS_AP02,2025-10-17 17:15:00,29.344,66.999,1004.079
AWS_AP02,2025-10-17 17:30:00,29.16,64.319,1003.886
AWS_AP02,2025-10-23 13:00:00,28.206,61.932,1005.453
AWS_AP02,2025-10-23 13:15:00,28.941,60.116,1005.651
AWS_AP02,2025-10-26 21:00:00,25.212,68.444,1006.377
AWS_AP02,2025-10-26 21:15:00,24.866,72.647,1007.438
AWS_AP02,2025-11-02 11:45:00,29.125,61.941,1008.057
AWS_AP02,2025-11-02 12:00:00,29.452,63.806,1007.819
AWS_AP02,2025-11-06 17:30:00,27.6,65.042,1007.529
AWS_AP02,2025-11-06 17:45:00,27.854,64.082,1007.178
AWS_AP02,2025-11-10 03:00:00,20.576,82.631,1006.38
AWS_AP02,2025-11-10 03:15:00,20.863,87.586,1005.433
AWS_AP02,2025-12-03 02:00:00,20.412,78.584,1008.588
AWS_AP02,2025-12-03 02:15:00,20.25,78.133,1008.201
AWS_AP02,2025-12-21 01:15:00,21.627,79.783,1009.743
AWS_AP02,2025-12-21 01:30:00,21.507,83.676,1009.7
AWS_AP02,2025-12-23 17:45:00,27.427,59.902,1009.06
AWS_AP02,2025-12-23 18:00:00,26.892,64.793,1009.14
AWS_AP02,2025-12-24 22:30:00,21.134,76.988,1012.877
AWS_AP02,2025-12-24 22:45:00,21.085,77.202,1013.123
AWS_AP03,2025-01-14 02:45:00,14.077,80.453,989.156
AWS_AP03,2025-01-14 03:00:00,13.305,82.068,988.413
AWS_AP03,2025-01-14 03:15:00,14.304,77.061,989.266
AWS_AP03,2025-01-14 03:30:00,13.921,79.419,989.084
AWS_AP03,2025-01-14 03:45:00,14.2,81.754,988.827
AWS_AP03,2025-01-14 04:00:00,13.844,83.655,989.169
AWS_AP03,2025-01-14 04:15:00,13.832,81.388,989.719
AWS_AP03,2025-01-14 04:30:00,13.802,82.408,989.11
AWS_AP03,2025-01-14 04:45:00,14.59,80.387,989.428
AWS_AP03,2025-01-14 05:00:00,14.364,75.994,989.304
AWS_AP03,2025-01-14 05:15:00,14.574,80.152,988.95
AWS_AP03,2025-01-14 05:30:00,15.173,80.025,988.525
AWS_AP03,2025-01-14 05:45:00,15.331,75.834,988.86
AWS_AP03,2025-01-14 06:00:00,15.297,76.008,989.928
AWS_AP03,2025-01-14 06:15:00,15.687,73.272,989.339
AWS_AP03,2025-01-14 06:30:00,16.034,73.928,989.769
AWS_AP03,2025-01-14 06:45:00,16.289,70.694,989.801
AWS_AP03,2025-01-14 07:00:00,16.953,70.489,989.727
AWS_AP03,2025-01-14 07:15:00,17.106,67.621,990.204
AWS_AP03,2025-01-14 07:30:00,17.214,65.422,989.921
AWS_AP03,2025-01-14 07:45:00,18.06,69.863,990.792
AWS_AP03,2025-01-14 08:00:00,17.869,70.608,989.942
AWS_AP03,2025-01-14 08:15:00,18.405,67.374,991.1
AWS_AP03,2025-01-14 08:30:00,18.753,64.56,991.276
AWS_AP03,2025-01-14 08:45:00,19.096,61.32,991.179
AWS_AP03,2025-01-14 09:00:00,19.513,65.477,991.931
AWS_AP03,2025-01-14 09:15:00,20.285,67.072,991.806
AWS_AP03,2025-01-14 09:30:00,20.41,55.933,992.084
AWS_AP03,2025-01-14 09:45:00,21.29,57.101,991.732
AWS_AP03,2025-01-14 10:00:00,21.009,58.449,991.519
AWS_AP03,2025-01-14 10:15:00,21.36,55.932,990.896
AWS_AP03,2025-01-14 10:30:00,21.517,53.421,991.558
AWS_AP03,2025-01-14 10:45:00,21.873,50.864,991.433
AWS_AP03,2025-01-14 11:00:00,22.38,53.807,991.058
AWS_AP03,2025-01-14 11:15:00,22.702,49.751,991.419
AWS_AP03,2025-01-14 11:30:00,23.09,49.446,991.197
AWS_AP03,2025-01-14 11:45:00,23.612,50.061,991.148
AWS_AP03,2025-01-14 12:00:00,23.61,51.902,991.083
AWS_AP03,2025-01-14 12:15:00,24.617,48.152,991.422
AWS_AP03,2025-01-14 12:30:00,24.34,45.175,991.059
AWS_AP03,2025-01-14 12:45:00,24.841,48.694,990.206
AWS_AP03,2025-01-14 13:00:00,24.544,44.549,990.018
AWS_AP03,2025-01-14 13:15:00,24.875,47.993,989.572
AWS_AP03,2025-01-14 13:30:00,25.245,45.297,989.654
AWS_AP03,2025-01-14 13:45:00,25.417,41.086,989.082
AWS_AP03,2025-01-14 14:00:00,25.671,42.834,989.152
AWS_AP03,2025-01-14 14:15:00,25.105,45.356,989.086
AWS_AP03,2025-01-14 14:30:00,26.348,41.682,989.089
AWS_AP03,2025-01-14 14:45:00,26.078,41.556,989.353
AWS_AP03,2025-01-14 15:00:00,25.678,40.165,989.419
AWS_AP03,2025-01-14 15:15:00,25.702,47.872,988.886
AWS_AP03,2025-01-14 15:30:00,25.625,41.135,988.529
AWS_AP03,2025-01-14 15:45:00,25.209,38.69,988.791
AWS_AP03,2025-01-14 16:00:00,24.999,45.085,988.638
AWS_AP03,2025-01-14 16:15:00,24.949,38.208,988.655
AWS_AP03,2025-01-14 16:30:00,24.773,45.878,988.571
AWS_AP03,2025-01-14 16:45:00,25.499,43.62,989.581
AWS_AP03,2025-01-14 17:00:00,24.662,43.143,989.232
AWS_AP03,2025-01-14 17:15:00,24.932,47.107,989.11
AWS_AP03,2025-01-14 17:30:00,24.3,47.012,989.01
AWS_AP03,2025-01-14 17:45:00,24.087,46.672,989.968
AWS_AP03,2025-01-14 18:00:00,23.784,47.929,988.712
AWS_AP03,2025-01-14 18:15:00,23.395,50.901,989.932
AWS_AP03,2025-01-14 18:30:00,23.79,50.278,990.747
AWS_AP03,2025-01-14 18:45:00,22.986,50.866,989.489
AWS_AP03,2025-01-14 19:00:00,23.033,51.778,990.401
AWS_AP03,2025-01-14 19:15:00,22.336,50.611,990.681
AWS_AP03,2025-01-14 19:30:00,22.335,52.392,990.049
AWS_AP03,2025-01-14 19:45:00,21.571,56.217,990.842
AWS_AP03,2025-01-14 20:00:00,21.086,55.926,989.603
AWS_AP03,2025-01-14 20:15:00,20.343,59.821,990.957
AWS_AP03,2025-01-14 20:30:00,20.62,61.424,991.041
AWS_AP03,2025-01-14 20:45:00,20.467,59.686,990.403
AWS_AP03,2025-01-14 21:00:00,19.913,61.718,990.926
AWS_AP03,2025-01-14 21:15:00,19.094,62.405,991.379
AWS_AP03,2025-01-14 21:30:00,19.071,61.664,991.424
AWS_AP03,2025-01-14 21:45:00,18.126,67.665,991.434
AWS_AP03,2025-01-14 22:00:00,17.759,66.825,990.95
AWS_AP03,2025-01-14 22:15:00,17.479,68.07,991.393
AWS_AP03,2025-01-14 22:30:00,17.116,70.061,991.125
AWS_AP03,2025-01-14 22:45:00,17.139,69.563,991.814
AWS_AP03,2025-01-14 23:00:00,16.864,70.192,991.394
AWS_AP03,2025-01-14 23:15:00,16.159,70.489,991.23
AWS_AP03,2025-01-14 23:30:00,16.441,70.747,991.036
AWS_AP03,2025-01-14 23:45:00,15.507,74.068,990.645
AWS_AP03,2025-01-15 00:00:00,19.246,65.504,992.006
AWS_AP03,2025-01-15 00:15:00,18.517,77.825,991.807
AWS_AP03,2025-01-15 00:30:00,18.382,73.997,991.401
AWS_AP03,2025-01-15 00:45:00,18.17,71.144,991.147
AWS_AP03,2025-01-15 01:00:00,18.194,75.524,990.811
AWS_AP03,2025-01-15 01:15:00,17.697,77.366,990.754
AWS_AP03,2025-01-15 01:30:00,17.092,73.651,990.738
AWS_AP03,2025-01-15 01:45:00,17.688,74.623,990.255
AWS_AP03,2025-01-15 02:00:00,17.341,73.591,989.842
AWS_AP03,2025-01-15 02:15:00,17.776,72.515,990.385
AWS_AP03,2025-01-15 02:30:00,16.802,77.208,989.694
AWS_AP03,2025-01-15 02:45:00,-1.362,78.375,989.919
AWS_AP03,2025-01-17 15:45:00,29.297,32.094,989.375
AWS_AP03,2025-01-17 16:00:00,29.133,34.308,988.908
AWS_AP03,2025-01-20 05:00:00,18.962,69.34,989.446
AWS_AP03,2025-01-20 05:15:00,18.702,66.686,988.749
AWS_AP03,2025-01-24 02:30:00,17.48,75.821,990.885
AWS_AP03,2025-01-24 02:45:00,17.157,71.193,990.634
AWS_AP03,2025-01-26 00:00:00,19.587,61.308,990.714
AWS_AP03,2025-01-26 00:15:00,19.037,69.107,991.128
AWS_AP03,2025-01-26 00:30:00,19.167,65.58,990.968
AWS_AP03,2025-01-26 00:45:00,18.481,68.047,990.962
AWS_AP03,2025-01-26 01:00:00,18.202,70.24,990.531
AWS_AP03,2025-01-26 01:15:00,18.384,69.844,989.778
AWS_AP03,2025-01-26 01:30:00,18.28,69.926,990.605
AWS_AP03,2025-01-26 01:45:00,18.283,67.08,989.653
AWS_AP03,2025-01-26 02:00:00,18.463,68.932,989.705
AWS_AP03,2025-01-26 02:15:00,17.267,67.53,989.412
AWS_AP03,2025-01-26 02:30:00,17.575,68.784,989.723
AWS_AP03,2025-01-26 02:45:00,17.749,72.042,989.32
AWS_AP03,2025-01-26 03:00:00,18.205,72.856,989.841
AWS_AP03,2025-01-26 03:15:00,17.593,71.296,989.778
AWS_AP03,2025-01-26 03:30:00,17.259,69.966,989.477
AWS_AP03,2025-01-26 03:45:00,17.488,71.666,989.751
AWS_AP03,2025-01-26 04:00:00,17.848,70.191,989.584
AWS_AP03,2025-01-26 04:15:00,18.143,70.764,988.157
AWS_AP03,2025-01-26 04:30:00,18.828,68.467,989.429
AWS_AP03,2025-01-26 04:45:00,18.138,66.614,989.704
AWS_AP03,2025-01-26 05:00:00,18.685,69.051,989.401
AWS_AP03,2025-01-26 05:15:00,19.05,68.06,989.314
AWS_AP03,2025-01-26 05:30:00,18.8,63.175,990.022
AWS_AP03,2025-01-26 05:45:00,19.729,65.665,990.044
AWS_AP03,2025-01-26 06:00:00,19.329,65.114,989.707
AWS_AP03,2025-01-26 06:15:00,19.487,63.406,989.836
AWS_AP03,2025-01-26 06:30:00,20.572,61.316,990.278
AWS_AP03,2025-01-26 06:45:00,20.424,61.626,989.88
AWS_AP03,2025-01-26 07:00:00,20.444,59.818,990.383
AWS_AP03,2025-01-26 07:15:00,21.005,59.283,990.904
AWS_AP03,2025-01-26 07:30:00,21.289,57.689,990.172
AWS_AP03,2025-01-26 07:45:00,21.716,57.514,991.394
AWS_AP03,2025-01-26 08:00:00,22.322,59.398,991.413
AWS_AP03,2025-01-26 08:15:00,22.558,55.084,991.602
AWS_AP03,2025-01-26 08:30:00,23.678,53.687,991.19
AWS_AP03,2025-01-26 08:45:00,23.354,51.238,991.17
AWS_AP03,2025-01-26 09:00:00,23.82,48.666,991.201
AWS_AP03,2025-01-26 09:15:00,24.713,47.794,991.812
AWS_AP03,2025-01-26 09:30:00,25.045,45.081,991.109
AWS_AP03,2025-01-26 09:45:00,25.295,50.179,992.1
AWS_AP03,2025-01-26 10:00:00,25.343,45.245,992.525
AWS_AP03,2025-01-26 10:15:00,26.282,45.082,991.752
AWS_AP03,2025-01-26 10:30:00,26.112,42.532,991.693
AWS_AP03,2025-01-26 10:45:00,26.276,34.163,990.891
AWS_AP03,2025-01-26 11:00:00,26.773,39.751,991.261
AWS_AP03,2025-01-26 11:15:00,27.535,38.97,991.425
AWS_AP03,2025-01-26 11:30:00,27.544,39.92,991.896
AWS_AP03,2025-01-26 11:45:00,27.996,39.053,991.424
AWS_AP03,2025-01-26 12:00:00,27.936,35.552,991.505
AWS_AP03,2025-01-26 12:15:00,28.753,36.777,991.125
AWS_AP03,2025-01-26 12:30:00,28.541,34.286,990.874
AWS_AP03,2025-01-26 12:45:00,28.733,33.842,990.683
AWS_AP03,2025-01-26 13:00:00,29.148,35.679,990.19
AWS_AP03,2025-01-26 13:15:00,29.01,36.607,990.23
AWS_AP03,2025-01-26 13:30:00,29.291,34.254,990.138
AWS_AP03,2025-01-26 13:45:00,29.449,31.011,989.586
AWS_AP03,2025-01-26 14:00:00,29.897,27.872,990.342
AWS_AP03,2025-01-26 14:15:00,29.706,33.462,989.786
AWS_AP03,2025-01-26 14:30:00,30.075,32.66,989.825
AWS_AP03,2025-01-26 14:45:00,29.977,29.142,990.131
AWS_AP03,2025-01-26 15:00:00,29.897,27.685,989.352
AWS_AP03,2025-01-26 15:15:00,30.396,32.243,989.194
AWS_AP03,2025-01-26 15:30:00,29.492,29.642,988.674
AWS_AP03,2025-01-26 15:45:00,30.104,32.642,988.947
AWS_AP03,2025-01-26 16:00:00,29.487,29.697,989.346
AWS_AP03,2025-01-26 16:15:00,29.466,26.772,988.966
AWS_AP03,2025-01-26 16:30:00,29.439,33.745,989.046
AWS_AP03,2025-01-26 16:45:00,29.333,33.929,989.833
AWS_AP03,2025-01-26 17:00:00,29.195,33.342,989.605
AWS_AP03,2025-01-26 17:15:00,29.029,32.37,989.596
AWS_AP03,2025-01-26 17:30:00,28.609,34.512,989.988
AWS_AP03,2025-01-26 17:45:00,27.791,39.545,989.862
AWS_AP03,2025-01-26 18:00:00,28.009,35.733,989.488
AWS_AP03,2025-01-26 18:15:00,28.183,36.134,989.925
AWS_AP03,2025-01-26 18:30:00,27.788,38.542,989.742
AWS_AP03,2025-01-26 18:45:00,27.469,39.291,990.426
AWS_AP03,2025-01-26 19:00:00,26.874,42.364,990.262
AWS_AP03,2025-01-26 19:15:00,26.736,44.115,990.026
AWS_AP03,2025-01-26 19:30:00,26.082,41.653,990.801
AWS_AP03,2025-01-26 19:45:00,25.734,41.253,990.906
AWS_AP03,2025-01-26 20:00:00,25.282,46.562,990.826
AWS_AP03,2025-01-26 20:15:00,25.353,46.085,991.067
AWS_AP03,2025-01-26 20:30:00,23.89,47.963,991.71
AWS_AP03,2025-01-26 20:45:00,24.299,47.546,991.312
AWS_AP03,2025-01-26 21:00:00,23.895,51.727,991.583
AWS_AP03,2025-01-26 21:15:00,23.516,49.893,991.082
AWS_AP03,2025-01-26 21:30:00,23.028,56.182,991.473
AWS_AP03,2025-01-26 21:45:00,23.024,58.574,991.694
AWS_AP03,2025-01-26 22:00:00,22.272,55.373,992.519
AWS_AP03,2025-01-26 22:15:00,21.81,54.104,991.559
AWS_AP03,2025-01-26 22:30:00,21.691,60.223,991.217
AWS_AP03,2025-01-26 22:45:00,20.651,62.506,991.73
AWS_AP03,2025-01-26 23:00:00,20.553,63.101,991.509
AWS_AP03,2025-01-26 23:15:00,20.745,56.491,991.228
AWS_AP03,2025-01-26 23:30:00,20.184,64.025,991.432
AWS_AP03,2025-01-26 23:45:00,19.369,60.859,991.013
AWS_AP03,2025-01-27 00:00:00,19.878,72.175,991.428
AWS_AP03,2025-01-27 00:15:00,18.766,69.249,991.42
AWS_AP03,2025-01-27 00:30:00,18.328,70.677,991.614
AWS_AP03,2025-02-01 08:45:00,23.434,50.158,989.812
AWS_AP03,2025-02-01 09:00:00,24.913,50.513,990.189
AWS_AP03,2025-02-08 18:00:00,29.95,33.061,989.251
AWS_AP03,2025-02-08 18:15:00,28.986,29.298,989.568
AWS_AP03,2025-02-14 14:15:00,31.898,19.233,988.56
AWS_AP03,2025-02-14 14:30:00,31.642,15.648,987.281
AWS_AP03,2025-02-24 11:45:00,31.673,26.827,988.985
AWS_AP03,2025-02-24 12:00:00,31.177,24.973,989.271
AWS_AP03,2025-02-24 12:15:00,32.106,26.035,989.294
AWS_AP03,2025-02-24 12:30:00,32.829,25.438,988.871
AWS_AP03,2025-02-24 12:45:00,32.091,21.077,988.944
AWS_AP03,2025-02-24 13:00:00,32.773,23.829,988.918
AWS_AP03,2025-02-24 13:15:00,32.996,22.026,988.892
AWS_AP03,2025-02-24 13:30:00,33.197,19.58,988.018
AWS_AP03,2025-02-24 13:45:00,33.597,15.486,988.17
AWS_AP03,2025-02-24 14:00:00,33.274,21.634,987.754
AWS_AP03,2025-02-24 14:15:00,33.778,22.737,988.084
AWS_AP03,2025-02-24 14:30:00,33.567,21.969,988.305
AWS_AP03,2025-02-24 14:45:00,33.728,17.806,987.078
AWS_AP03,2025-02-24 15:00:00,33.284,19.157,987.598
AWS_AP03,2025-02-24 15:15:00,34.012,20.862,987.129
AWS_AP03,2025-02-24 15:30:00,33.696,21.796,987.015
AWS_AP03,2025-02-24 15:45:00,33.754,19.517,987.083
AWS_AP03,2025-02-24 16:00:00,33.815,22.06,987.559
AWS_AP03,2025-02-24 16:15:00,33.267,20.005,988.25
AWS_AP03,2025-02-24 16:30:00,33.123,19.458,987.53
AWS_AP03,2025-02-24 16:45:00,32.483,21.175,987.601
AWS_AP03,2025-02-24 17:00:00,32.865,23.214,987.39
AWS_AP03,2025-02-24 17:15:00,32.994,16.828,987.715
AWS_AP03,2025-02-24 17:30:00,32.312,22.927,987.292
AWS_AP03,2025-02-24 17:45:00,31.803,24.596,987.813
AWS_AP03,2025-02-24 18:00:00,32.02,23.448,987.963
AWS_AP03,2025-02-24 18:15:00,31.005,26.988,988.682
AWS_AP03,2025-02-24 18:30:00,30.915,27.188,988.773
AWS_AP03,2025-02-24 18:45:00,30.542,29.078,988.923
AWS_AP03,2025-02-24 19:00:00,30.64,31.376,988.205
AWS_AP03,2025-02-24 19:15:00,30.057,27.746,988.548
AWS_AP03,2025-02-24 19:30:00,29.415,30.705,989.351
AWS_AP03,2025-02-24 19:45:00,29.03,34.7,989.273
AWS_AP03,2025-02-24 20:00:00,28.817,37.867,989.393
AWS_AP03,2025-02-24 20:15:00,28.401,35.16,989.374
AWS_AP03,2025-02-24 20:30:00,27.955,35.714,989.281
AWS_AP03,2025-02-24 20:45:00,27.276,38.364,989.843
AWS_AP03,2025-02-24 21:00:00,27.363,39.153,989.882
AWS_AP03,2025-02-24 21:15:00,27.083,40.275,989.973
AWS_AP03,2025-02-24 21:30:00,26.595,40.337,989.879
AWS_AP03,2025-02-24 21:45:00,26.106,42.014,990.111
AWS_AP03,2025-02-24 22:00:00,26.028,48.93,989.902
AWS_AP03,2025-02-24 22:15:00,24.688,43.53,990.157
AWS_AP03,2025-02-24 22:30:00,24.298,50.648,990.626
AWS_AP03,2025-02-24 22:45:00,23.675,51.593,990.003
AWS_AP03,2025-02-24 23:00:00,23.636,48.995,990.005
AWS_AP03,2025-02-24 23:15:00,22.965,47.035,989.928
AWS_AP03,2025-02-24 23:30:00,23.379,50.285,989.402
AWS_AP03,2025-02-24 23:45:00,22.712,53.707,989.816
AWS_AP03,2025-02-25 00:00:00,21.203,57.032,989.294
AWS_AP03,2025-02-25 00:15:00,20.676,59.602,989.812
AWS_AP03,2025-02-25 00:30:00,20.342,60.815,989.36
AWS_AP03,2025-02-25 00:45:00,20.314,59.731,989.469
AWS_AP03,2025-02-25 01:00:00,20.727,63.3,989.471
AWS_AP03,2025-02-25 01:15:00,20.378,62.628,989.758
AWS_AP03,2025-02-25 01:30:00,20.081,62.08,988.645
AWS_AP03,2025-02-25 01:45:00,19.047,62.184,989.868
AWS_AP03,2025-02-25 02:00:00,19.543,63.317,988.403
AWS_AP03,2025-02-25 02:15:00,19.399,60.854,988.661
AWS_AP03,2025-02-25 02:30:00,19.192,61.348,988.327
AWS_AP03,2025-02-25 02:45:00,19.375,61.994,988.974
AWS_AP03,2025-02-25 03:00:00,19.074,61.554,987.954
AWS_AP03,2025-02-25 03:15:00,19.197,64.781,987.988
AWS_AP03,2025-02-25 03:30:00,19.141,62.543,988.719
AWS_AP03,2025-02-25 03:45:00,19.281,62.736,988.529
AWS_AP03,2025-02-25 04:00:00,18.582,63.055,988.522
AWS_AP03,2025-02-25 04:15:00,19.721,62.125,988.693
AWS_AP03,2025-02-25 04:30:00,20.041,62.49,988.398
AWS_AP03,2025-02-25 04:45:00,19.792,62.284,987.988
AWS_AP03,2025-02-25 05:00:00,20.575,62.385,987.562
AWS_AP03,2025-02-25 05:15:00,20.21,60.075,988.834
AWS_AP03,2025-02-25 05:30:00,20.359,59.024,988.916
AWS_AP03,2025-02-25 05:45:00,21.318,59.553,988.774
AWS_AP03,2025-02-25 06:00:00,21.143,56.371,989.014
AWS_AP03,2025-02-25 06:15:00,21.691,55.638,988.906
AWS_AP03,2025-02-25 06:30:00,21.52,52.66,988.978
AWS_AP03,2025-02-25 06:45:00,22.266,58.61,989.679
AWS_AP03,2025-02-25 07:00:00,22.589,48.32,990.257
AWS_AP03,2025-02-25 07:15:00,22.957,51.21,989.07
AWS_AP03,2025-02-25 07:30:00,23.361,51.636,990.467
AWS_AP03,2025-02-25 07:45:00,23.934,51.388,989.985
AWS_AP03,2025-02-25 08:00:00,24.332,49.132,989.208
AWS_AP03,2025-02-25 08:15:00,24.878,48.852,990.199
AWS_AP03,2025-02-25 08:30:00,24.559,42.263,991.225
AWS_AP03,2025-02-25 08:45:00,26.04,46.438,990.118
AWS_AP03,2025-02-25 09:00:00,25.961,41.766,990.997
AWS_AP03,2025-02-25 09:15:00,26.308,43.997,990.3
AWS_AP03,2025-02-25 09:30:00,27.002,37.68,991.087
AWS_AP03,2025-02-25 09:45:00,27.276,39.93,990.922
AWS_AP03,2025-02-25 10:00:00,27.792,38.731,990.34
AWS_AP03,2025-02-25 10:15:00,28.063,35.351,991.104
AWS_AP03,2025-02-25 10:30:00,28.756,35.997,990.343
AWS_AP03,2025-02-25 10:45:00,28.5,32.09,991.286
AWS_AP03,2025-02-25 11:00:00,29.44,34.004,990.456
AWS_AP03,2025-02-25 11:15:00,29.587,31.564,990.311
AWS_AP03,2025-02-25 11:30:00,29.55,29.429,991.011
AWS_AP03,2025-02-25 11:45:00,49.64,33.696,989.703
AWS_AP03,2025-02-25 20:15:00,26.638,42.944,990.823
AWS_AP03,2025-02-25 20:30:00,26.825,42.474,990.008
AWS_AP03,2025-03-06 12:30:00,34.411,23.337,987.983
AWS_AP03,2025-03-06 12:45:00,35.134,20.746,986.998
AWS_AP03,2025-03-08 11:30:00,32.689,23.674,988.48
AWS_AP03,2025-03-08 11:45:00,33.221,24.905,988.69
AWS_AP03,2025-03-10 03:15:00,25.095,45.805,987.573
AWS_AP03,2025-03-10 03:30:00,24.502,47.897,987.991
AWS_AP03,2025-03-11 12:15:00,37.707,13.729,989.021
AWS_AP03,2025-03-11 12:30:00,37.838,13.085,988.643
AWS_AP03,2025-03-13 15:00:00,38.846,10.086,986.875
AWS_AP03,2025-03-13 15:15:00,39.35,7.363,986.754
AWS_AP03,2025-03-13 15:30:00,39.431,9.247,987.135
AWS_AP03,2025-03-13 15:45:00,38.888,10.888,986.732
AWS_AP03,2025-03-13 16:00:00,39.572,8.661,986.89
AWS_AP03,2025-03-13 16:15:00,38.831,9.265,987.351
AWS_AP03,2025-03-13 16:30:00,39.088,8.451,986.946
AWS_AP03,2025-03-13 16:45:00,38.283,12.384,986.296
AWS_AP03,2025-03-13 17:00:00,38.612,10.807,987.381
AWS_AP03,2025-03-13 17:15:00,38.536,12.018,988.043
AWS_AP03,2025-03-13 17:30:00,37.618,15.099,987.547
AWS_AP03,2025-03-13 17:45:00,37.657,13.585,987.366
AWS_AP03,2025-03-13 18:00:00,37.188,15.661,988.293
AWS_AP03,2025-03-13 18:15:00,36.62,16.996,987.991
AWS_AP03,2025-03-13 18:30:00,36.609,19.998,987.503
AWS_AP03,2025-03-13 18:45:00,36.109,17.067,987.694
AWS_AP03,2025-03-13 19:00:00,35.741,20.897,988.491
AWS_AP03,2025-03-13 19:15:00,35.068,20.306,988.68
AWS_AP03,2025-03-13 19:30:00,35.261,21.666,988.512
AWS_AP03,2025-03-13 19:45:00,34.453,22.626,988.988
AWS_AP03,2025-03-13 20:00:00,34.055,23.192,988.655
AWS_AP03,2025-03-13 20:15:00,33.387,24.936,988.664
AWS_AP03,2025-03-13 20:30:00,33.576,28.281,988.567
AWS_AP03,2025-03-13 20:45:00,32.406,24.043,989.465
AWS_AP03,2025-03-13 21:00:00,31.863,28.599,988.685
AWS_AP03,2025-03-13 21:15:00,31.932,31.57,989.439
AWS_AP03,2025-03-13 21:30:00,31.289,34.645,989.114
AWS_AP03,2025-03-13 21:45:00,31.177,31.632,989.686
AWS_AP03,2025-03-13 22:00:00,31.011,38.636,989.06
AWS_AP03,2025-03-13 22:15:00,30.496,36.37,989.373
AWS_AP03,2025-03-13 22:30:00,29.972,35.727,990.059
AWS_AP03,2025-03-13 22:45:00,28.997,34.742,989.08
AWS_AP03,2025-03-13 23:00:00,29.184,38.493,989.66
AWS_AP03,2025-03-13 23:15:00,28.347,37.767,989.075
AWS_AP03,2025-03-13 23:30:00,27.772,40.784,989.429
AWS_AP03,2025-03-13 23:45:00,27.925,41.402,988.641
AWS_AP03,2025-03-14 00:00:00,27.86,39.446,987.689
AWS_AP03,2025-03-14 00:15:00,27.631,38.799,988.005
AWS_AP03,2025-03-14 00:30:00,27.591,40.593,988.244
AWS_AP03,2025-03-14 00:45:00,27.357,39.774,987.537
AWS_AP03,2025-03-14 01:00:00,26.791,42.796,987.507
AWS_AP03,2025-03-14 01:15:00,26.709,44.155,987.529
AWS_AP03,2025-03-14 01:30:00,26.756,46.864,986.725
AWS_AP03,2025-03-14 01:45:00,26.102,41.937,987.25
AWS_AP03,2025-03-14 02:00:00,25.711,45.171,987.029
AWS_AP03,2025-03-14 02:15:00,25.936,44.018,986.682
AWS_AP03,2025-03-14 02:30:00,25.911,47.209,986.827
AWS_AP03,2025-03-14 02:45:00,25.925,42.967,987.01
AWS_AP03,2025-03-14 03:00:00,26.628,42.176,986.666
AWS_AP03,2025-03-14 03:15:00,25.746,42.61,986.897
AWS_AP03,2025-03-14 03:30:00,25.959,43.441,986.418
AWS_AP03,2025-03-14 03:45:00,25.824,43.961,986.226
AWS_AP03,2025-03-14 04:00:00,26.257,46.786,986.598
AWS_AP03,2025-03-14 04:15:00,26.476,42.347,986.493
AWS_AP03,2025-03-14 04:30:00,26.704,45.114,986.501
AWS_AP03,2025-03-14 04:45:00,26.743,42.021,986.067
AWS_AP03,2025-03-14 05:00:00,26.911,41.003,986.368
AWS_AP03,2025-03-14 05:15:00,26.396,42.035,986.769
AWS_AP03,2025-03-14 05:30:00,27.604,40.624,986.44
AWS_AP03,2025-03-14 05:45:00,28.091,41.722,986.754
AWS_AP03,2025-03-14 06:00:00,27.755,42.36,986.966
AWS_AP03,2025-03-14 06:15:00,28.063,37.736,987.436
AWS_AP03,2025-03-14 06:30:00,28.346,38.536,987.705
AWS_AP03,2025-03-14 06:45:00,29.231,35.646,987.202
AWS_AP03,2025-03-14 07:00:00,29.094,34.973,988.048
AWS_AP03,2025-03-14 07:15:00,29.797,33.555,987.809
AWS_AP03,2025-03-14 07:30:00,29.804,30.334,987.774
AWS_AP03,2025-03-14 07:45:00,30.801,35.405,987.754
AWS_AP03,2025-03-14 08:00:00,30.983,29.23,989.325
AWS_AP03,2025-03-14 08:15:00,31.621,32.251,987.772
AWS_AP03,2025-03-14 08:30:00,31.75,25.159,988.669
AWS_AP03,2025-03-14 08:45:00,32.246,27.138,988.203
AWS_AP03,2025-03-14 09:00:00,32.744,24.488,988.416
AWS_AP03,2025-03-14 09:15:00,33.116,21.046,988.531
AWS_AP03,2025-03-14 09:30:00,33.555,23.711,988.701
AWS_AP03,2025-03-14 09:45:00,33.891,20.809,989.22
AWS_AP03,2025-03-14 10:00:00,34.861,19.06,988.862
AWS_AP03,2025-03-14 10:15:00,35.245,17.852,989.346
AWS_AP03,2025-03-14 10:30:00,35.455,18.369,988.396
AWS_AP03,2025-03-14 10:45:00,36.224,13.453,988.838
AWS_AP03,2025-03-14 11:00:00,36.843,13.578,989.325
AWS_AP03,2025-03-14 11:15:00,36.574,13.44,988.857
AWS_AP03,2025-03-14 11:30:00,37.22,13.134,988.95
AWS_AP03,2025-03-14 11:45:00,37.573,12.992,988.046
AWS_AP03,2025-03-14 12:00:00,37.65,9.515,987.832
AWS_AP03,2025-03-14 12:15:00,37.763,6.234,988.233
AWS_AP03,2025-03-14 12:30:00,39.178,10.627,988.313
AWS_AP03,2025-03-14 12:45:00,38.811,12.664,987.655
AWS_AP03,2025-03-14 13:00:00,38.958,5.0,988.211
AWS_AP03,2025-03-14 13:15:00,39.262,7.628,987.81
AWS_AP03,2025-03-14 13:30:00,40.08,5.363,987.275
AWS_AP03,2025-03-14 13:45:00,39.448,5.535,986.677
AWS_AP03,2025-03-14 14:00:00,39.66,5.0,987.189
AWS_AP03,2025-03-14 14:15:00,39.767,6.802,987.139
AWS_AP03,2025-03-14 14:30:00,40.15,5.0,986.755
AWS_AP03,2025-03-14 14:45:00,39.949,5.0,986.491
AWS_AP03,2025-03-14 15:00:00,39.417,5.0,986.391
AWS_AP03,2025-03-28 06:00:00,24.994,45.933,985.44
AWS_AP03,2025-03-28 06:15:00,25.593,43.567,985.918
AWS_AP03,2025-04-01 12:00:00,36.497,18.556,987.263
AWS_AP03,2025-04-01 12:15:00,36.65,14.401,987.297
AWS_AP03,2025-04-03 09:15:00,31.04,30.433,987.404
AWS_AP03,2025-04-03 09:30:00,32.084,29.491,987.191
AWS_AP03,2025-04-16 02:30:00,25.684,47.286,983.862
AWS_AP03,2025-04-16 02:45:00,25.093,46.867,982.844
AWS_AP03,2025-04-21 13:00:00,36.551,11.115,983.655
AWS_AP03,2025-04-21 13:15:00,37.197,7.948,983.285
AWS_AP03,2025-04-22 02:00:00,24.363,46.534,982.682
AWS_AP03,2025-04-22 02:15:00,24.211,44.71,982.144
AWS_AP03,2025-05-07 17:45:00,38.149,16.221,981.618
AWS_AP03,2025-05-07 18:00:00,37.984,19.933,982.215
AWS_AP03,2025-05-07 21:30:00,31.845,31.591,982.897
AWS_AP03,2025-05-07 21:45:00,32.095,36.307,983.563
AWS_AP03,2025-05-10 14:45:00,41.039,6.573,980.626
AWS_AP03,2025-05-10 15:00:00,40.586,5.918,980.557
AWS_AP03,2025-05-13 03:00:00,26.518,49.603,980.354
AWS_AP03,2025-05-13 03:15:00,26.005,52.987,981.42
AWS_AP03,2025-05-16 09:30:00,33.707,28.919,983.377
AWS_AP03,2025-05-16 09:45:00,34.469,26.526,983.105
AWS_AP03,2025-05-17 00:45:00,28.893,46.406,981.583
AWS_AP03,2025-05-17 01:00:00,28.646,49.0,981.943
AWS_AP03,2025-05-18 17:00:00,47.281,7.088,981.128
AWS_AP03,2025-05-18 17:15:00,47.381,5.895,981.144
AWS_AP03,2025-05-21 13:30:00,46.561,16.358,981.557
AWS_AP03,2025-05-21 13:45:00,46.867,12.058,981.549
AWS_AP03,2025-05-31 15:00:00,40.562,20.5,979.081
AWS_AP03,2025-05-31 15:15:00,40.056,21.316,978.627
AWS_AP03,2025-05-31 23:00:00,30.589,54.22,982.346
AWS_AP03,2025-05-31 23:15:00,30.319,50.434,981.049
AWS_AP03,2025-06-19 10:45:00,34.911,48.278,979.441
AWS_AP03,2025-06-19 11:00:00,35.184,46.513,979.934
AWS_AP03,2025-06-22 11:00:00,32.564,47.803,981.244
AWS_AP03,2025-06-22 11:15:00,32.266,44.717,980.986
AWS_AP03,2025-06-23 01:45:00,25.304,75.598,979.672
AWS_AP03,2025-06-23 02:00:00,25.904,75.455,978.511
AWS_AP03,2025-06-26 11:45:00,33.459,41.598,980.241
AWS_AP03,2025-06-26 12:00:00,33.972,40.418,980.4
AWS_AP03,2025-06-27 00:45:00,26.75,67.138,979.089
AWS_AP03,2025-06-27 01:00:00,26.305,70.673,979.571
AWS_AP03,2025-07-04 06:30:00,26.376,72.5,979.068
AWS_AP03,2025-07-04 06:45:00,27.023,71.436,978.638
AWS_AP03,2025-07-10 05:45:00,24.052,78.517,979.73
AWS_AP03,2025-07-10 06:00:00,24.407,72.653,980.475
AWS_AP03,2025-07-10 14:30:00,32.915,39.048,980.54
AWS_AP03,2025-07-10 14:45:00,32.546,38.792,980.287
AWS_AP03,2025-07-15 03:15:00,23.288,87.831,979.432
AWS_AP03,2025-07-15 03:30:00,23.709,83.2,978.863
AWS_AP03,2025-07-15 11:45:00,30.959,57.213,980.818
AWS_AP03,2025-07-15 12:00:00,31.232,57.213,980.062
AWS_AP03,2025-07-21 23:15:00,23.686,72.423,981.849
AWS_AP03,2025-07-21 23:30:00,23.833,74.024,981.946
AWS_AP03,2025-07-22 08:00:00,25.393,70.528,980.579
AWS_AP03,2025-07-22 08:15:00,26.605,72.875,981.404
AWS_AP03,2025-08-12 04:15:00,22.39,80.663,980.406
AWS_AP03,2025-08-12 04:30:00,23.038,79.706,980.891
AWS_AP03,2025-08-12 20:45:00,27.492,63.675,982.947
AWS_AP03,2025-08-12 21:00:00,26.752,61.402,984.151
AWS_AP03,2025-08-15 10:30:00,29.367,50.774,982.154
AWS_AP03,2025-08-15 10:45:00,29.479,50.947,981.59
AWS_AP03,2025-09-20 00:15:00,21.109,73.606,983.886
AWS_AP03,2025-09-20 00:30:00,21.372,72.218,983.673
AWS_AP03,2025-10-04 10:30:00,26.69,49.389,985.329
AWS_AP03,2025-10-04 10:45:00,27.433,44.202,985.628
AWS_AP03,2025-10-06 22:30:00,24.034,55.364,984.613
AWS_AP03,2025-10-06 22:45:00,23.915,58.268,984.109
AWS_AP03,2025-10-10 19:45:00,26.913,38.455,985.963
AWS_AP03,2025-10-10 20:00:00,26.833,42.705,986.109
AWS_AP03,2025-10-17 17:15:00,31.624,32.357,984.599
AWS_AP03,2025-10-17 17:30:00,30.935,31.823,984.656
AWS_AP03,2025-10-23 13:00:00,29.039,30.808,985.993
AWS_AP03,2025-10-23 13:15:00,29.527,33.513,985.594
AWS_AP03,2025-10-26 21:00:00,23.917,50.155,988.025
AWS_AP03,2025-10-26 21:15:00,23.517,49.355,988.246
AWS_AP03,2025-11-02 11:45:00,27.609,31.91,988.767
AWS_AP03,2025-11-02 12:00:00,27.073,31.713,987.811
AWS_AP03,2025-11-06 17:30:00,26.445,33.922,987.49
AWS_AP03,2025-11-06 17:45:00,26.126,37.105,987.763
AWS_AP03,2025-11-10 03:00:00,19.916,66.134,987.403
AWS_AP03,2025-11-10 03:15:00,19.899,65.832,987.307
AWS_AP03,2025-12-03 02:00:00,14.121,70.386,988.631
AWS_AP03,2025-12-03 02:15:00,13.917,74.222,988.775
AWS_AP03,2025-12-21 01:15:00,16.439,73.297,990.336
AWS_AP03,2025-12-21 01:30:00,16.271,69.85,990.524
AWS_AP03,2025-12-22 18:00:00,25.208,35.697,989.875
AWS_AP03,2025-12-22 18:15:00,24.72,41.085,990.453
AWS_AP03,2025-12-22 18:30:00,24.698,37.697,990.77
AWS_AP03,2025-12-22 18:45:00,24.203,42.981,990.471
AWS_AP03,2025-12-22 19:00:00,23.534,46.772,990.621
AWS_AP03,2025-12-22 19:15:00,23.828,46.503,991.827
AWS_AP03,2025-12-22 19:30:00,23.276,48.27,991.651
AWS_AP03,2025-12-22 19:45:00,22.937,45.355,992.299
AWS_AP03,2025-12-22 20:00:00,21.993,48.568,991.299
AWS_AP03,2025-12-22 20:15:00,21.741,53.324,991.892
AWS_AP03,2025-12-22 20:30:00,21.406,50.599,992.026
AWS_AP03,2025-12-22 20:45:00,21.162,49.848,991.823
AWS_AP03,2025-12-22 21:00:00,21.401,53.438,992.004
AWS_AP03,2025-12-22 21:15:00,19.977,54.587,992.346
AWS_AP03,2025-12-22 21:30:00,20.009,55.218,992.285
AWS_AP03,2025-12-22 21:45:00,19.308,55.302,992.328
AWS_AP03,2025-12-22 22:00:00,18.95,59.367,991.828
AWS_AP03,2025-12-22 22:15:00,18.742,57.844,992.028
AWS_AP03,2025-12-22 22:30:00,18.612,63.156,992.348
AWS_AP03,2025-12-22 22:45:00,17.377,64.486,991.539
AWS_AP03,2025-12-22 23:00:00,17.318,64.496,992.289
AWS_AP03,2025-12-22 23:15:00,17.268,66.453,991.71
AWS_AP03,2025-12-22 23:30:00,17.039,63.858,992.001
AWS_AP03,2025-12-22 23:45:00,16.522,69.387,992.063
AWS_AP03,2025-12-23 00:00:00,17.622,66.649,991.956
AWS_AP03,2025-12-23 00:15:00,17.343,67.171,991.844
AWS_AP03,2025-12-23 00:30:00,17.381,66.06,991.548
AWS_AP03,2025-12-23 00:45:00,17.067,69.369,991.233
AWS_AP03,2025-12-23 01:00:00,16.755,67.194,991.251
AWS_AP03,2025-12-23 01:15:00,16.948,72.036,990.836
AWS_AP03,2025-12-23 01:30:00,16.685,73.208,991.11
AWS_AP03,2025-12-23 01:45:00,16.211,73.798,991.047
AWS_AP03,2025-12-23 02:00:00,15.781,71.471,989.92
AWS_AP03,2025-12-23 02:15:00,16.027,76.481,989.186
AWS_AP03,2025-12-23 02:30:00,15.588,73.691,989.837
AWS_AP03,2025-12-23 02:45:00,16.158,69.199,989.527
AWS_AP03,2025-12-23 03:00:00,16.551,73.0,989.214
AWS_AP03,2025-12-23 03:15:00,16.103,76.441,990.01
AWS_AP03,2025-12-23 03:30:00,16.295,72.579,989.543
AWS_AP03,2025-12-23 03:45:00,15.801,74.653,989.609
AWS_AP03,2025-12-23 04:00:00,16.229,67.964,989.052
AWS_AP03,2025-12-23 04:15:00,16.237,71.268,989.154
AWS_AP03,2025-12-23 04:30:00,16.165,71.955,989.258
AWS_AP03,2025-12-23 04:45:00,16.541,71.541,989.614
AWS_AP03,2025-12-23 05:00:00,16.431,67.922,989.661
AWS_AP03,2025-12-23 05:15:00,17.242,68.898,989.695
AWS_AP03,2025-12-23 05:30:00,17.067,70.389,989.25
AWS_AP03,2025-12-23 05:45:00,17.201,70.324,990.279
AWS_AP03,2025-12-23 06:00:00,17.784,67.105,989.834
AWS_AP03,2025-12-23 06:15:00,18.226,67.585,990.439
AWS_AP03,2025-12-23 06:30:00,18.619,62.568,990.305
AWS_AP03,2025-12-23 06:45:00,18.426,64.172,990.576
AWS_AP03,2025-12-23 07:00:00,18.97,64.616,990.758
AWS_AP03,2025-12-23 07:15:00,19.633,59.942,991.079
AWS_AP03,2025-12-23 07:30:00,19.36,60.967,990.916
AWS_AP03,2025-12-23 07:45:00,20.063,58.817,991.188
AWS_AP03,2025-12-23 08:00:00,20.438,60.495,991.687
AWS_AP03,2025-12-23 08:15:00,20.502,84.134,991.509
AWS_AP03,2025-12-23 08:30:00,21.523,82.046,992.619
AWS_AP03,2025-12-23 08:45:00,21.486,81.546,992.256
AWS_AP03,2025-12-23 09:00:00,22.359,52.483,991.786
AWS_AP03,2025-12-23 09:15:00,22.043,51.298,992.068
AWS_AP03,2025-12-23 09:30:00,22.018,47.605,991.922
AWS_AP03,2025-12-23 09:45:00,22.972,51.295,992.048
AWS_AP03,2025-12-23 10:00:00,23.647,46.27,992.014
AWS_AP03,2025-12-23 10:15:00,23.746,47.21,992.672
AWS_AP03,2025-12-23 10:30:00,24.294,43.461,992.689
AWS_AP03,2025-12-23 10:45:00,24.613,49.112,992.135
AWS_AP03,2025-12-23 11:00:00,24.699,43.977,992.115
AWS_AP03,2025-12-23 11:15:00,26.14,43.187,992.161
AWS_AP03,2025-12-23 11:30:00,25.588,38.15,991.342
AWS_AP03,2025-12-23 11:45:00,25.73,43.074,991.591
AWS_AP03,2025-12-23 12:00:00,27.009,42.668,991.557
AWS_AP03,2025-12-23 12:15:00,26.204,41.002,991.019
AWS_AP03,2025-12-23 12:30:00,26.767,36.03,991.105
AWS_AP03,2025-12-23 12:45:00,26.789,32.342,990.918
AWS_AP03,2025-12-23 13:00:00,26.804,38.41,990.653
AWS_AP03,2025-12-23 13:15:00,27.636,37.13,990.508
AWS_AP03,2025-12-23 13:30:00,27.526,35.962,990.286
AWS_AP03,2025-12-23 13:45:00,27.279,35.523,990.266
AWS_AP03,2025-12-23 14:00:00,28.371,32.25,990.285
AWS_AP03,2025-12-23 14:15:00,27.871,33.818,990.233
AWS_AP03,2025-12-23 14:30:00,28.321,34.012,989.856
AWS_AP03,2025-12-23 14:45:00,28.383,35.638,989.522
AWS_AP03,2025-12-23 15:00:00,27.515,32.543,989.404
AWS_AP03,2025-12-23 15:15:00,28.192,32.046,989.175
AWS_AP03,2025-12-23 15:30:00,28.25,30.299,989.271
AWS_AP03,2025-12-23 15:45:00,27.911,32.824,989.478
AWS_AP03,2025-12-23 16:00:00,28.095,31.686,989.518
AWS_AP03,2025-12-23 16:15:00,27.525,31.783,988.867
AWS_AP03,2025-12-23 16:30:00,28.009,34.121,989.737
AWS_AP03,2025-12-23 16:45:00,27.216,33.244,989.637
AWS_AP03,2025-12-23 17:00:00,27.658,39.704,989.103
AWS_AP03,2025-12-23 17:15:00,27.117,38.487,989.245
AWS_AP03,2025-12-23 17:30:00,26.87,35.984,990.371
AWS_AP03,2025-12-23 17:45:00,26.109,35.251,989.712
AWS_AP03,2025-12-23 18:00:00,26.681,40.656,999.072
AWS_AP03,2025-12-24 22:30:00,20.102,58.973,991.449
AWS_AP03,2025-12-24 22:45:00,18.369,59.089,991.869
AWS_AP04,2025-01-14 13:30:00,26.013,61.397,1010.564
AWS_AP04,2025-01-14 13:45:00,26.525,61.602,1010.172
AWS_AP04,2025-01-15 02:30:00,18.588,80.523,1008.08
AWS_AP04,2025-01-15 02:45:00,19.735,80.998,1008.768
AWS_AP04,2025-01-17 15:45:00,28.349,61.712,1008.305
AWS_AP04,2025-01-17 16:00:00,28.961,57.975,1008.723
AWS_AP04,2025-01-20 05:00:00,20.895,78.55,1008.675
AWS_AP04,2025-01-20 05:15:00,21.926,78.276,1008.92
AWS_AP04,2025-01-24 02:30:00,20.532,81.33,1007.429
AWS_AP04,2025-01-24 02:45:00,20.363,80.455,1007.349
AWS_AP04,2025-01-26 00:00:00,21.947,79.13,1008.922
AWS_AP04,2025-01-26 00:15:00,22.593,74.82,1009.51
AWS_AP04,2025-01-26 00:30:00,21.612,77.3,1008.655
AWS_AP04,2025-01-26 00:45:00,22.057,81.572,1008.585
AWS_AP04,2025-01-26 01:00:00,21.749,79.452,1008.374
AWS_AP04,2025-01-26 01:15:00,21.284,82.377,1008.742
AWS_AP04,2025-01-26 01:30:00,21.583,82.916,1008.968
AWS_AP04,2025-01-26 01:45:00,21.149,80.615,1007.914
AWS_AP04,2025-01-26 02:00:00,21.752,82.011,1007.781
AWS_AP04,2025-01-26 02:15:00,21.113,81.209,1007.008
AWS_AP04,2025-01-26 02:30:00,21.342,78.703,1008.153
AWS_AP04,2025-01-26 02:45:00,20.917,80.916,1006.719
AWS_AP04,2025-01-26 03:00:00,20.782,79.928,1006.327
AWS_AP04,2025-01-26 03:15:00,21.043,79.862,1007.28
AWS_AP04,2025-01-26 03:30:00,21.546,80.106,1006.635
AWS_AP04,2025-01-26 03:45:00,20.674,85.123,1007.587
AWS_AP04,2025-01-26 04:00:00,21.017,79.345,1007.042
AWS_AP04,2025-01-26 04:15:00,21.256,80.775,1007.263
AWS_AP04,2025-01-26 04:30:00,21.104,79.932,1006.883
AWS_AP04,2025-01-26 04:45:00,21.147,81.393,1006.938
AWS_AP04,2025-01-26 05:00:00,21.881,80.308,1007.518
AWS_AP04,2025-01-26 05:15:00,21.553,79.562,1007.341
AWS_AP04,2025-01-26 05:30:00,21.688,79.397,1007.672
AWS_AP04,2025-01-26 05:45:00,21.913,76.846,1007.282
AWS_AP04,2025-01-26 06:00:00,22.215,77.203,1006.563
AWS_AP04,2025-01-26 06:15:00,22.609,71.953,1007.609
AWS_AP04,2025-01-26 06:30:00,22.345,75.608,1008.01
AWS_AP04,2025-01-26 06:45:00,22.839,77.521,1009.102
AWS_AP04,2025-01-26 07:00:00,22.957,75.159,1008.142
AWS_AP04,2025-01-26 07:15:00,23.009,74.977,1008.438
AWS_AP04,2025-01-26 07:30:00,23.48,70.051,1008.945
AWS_AP04,2025-01-26 07:45:00,24.128,66.26,1008.77
AWS_AP04,2025-01-26 08:00:00,24.227,71.715,1008.986
AWS_AP04,2025-01-26 08:15:00,24.606,72.503,1009.297
AWS_AP04,2025-01-26 08:30:00,24.012,69.762,1009.116
AWS_AP04,2025-01-26 08:45:00,24.748,67.905,1009.772
AWS_AP04,2025-01-26 09:00:00,25.351,69.038,1009.84
AWS_AP04,2025-01-26 09:15:00,25.378,64.844,1009.973
AWS_AP04,2025-01-26 09:30:00,25.774,69.93,1009.679
AWS_AP04,2025-01-26 09:45:00,26.047,65.176,1010.129
AWS_AP04,2025-01-26 10:00:00,25.862,66.328,1009.793
AWS_AP04,2025-01-26 10:15:00,26.433,65.789,1008.966
AWS_AP04,2025-01-26 10:30:00,26.548,62.319,1009.991
AWS_AP04,2025-01-26 10:45:00,27.148,64.134,1009.474
AWS_AP04,2025-01-26 11:00:00,27.19,64.548,1008.864
AWS_AP04,2025-01-26 11:15:00,27.18,63.941,1010.322
AWS_AP04,2025-01-26 11:30:00,27.728,63.151,1008.639
AWS_AP04,2025-01-26 11:45:00,28.391,60.703,1009.5
AWS_AP04,2025-01-26 12:00:00,27.675,64.346,1009.503
AWS_AP04,2025-01-26 12:15:00,28.642,58.994,1009.148
AWS_AP04,2025-01-26 12:30:00,28.327,61.237,1008.086
AWS_AP04,2025-01-26 12:45:00,28.678,62.301,1008.864
AWS_AP04,2025-01-26 13:00:00,28.358,57.775,1008.567
AWS_AP04,2025-01-26 13:15:00,29.031,59.137,1008.959
AWS_AP04,2025-01-26 13:30:00,29.164,59.982,1008.319
AWS_AP04,2025-01-26 13:45:00,29.682,57.88,1008.335
AWS_AP04,2025-01-26 14:00:00,29.376,57.893,1007.643
AWS_AP04,2025-01-26 14:15:00,28.775,53.938,1007.542
AWS_AP04,2025-01-26 14:30:00,29.388,58.017,1007.901
AWS_AP04,2025-01-26 14:45:00,29.455,57.086,1007.063
AWS_AP04,2025-01-26 15:00:00,28.983,55.422,1007.82
AWS_AP04,2025-01-26 15:15:00,28.75,56.568,1007.531
AWS_AP04,2025-01-26 15:30:00,28.816,56.164,1007.028
AWS_AP04,2025-01-26 15:45:00,29.379,58.446,1006.807
AWS_AP04,2025-01-26 16:00:00,29.17,60.198,1006.772
AWS_AP04,2025-01-26 16:15:00,29.447,56.272,1007.558
AWS_AP04,2025-01-26 16:30:00,29.459,57.759,1006.848
AWS_AP04,2025-01-26 16:45:00,29.174,57.917,1007.023
AWS_AP04,2025-01-26 17:00:00,29.064,59.757,1007.102
AWS_AP04,2025-01-26 17:15:00,29.025,56.496,1007.616
AWS_AP04,2025-01-26 17:30:00,28.641,57.314,1007.494
AWS_AP04,2025-01-26 17:45:00,28.484,62.46,1008.652
AWS_AP04,2025-01-26 18:00:00,27.577,63.194,1007.179
AWS_AP04,2025-01-26 18:15:00,27.792,60.504,1008.147
AWS_AP04,2025-01-26 18:30:00,27.433,63.353,1007.968
AWS_AP04,2025-01-26 18:45:00,27.899,59.349,1008.655
AWS_AP04,2025-01-26 19:00:00,27.008,65.205,1008.494
AWS_AP04,2025-01-26 19:15:00,26.759,64.543,1007.86
AWS_AP04,2025-01-26 19:30:00,26.707,65.046,1008.548
AWS_AP04,2025-01-26 19:45:00,26.995,67.048,1009.801
AWS_AP04,2025-01-26 20:00:00,26.803,65.275,1008.511
AWS_AP04,2025-01-26 20:15:00,25.988,68.267,1009.326
AWS_AP04,2025-01-26 20:30:00,25.879,68.174,1009.239
AWS_AP04,2025-01-26 20:45:00,25.47,63.154,1009.451
AWS_AP04,2025-01-26 21:00:00,25.384,70.454,1008.914
AWS_AP04,2025-01-26 21:15:00,24.361,68.215,1009.217
AWS_AP04,2025-01-26 21:30:00,25.02,71.047,1009.584
AWS_AP04,2025-01-26 21:45:00,24.396,76.639,1009.877
AWS_AP04,2025-01-26 22:00:00,23.974,71.041,1009.896
AWS_AP04,2025-01-26 22:15:00,23.697,72.088,1009.265
AWS_AP04,2025-01-26 22:30:00,23.733,71.329,1009.972
AWS_AP04,2025-01-26 22:45:00,23.797,75.223,1009.328
AWS_AP04,2025-01-26 23:00:00,23.532,72.708,1009.872
AWS_AP04,2025-01-26 23:15:00,22.687,74.766,1009.055
AWS_AP04,2025-01-26 23:30:00,22.886,76.853,1009.091
AWS_AP04,2025-01-26 23:45:00,22.225,77.633,1008.618
AWS_AP04,2025-01-27 00:00:00,16.95,84.561,1010.676
AWS_AP04,2025-01-27 00:15:00,16.932,88.216,1009.154
AWS_AP04,2025-01-27 00:30:00,36.298,83.798,1009.906
AWS_AP04,2025-02-01 08:45:00,23.71,71.187,1010.588
AWS_AP04,2025-02-01 09:00:00,23.818,69.972,1011.142
AWS_AP04,2025-02-08 18:00:00,30.184,58.122,1008.108
AWS_AP04,2025-02-08 18:15:00,29.167,58.122,1008.736
AWS_AP04,2025-02-14 14:15:00,29.363,59.131,1007.535
AWS_AP04,2025-02-14 14:30:00,29.49,59.127,1007.032
AWS_AP04,2025-02-25 11:30:00,29.141,60.135,1008.041
AWS_AP04,2025-02-25 11:45:00,29.871,57.695,1007.799
AWS_AP04,2025-02-25 20:15:00,27.263,65.866,1007.779
AWS_AP04,2025-02-25 20:30:00,27.078,64.508,1007.541
AWS_AP04,2025-03-06 12:30:00,31.474,57.208,1008.136
AWS_AP04,2025-03-06 12:45:00,31.642,60.471,1007.358
AWS_AP04,2025-03-08 11:30:00,31.175,60.098,1009.004
AWS_AP04,2025-03-08 11:45:00,31.634,56.133,1007.276
AWS_AP04,2025-03-10 03:15:00,27.158,71.72,1005.239
AWS_AP04,2025-03-10 03:30:00,27.616,74.432,1005.657
AWS_AP04,2025-03-11 12:15:00,36.579,52.636,1008.007
AWS_AP04,2025-03-11 12:30:00,36.636,51.22,1007.32
AWS_AP04,2025-03-13 15:00:00,35.166,40.467,1005.598
AWS_AP04,2025-03-13 15:15:00,35.467,43.204,1005.175
AWS_AP04,2025-03-13 15:30:00,,,
AWS_AP04,2025-03-13 15:45:00,,,
AWS_AP04,2025-03-13 16:00:00,,,
AWS_AP04,2025-03-13 16:15:00,,,
AWS_AP04,2025-03-13 16:30:00,35.23,45.69,1005.408
AWS_AP04,2025-03-13 16:45:00,35.48,45.657,1005.339
AWS_AP04,2025-03-13 17:00:00,34.73,47.334,1004.666
AWS_AP04,2025-03-13 17:15:00,34.411,49.325,1005.252
AWS_AP04,2025-03-13 17:30:00,34.382,47.615,1004.765
AWS_AP04,2025-03-13 17:45:00,34.045,47.185,1005.4
AWS_AP04,2025-03-13 18:00:00,33.653,49.317,1005.594
AWS_AP04,2025-03-13 18:15:00,33.157,46.889,1005.14
AWS_AP04,2025-03-13 18:30:00,33.367,50.395,1006.262
AWS_AP04,2025-03-13 18:45:00,33.296,49.13,1005.935
AWS_AP04,2025-03-13 19:00:00,33.007,51.251,1006.364
AWS_AP04,2025-03-13 19:15:00,32.931,53.591,1006.066
AWS_AP04,2025-03-13 19:30:00,32.711,52.484,1006.779
AWS_AP04,2025-03-13 19:45:00,32.208,53.038,1006.951
AWS_AP04,2025-03-13 20:00:00,32.179,51.529,1006.436
AWS_AP04,2025-03-13 20:15:00,31.947,54.807,1007.207
AWS_AP04,2025-03-13 20:30:00,31.59,56.17,1006.958
AWS_AP04,2025-03-13 20:45:00,31.623,57.579,1007.173
AWS_AP04,2025-03-13 21:00:00,31.929,58.825,1007.273
AWS_AP04,2025-03-13 21:15:00,31.132,59.345,1007.75
AWS_AP04,2025-03-13 21:30:00,30.562,56.343,1007.279
AWS_AP04,2025-03-13 21:45:00,30.081,60.176,1007.604
AWS_AP04,2025-03-13 22:00:00,30.867,58.151,1007.981
AWS_AP04,2025-03-13 22:15:00,30.035,59.784,1007.568
AWS_AP04,2025-03-13 22:30:00,29.589,59.753,1006.885
AWS_AP04,2025-03-13 22:45:00,29.591,63.218,1007.598
AWS_AP04,2025-03-13 23:00:00,29.214,61.773,1007.631
AWS_AP04,2025-03-13 23:15:00,29.134,65.67,1007.252
AWS_AP04,2025-03-13 23:30:00,28.729,61.7,1007.135
AWS_AP04,2025-03-13 23:45:00,28.205,66.918,1007.136
AWS_AP04,2025-03-14 00:00:00,28.981,66.014,1006.212
AWS_AP04,2025-03-14 00:15:00,28.478,67.935,1005.064
AWS_AP04,2025-03-14 00:30:00,28.886,63.221,1005.48
AWS_AP04,2025-03-14 00:45:00,28.717,65.839,1006.104
AWS_AP04,2025-03-14 01:00:00,28.652,67.799,1005.059
AWS_AP04,2025-03-14 01:15:00,28.595,70.149,1005.306
AWS_AP04,2025-03-14 01:30:00,27.412,67.726,1005.78
AWS_AP04,2025-03-14 01:45:00,27.997,70.627,1005.262
AWS_AP04,2025-03-14 02:00:00,27.932,69.987,1005.095
AWS_AP04,2025-03-14 02:15:00,27.789,66.418,1004.895
AWS_AP04,2025-03-14 02:30:00,27.909,64.379,1004.909
AWS_AP04,2025-03-14 02:45:00,27.544,71.666,1004.505
AWS_AP04,2025-03-14 03:00:00,28.231,67.097,1004.552
AWS_AP04,2025-03-14 03:15:00,27.328,65.359,1003.53
AWS_AP04,2025-03-14 03:30:00,27.478,68.217,1004.111
AWS_AP04,2025-03-14 03:45:00,27.598,70.688,1003.554
AWS_AP04,2025-03-14 04:00:00,28.176,66.673,1004.472
AWS_AP04,2025-03-14 04:15:00,27.859,70.183,1004.144
AWS_AP04,2025-03-14 04:30:00,28.5,66.444,1003.554
AWS_AP04,2025-03-14 04:45:00,27.913,67.67,1004.237
AWS_AP04,2025-03-14 05:00:00,28.378,64.903,1004.245
AWS_AP04,2025-03-14 05:15:00,28.636,66.249,1004.405
AWS_AP04,2025-03-14 05:30:00,28.814,63.235,1004.118
AWS_AP04,2025-03-14 05:45:00,28.534,68.126,1004.75
AWS_AP04,2025-03-14 06:00:00,29.067,63.614,1004.924
AWS_AP04,2025-03-14 06:15:00,28.606,62.894,1004.825
AWS_AP04,2025-03-14 06:30:00,30.225,60.511,1005.552
AWS_AP04,2025-03-14 06:45:00,29.972,63.887,1005.87
AWS_AP04,2025-03-14 07:00:00,30.162,63.168,1005.034
AWS_AP04,2025-03-14 07:15:00,30.031,59.578,1005.898
AWS_AP04,2025-03-14 07:30:00,30.317,64.494,1005.378
AWS_AP04,2025-03-14 07:45:00,30.794,60.5,1005.808
AWS_AP04,2025-03-14 08:00:00,30.781,57.15,1005.409
AWS_AP04,2025-03-14 08:15:00,31.282,57.834,1006.319
AWS_AP04,2025-03-14 08:30:00,31.812,58.587,1006.566
AWS_AP04,2025-03-14 08:45:00,31.316,56.182,1006.273
AWS_AP04,2025-03-14 09:00:00,32.197,55.565,1006.569
AWS_AP04,2025-03-14 09:15:00,31.89,59.712,1005.881
AWS_AP04,2025-03-14 09:30:00,32.146,54.164,1006.476
AWS_AP04,2025-03-14 09:45:00,32.678,54.561,1006.949
AWS_AP04,2025-03-14 10:00:00,33.081,54.272,1006.704
AWS_AP04,2025-03-14 10:15:00,32.695,49.203,1006.961
AWS_AP04,2025-03-14 10:30:00,33.815,52.106,1006.312
AWS_AP04,2025-03-14 10:45:00,33.362,48.562,1007.458
AWS_AP04,2025-03-14 11:00:00,33.16,50.779,1006.482
AWS_AP04,2025-03-14 11:15:00,33.969,49.521,1006.23
AWS_AP04,2025-03-14 11:30:00,34.004,48.442,1006.154
AWS_AP04,2025-03-14 11:45:00,34.565,48.501,1006.109
AWS_AP04,2025-03-14 12:00:00,34.815,47.167,1005.861
AWS_AP04,2025-03-14 12:15:00,34.526,44.989,1005.787
AWS_AP04,2025-03-14 12:30:00,35.034,46.325,1005.251
AWS_AP04,2025-03-14 12:45:00,35.564,50.323,1005.35
AWS_AP04,2025-03-14 13:00:00,36.024,46.969,1005.036
AWS_AP04,2025-03-14 13:15:00,35.428,43.094,1005.413
AWS_AP04,2025-03-14 13:30:00,35.715,42.442,1006.425
AWS_AP04,2025-03-14 13:45:00,35.455,52.1,1004.802
AWS_AP04,2025-03-14 14:00:00,35.726,45.849,1004.864
AWS_AP04,2025-03-14 14:15:00,36.205,47.842,1004.255
AWS_AP04,2025-03-14 14:30:00,35.769,49.198,1004.933
AWS_AP04,2025-03-14 14:45:00,35.686,44.104,1004.603
AWS_AP04,2025-03-14 15:00:00,35.891,45.987,1004.499
AWS_AP04,2025-03-28 06:00:00,25.149,69.277,1003.843
AWS_AP04,2025-03-28 06:15:00,25.417,66.911,1004.003
AWS_AP04,2025-04-01 12:00:00,33.017,56.859,1004.539
AWS_AP04,2025-04-01 12:15:00,34.004,56.575,1005.463
AWS_AP04,2025-04-03 09:15:00,30.683,61.574,1005.207
AWS_AP04,2025-04-03 09:30:00,30.497,62.126,1005.236
AWS_AP04,2025-04-16 02:30:00,31.075,70.082,1002.385
AWS_AP04,2025-04-16 02:45:00,31.065,69.836,1002.782
AWS_AP04,2025-04-21 13:00:00,34.37,56.158,1002.986
AWS_AP04,2025-04-21 13:15:00,35.116,57.124,1002.296
AWS_AP04,2025-04-22 02:00:00,27.964,77.591,1001.513
AWS_AP04,2025-04-22 02:15:00,27.714,77.209,1001.853
AWS_AP04,2025-05-07 17:45:00,33.762,56.616,1000.727
AWS_AP04,2025-05-07 18:00:00,32.765,55.937,1000.921
AWS_AP04,2025-05-07 21:30:00,29.655,66.876,1002.939
AWS_AP04,2025-05-07 21:45:00,29.343,66.145,1002.398
AWS_AP04,2025-05-10 14:45:00,36.373,53.916,1000.593
AWS_AP04,2025-05-10 15:00:00,36.665,51.271,1000.177
AWS_AP04,2025-05-13 03:00:00,27.154,83.847,1001.117
AWS_AP04,2025-05-13 03:15:00,27.143,80.756,999.538
AWS_AP04,2025-05-16 09:30:00,31.236,63.043,1001.572
AWS_AP04,2025-05-16 09:45:00,31.915,64.591,1001.552
AWS_AP04,2025-05-17 00:45:00,27.87,75.569,1001.891
AWS_AP04,2025-05-17 01:00:00,27.87,73.938,1000.758
AWS_AP04,2025-05-18 17:00:00,34.025,57.681,998.13
AWS_AP04,2025-05-18 17:15:00,33.799,58.775,999.248
AWS_AP04,2025-05-21 13:30:00,34.727,57.016,1001.08
AWS_AP04,2025-05-21 13:45:00,35.16,56.489,1000.664
AWS_AP04,2025-05-31 15:00:00,34.204,62.899,997.271
AWS_AP04,2025-05-31 15:15:00,33.85,65.722,997.422
AWS_AP04,2025-05-31 23:00:00,27.758,84.458,999.43
AWS_AP04,2025-05-31 23:15:00,27.399,85.599,999.196
AWS_AP04,2025-06-19 10:45:00,29.821,72.829,1000.249
AWS_AP04,2025-06-19 11:00:00,29.724,67.296,999.713
AWS_AP04,2025-06-21 11:15:00,31.472,70.412,999.604
AWS_AP04,2025-06-21 11:30:00,31.187,72.083,999.156
AWS_AP04,2025-06-21 11:45:00,31.751,74.749,999.289
AWS_AP04,2025-06-21 12:00:00,31.53,72.622,999.336
AWS_AP04,2025-06-21 12:15:00,31.991,71.427,999.023
AWS_AP04,2025-06-21 12:30:00,31.833,68.3,1000.254
AWS_AP04,2025-06-21 12:45:00,32.295,67.621,999.128
AWS_AP04,2025-06-21 13:00:00,32.015,65.924,998.431
AWS_AP04,2025-06-21 13:15:00,33.091,71.262,998.847
AWS_AP04,2025-06-21 13:30:00,32.535,66.692,998.824
AWS_AP04,2025-06-21 13:45:00,31.995,65.867,998.954
AWS_AP04,2025-06-21 14:00:00,33.133,69.148,998.412
AWS_AP04,2025-06-21 14:15:00,32.53,67.244,998.164
AWS_AP04,2025-06-21 14:30:00,33.236,64.91,998.091
AWS_AP04,2025-06-21 14:45:00,32.597,67.276,997.895
AWS_AP04,2025-06-21 15:00:00,32.347,66.262,997.57
AWS_AP04,2025-06-21 15:15:00,32.666,66.815,997.522
AWS_AP04,2025-06-21 15:30:00,32.818,70.366,997.239
AWS_AP04,2025-06-21 15:45:00,32.273,66.744,997.88
AWS_AP04,2025-06-21 16:00:00,32.707,68.216,997.111
AWS_AP04,2025-06-21 16:15:00,32.629,66.939,997.829
AWS_AP04,2025-06-21 16:30:00,32.189,68.184,996.982
AWS_AP04,2025-06-21 16:45:00,31.986,68.988,998.635
AWS_AP04,2025-06-21 17:00:00,32.341,69.658,997.449
AWS_AP04,2025-06-21 17:15:00,32.585,71.473,997.818
AWS_AP04,2025-06-21 17:30:00,31.993,68.202,997.628
AWS_AP04,2025-06-21 17:45:00,32.131,70.492,997.769
AWS_AP04,2025-06-21 18:00:00,31.746,74.665,998.451
AWS_AP04,2025-06-21 18:15:00,31.696,70.01,998.312
AWS_AP04,2025-06-21 18:30:00,31.867,71.53,998.638
AWS_AP04,2025-06-21 18:45:00,31.29,73.41,999.255
AWS_AP04,2025-06-21 19:00:00,31.216,73.025,998.145
AWS_AP04,2025-06-21 19:15:00,30.375,73.974,998.973
AWS_AP04,2025-06-21 19:30:00,30.396,75.552,999.517
AWS_AP04,2025-06-21 19:45:00,30.068,74.901,998.621
AWS_AP04,2025-06-21 20:00:00,30.387,76.009,1000.21
AWS_AP04,2025-06-21 20:15:00,29.827,80.794,999.317
AWS_AP04,2025-06-21 20:30:00,30.039,75.058,999.27
AWS_AP04,2025-06-21 20:45:00,29.336,79.03,1000.028
AWS_AP04,2025-06-21 21:00:00,29.196,81.112,1000.82
AWS_AP04,2025-06-21 21:15:00,29.416,79.306,999.361
AWS_AP04,2025-06-21 21:30:00,28.965,77.794,1000.717
AWS_AP04,2025-06-21 21:45:00,28.618,83.603,1000.296
AWS_AP04,2025-06-21 22:00:00,28.56,80.487,1000.828
AWS_AP04,2025-06-21 22:15:00,28.503,83.164,1000.15
AWS_AP04,2025-06-21 22:30:00,27.774,80.422,999.686
AWS_AP04,2025-06-21 22:45:00,27.686,86.119,1000.346
AWS_AP04,2025-06-21 23:00:00,27.899,85.417,1000.508
AWS_AP04,2025-06-21 23:15:00,27.147,85.211,999.354
AWS_AP04,2025-06-21 23:30:00,27.708,86.881,999.731
AWS_AP04,2025-06-21 23:45:00,27.131,84.974,999.125
AWS_AP04,2025-06-22 00:00:00,25.262,90.673,999.041
AWS_AP04,2025-06-22 00:15:00,25.333,90.186,998.954
AWS_AP04,2025-06-22 00:30:00,24.975,91.108,998.671
AWS_AP04,2025-06-22 00:45:00,24.368,88.262,998.941
AWS_AP04,2025-06-22 01:00:00,24.641,91.043,998.853
AWS_AP04,2025-06-22 01:15:00,24.666,87.411,998.487
AWS_AP04,2025-06-22 01:30:00,24.753,90.898,998.296
AWS_AP04,2025-06-22 01:45:00,24.064,95.069,998.045
AWS_AP04,2025-06-22 02:00:00,24.089,93.634,997.503
AWS_AP04,2025-06-22 02:15:00,23.906,91.995,998.265
AWS_AP04,2025-06-22 02:30:00,24.234,87.895,997.841
AWS_AP04,2025-06-22 02:45:00,24.18,91.742,997.616
AWS_AP04,2025-06-22 03:00:00,23.982,92.601,997.962
AWS_AP04,2025-06-22 03:15:00,24.305,93.913,997.78
AWS_AP04,2025-06-22 03:30:00,23.653,85.956,997.378
AWS_AP04,2025-06-22 03:45:00,24.206,93.085,997.326
AWS_AP04,2025-06-22 04:00:00,24.579,89.967,997.349
AWS_AP04,2025-06-22 04:15:00,24.62,91.472,997.21
AWS_AP04,2025-06-22 04:30:00,24.914,92.11,997.18
AWS_AP04,2025-06-22 04:45:00,24.893,92.389,997.526
AWS_AP04,2025-06-22 05:00:00,24.766,93.024,997.576
AWS_AP04,2025-06-22 05:15:00,24.436,89.615,997.315
AWS_AP04,2025-06-22 05:30:00,24.802,89.353,998.212
AWS_AP04,2025-06-22 05:45:00,24.95,90.008,997.901
AWS_AP04,2025-06-22 06:00:00,25.621,88.018,997.579
AWS_AP04,2025-06-22 06:15:00,25.697,88.144,998.105
AWS_AP04,2025-06-22 06:30:00,25.272,90.384,997.921
AWS_AP04,2025-06-22 06:45:00,26.449,88.463,998.81
AWS_AP04,2025-06-22 07:00:00,25.894,88.793,998.561
AWS_AP04,2025-06-22 07:15:00,25.955,86.088,999.026
AWS_AP04,2025-06-22 07:30:00,26.17,84.846,999.133
AWS_AP04,2025-06-22 07:45:00,26.116,88.1,999.384
AWS_AP04,2025-06-22 08:00:00,26.529,81.115,999.575
AWS_AP04,2025-06-22 08:15:00,27.519,84.542,999.181
AWS_AP04,2025-06-22 08:30:00,27.514,82.862,999.971
AWS_AP04,2025-06-22 08:45:00,27.476,82.8,999.98
AWS_AP04,2025-06-22 09:00:00,28.002,83.249,1000.38
AWS_AP04,2025-06-22 09:15:00,27.753,76.192,999.359
AWS_AP04,2025-06-22 09:30:00,28.229,76.879,1000.594
AWS_AP04,2025-06-22 09:45:00,28.493,79.8,999.642
AWS_AP04,2025-06-22 10:00:00,29.005,77.055,999.815
AWS_AP04,2025-06-22 10:15:00,28.965,75.884,999.768
AWS_AP04,2025-06-22 10:30:00,28.508,74.463,999.393
AWS_AP04,2025-06-22 10:45:00,29.541,80.176,1000.41
AWS_AP04,2025-06-22 11:00:00,29.269,78.189,1000.124
AWS_AP04,2025-06-22 11:15:00,14.856,76.34,999.045
AWS_AP04,2025-06-23 01:45:00,26.264,91.56,998.317
AWS_AP04,2025-06-23 02:00:00,26.893,92.282,997.594
AWS_AP04,2025-06-26 11:45:00,29.038,69.31,999.646
AWS_AP04,2025-06-26 12:00:00,29.544,70.532,999.549
AWS_AP04,2025-06-27 00:45:00,24.946,90.566,999.489
AWS_AP04,2025-06-27 01:00:00,24.881,91.773,999.871
AWS_AP04,2025-07-04 06:30:00,26.918,88.088,998.543
AWS_AP04,2025-07-04 06:45:00,27.367,85.847,999.003
AWS_AP04,2025-07-09 14:45:00,31.257,68.776,998.354
AWS_AP04,2025-07-09 15:00:00,30.435,67.912,997.687
AWS_AP04,2025-07-09 15:15:00,30.813,67.979,998.189
AWS_AP04,2025-07-09 15:30:00,30.592,67.973,998.314
AWS_AP04,2025-07-09 15:45:00,30.284,69.611,997.832
AWS_AP04,2025-07-09 16:00:00,30.088,71.221,998.351
AWS_AP04,2025-07-09 16:15:00,30.53,71.383,999.171
AWS_AP04,2025-07-09 16:30:00,30.176,70.337,999.124
AWS_AP04,2025-07-09 16:45:00,30.394,71.711,998.801
AWS_AP04,2025-07-09 17:00:00,29.958,73.802,998.664
AWS_AP04,2025-07-09 17:15:00,30.404,72.821,998.511
AWS_AP04,2025-07-09 17:30:00,29.899,69.837,998.896
AWS_AP04,2025-07-09 17:45:00,29.403,76.038,999.235
AWS_AP04,2025-07-09 18:00:00,29.791,69.879,998.692
AWS_AP04,2025-07-09 18:15:00,29.439,72.053,999.639
AWS_AP04,2025-07-09 18:30:00,29.025,71.951,998.771
AWS_AP04,2025-07-09 18:45:00,28.925,74.46,999.144
AWS_AP04,2025-07-09 19:00:00,28.614,73.429,1000.0
AWS_AP04,2025-07-09 19:15:00,28.442,75.989,999.989
AWS_AP04,2025-07-09 19:30:00,28.684,72.257,1000.32
AWS_AP04,2025-07-09 19:45:00,28.734,78.834,1000.642
AWS_AP04,2025-07-09 20:00:00,28.225,76.477,1000.064
AWS_AP04,2025-07-09 20:15:00,27.857,77.423,1000.197
AWS_AP04,2025-07-09 20:30:00,27.636,78.295,1000.087
AWS_AP04,2025-07-09 20:45:00,27.569,85.31,1000.888
AWS_AP04,2025-07-09 21:00:00,27.414,82.113,1001.568
AWS_AP04,2025-07-09 21:15:00,26.779,80.878,1000.74
AWS_AP04,2025-07-09 21:30:00,26.815,81.505,1000.766
AWS_AP04,2025-07-09 21:45:00,26.8,84.978,1000.87
AWS_AP04,2025-07-09 22:00:00,26.208,86.533,1001.77
AWS_AP04,2025-07-09 22:15:00,26.747,83.152,1000.697
AWS_AP04,2025-07-09 22:30:00,26.907,88.321,1001.119
AWS_AP04,2025-07-09 22:45:00,26.24,87.154,1000.346
AWS_AP04,2025-07-09 23:00:00,25.464,90.386,1000.724
AWS_AP04,2025-07-09 23:15:00,25.736,86.371,1001.081
AWS_AP04,2025-07-09 23:30:00,25.588,89.459,1000.104
AWS_AP04,2025-07-09 23:45:00,25.024,89.625,1000.43
AWS_AP04,2025-07-10 00:00:00,27.01,88.824,999.869
AWS_AP04,2025-07-10 00:15:00,26.813,88.599,1000.003
AWS_AP04,2025-07-10 00:30:00,26.809,92.33,999.784
AWS_AP04,2025-07-10 00:45:00,26.453,89.559,999.519
AWS_AP04,2025-07-10 01:00:00,26.547,92.121,999.644
AWS_AP04,2025-07-10 01:15:00,26.805,92.286,999.128
AWS_AP04,2025-07-10 01:30:00,26.274,92.665,998.853
AWS_AP04,2025-07-10 01:45:00,26.737,92.146,998.786
AWS_AP04,2025-07-10 02:00:00,26.078,92.623,998.893
AWS_AP04,2025-07-10 02:15:00,26.554,95.561,998.85
AWS_AP04,2025-07-10 02:30:00,26.479,91.681,998.61
AWS_AP04,2025-07-10 02:45:00,26.29,90.057,997.742
AWS_AP04,2025-07-10 03:00:00,26.197,92.831,999.066
AWS_AP04,2025-07-10 03:15:00,26.317,94.141,998.088
AWS_AP04,2025-07-10 03:30:00,26.557,92.807,998.331
AWS_AP04,2025-07-10 03:45:00,26.059,94.264,997.711
AWS_AP04,2025-07-10 04:00:00,26.399,94.168,997.616
AWS_AP04,2025-07-10 04:15:00,26.323,94.892,997.699
AWS_AP04,2025-07-10 04:30:00,26.552,94.209,997.968
AWS_AP04,2025-07-10 04:45:00,26.509,94.091,998.614
AWS_AP04,2025-07-10 05:00:00,26.953,92.065,998.177
AWS_AP04,2025-07-10 05:15:00,26.39,88.902,998.77
AWS_AP04,2025-07-10 05:30:00,26.858,90.601,997.798
AWS_AP04,2025-07-10 05:45:00,27.069,89.433,997.935
AWS_AP04,2025-07-10 06:00:00,26.923,90.517,998.759
AWS_AP04,2025-07-10 06:15:00,26.874,87.099,999.39
AWS_AP04,2025-07-10 06:30:00,27.772,84.531,998.415
AWS_AP04,2025-07-10 06:45:00,27.546,87.714,998.997
AWS_AP04,2025-07-10 07:00:00,27.572,89.734,998.786
AWS_AP04,2025-07-10 07:15:00,28.054,86.356,999.128
AWS_AP04,2025-07-10 07:30:00,28.014,86.634,998.739
AWS_AP04,2025-07-10 07:45:00,28.184,83.99,999.49
AWS_AP04,2025-07-10 08:00:00,28.532,80.004,1000.085
AWS_AP04,2025-07-10 08:15:00,28.669,80.858,999.928
AWS_AP04,2025-07-10 08:30:00,29.366,85.205,1000.371
AWS_AP04,2025-07-10 08:45:00,29.291,81.534,1000.108
AWS_AP04,2025-07-10 09:00:00,29.129,81.42,999.902
AWS_AP04,2025-07-10 09:15:00,29.978,82.524,1000.14
AWS_AP04,2025-07-10 09:30:00,29.706,80.582,1000.59
AWS_AP04,2025-07-10 09:45:00,30.478,79.441,1000.456
AWS_AP04,2025-07-10 10:00:00,29.902,76.672,1000.039
AWS_AP04,2025-07-10 10:15:00,30.204,75.985,1000.713
AWS_AP04,2025-07-10 10:30:00,30.111,76.282,1000.534
AWS_AP04,2025-07-10 10:45:00,30.578,77.456,1001.065
AWS_AP04,2025-07-10 11:00:00,32.001,73.259,999.948
AWS_AP04,2025-07-10 11:15:00,31.033,75.183,999.386
AWS_AP04,2025-07-10 11:30:00,31.435,75.655,999.672
AWS_AP04,2025-07-10 11:45:00,31.23,72.392,1000.3
AWS_AP04,2025-07-10 12:00:00,31.526,71.232,1000.151
AWS_AP04,2025-07-10 12:15:00,31.744,73.835,999.455
AWS_AP04,2025-07-10 12:30:00,32.097,68.95,998.612
AWS_AP04,2025-07-10 12:45:00,31.868,76.164,999.319
AWS_AP04,2025-07-10 13:00:00,32.382,67.713,999.248
AWS_AP04,2025-07-10 13:15:00,31.943,73.718,999.224
AWS_AP04,2025-07-10 13:30:00,32.208,72.008,999.844
AWS_AP04,2025-07-10 13:45:00,32.208,69.551,998.994
AWS_AP04,2025-07-10 14:00:00,32.493,68.996,998.027
AWS_AP04,2025-07-10 14:15:00,32.514,69.038,998.159
AWS_AP04,2025-07-10 14:30:00,32.933,71.685,997.576
AWS_AP04,2025-07-10 14:45:00,32.762,68.071,1012.149
AWS_AP04,2025-07-15 03:15:00,25.369,93.222,998.246
AWS_AP04,2025-07-15 03:30:00,25.227,91.552,998.369
AWS_AP04,2025-07-15 11:45:00,30.525,74.049,1000.229
AWS_AP04,2025-07-15 12:00:00,30.31,73.214,999.799
AWS_AP04,2025-07-21 23:15:00,25.378,87.139,1002.362
AWS_AP04,2025-07-21 23:30:00,24.183,87.416,1002.465
AWS_AP04,2025-07-22 08:00:00,26.951,86.313,999.976
AWS_AP04,2025-07-22 08:15:00,26.618,84.686,1000.403
AWS_AP04,2025-08-12 04:15:00,24.205,91.215,998.933
AWS_AP04,2025-08-12 04:30:00,24.664,95.892,999.13
AWS_AP04,2025-08-12 20:45:00,27.601,80.055,1001.405
AWS_AP04,2025-08-12 21:00:00,26.8,81.575,1001.545
AWS_AP04,2025-08-15 10:30:00,29.318,80.365,1001.526
AWS_AP04,2025-08-15 10:45:00,30.095,77.25,1000.883
AWS_AP04,2025-09-20 00:15:00,26.21,84.997,1003.099
AWS_AP04,2025-09-20 00:30:00,25.454,86.435,1002.626
AWS_AP04,2025-10-04 10:30:00,29.254,70.467,1003.358
AWS_AP04,2025-10-04 10:45:00,29.38,74.191,1003.259
AWS_AP04,2025-10-06 22:30:00,26.544,82.389,1004.863
AWS_AP04,2025-10-06 22:45:00,26.078,84.761,1004.627
AWS_AP04,2025-10-10 19:45:00,29.494,71.609,1003.451
AWS_AP04,2025-10-10 20:00:00,29.754,70.848,1003.191
AWS_AP04,2025-10-17 17:15:00,30.137,63.425,1003.616
AWS_AP04,2025-10-17 17:30:00,30.19,71.219,1003.34
AWS_AP04,2025-10-23 13:00:00,29.486,63.704,1004.897
AWS_AP04,2025-10-23 13:15:00,30.356,63.519,1004.572
AWS_AP04,2025-10-26 21:00:00,26.378,73.145,1006.811
AWS_AP04,2025-10-26 21:15:00,26.712,78.657,1006.594
AWS_AP04,2025-11-02 11:45:00,28.246,63.586,1006.52
AWS_AP04,2025-11-02 12:00:00,27.834,61.756,1006.767
AWS_AP04,2025-11-06 17:30:00,26.745,61.534,1005.689
AWS_AP04,2025-11-06 17:45:00,27.266,69.14,1005.349
AWS_AP04,2025-11-10 03:00:00,20.28,83.457,1005.498
AWS_AP04,2025-11-10 03:15:00,20.784,79.75,1005.861
AWS_AP04,2025-12-03 02:00:00,19.988,84.099,1008.024
AWS_AP04,2025-12-03 02:15:00,19.986,85.16,1008.142
AWS_AP04,2025-12-21 01:15:00,20.42,78.433,1008.394
AWS_AP04,2025-12-21 01:30:00,19.722,76.456,1009.247
AWS_AP04,2025-12-23 17:45:00,25.776,65.105,1008.76
AWS_AP04,2025-12-23 18:00:00,25.516,61.945,1007.983
AWS_AP04,2025-12-24 22:30:00,22.724,79.242,1011.178
AWS_AP04,2025-12-24 22:45:00,22.283,78.229,1010.765
AWS_AP05,2025-01-14 13:30:00,24.42,39.01,978.083
AWS_AP05,2025-01-14 13:45:00,24.301,39.355,978.072
AWS_AP05,2025-01-15 02:30:00,18.299,74.378,978.783
AWS_AP05,2025-01-15 02:45:00,17.778,70.518,978.523
AWS_AP05,2025-01-17 15:45:00,28.354,39.464,977.453
AWS_AP05,2025-01-17 16:00:00,27.982,29.892,977.289
AWS_AP05,2025-01-20 05:00:00,15.962,72.197,977.018
AWS_AP05,2025-01-20 05:15:00,15.661,69.171,976.869
AWS_AP05,2025-01-24 02:30:00,17.929,70.483,976.805
AWS_AP05,2025-01-24 02:45:00,18.419,70.721,976.302
AWS_AP05,2025-01-26 00:00:00,17.213,60.103,977.047
AWS_AP05,2025-01-26 00:15:00,17.332,61.858,977.043
AWS_AP05,2025-01-26 00:30:00,16.392,62.247,976.26
AWS_AP05,2025-01-26 00:45:00,17.239,67.215,976.727
AWS_AP05,2025-01-26 01:00:00,16.563,65.177,977.147
AWS_AP05,2025-01-26 01:15:00,16.485,65.335,976.278
AWS_AP05,2025-01-26 01:30:00,16.955,64.949,976.744
AWS_AP05,2025-01-26 01:45:00,16.001,67.717,976.213
AWS_AP05,2025-01-26 02:00:00,15.741,66.681,976.643
AWS_AP05,2025-01-26 02:15:00,15.833,69.648,975.375
AWS_AP05,2025-01-26 02:30:00,15.999,66.185,976.24
AWS_AP05,2025-01-26 02:45:00,15.641,69.591,975.927
AWS_AP05,2025-01-26 03:00:00,15.415,67.354,975.114
AWS_AP05,2025-01-26 03:15:00,15.567,70.482,975.384
AWS_AP05,2025-01-26 03:30:00,15.688,67.444,975.657
AWS_AP05,2025-01-26 03:45:00,15.735,67.033,975.367
AWS_AP05,2025-01-26 04:00:00,15.636,67.215,975.344
AWS_AP05,2025-01-26 04:15:00,15.951,68.192,975.872
AWS_AP05,2025-01-26 04:30:00,15.864,66.134,974.81
AWS_AP05,2025-01-26 04:45:00,16.623,63.771,976.018
AWS_AP05,2025-01-26 05:00:00,16.673,65.338,975.527
AWS_AP05,2025-01-26 05:15:00,17.538,66.013,975.965
AWS_AP05,2025-01-26 05:30:00,16.784,65.192,976.067
AWS_AP05,2025-01-26 05:45:00,16.896,62.05,976.668
AWS_AP05,2025-01-26 06:00:00,17.482,62.958,975.861
AWS_AP05,2025-01-26 06:15:00,17.903,62.189,976.461
AWS_AP05,2025-01-26 06:30:00,17.762,57.246,976.304
AWS_AP05,2025-01-26 06:45:00,18.601,62.176,976.209
AWS_AP05,2025-01-26 07:00:00,18.442,55.507,976.174
AWS_AP05,2025-01-26 07:15:00,19.182,56.872,977.223
AWS_AP05,2025-01-26 07:30:00,19.412,56.009,977.051
AWS_AP05,2025-01-26 07:45:00,20.406,57.903,976.769
AWS_AP05,2025-01-26 08:00:00,20.116,56.814,978.138
AWS_AP05,2025-01-26 08:15:00,20.698,53.993,978.099
AWS_AP05,2025-01-26 08:30:00,20.534,53.033,977.142
AWS_AP05,2025-01-26 08:45:00,21.246,49.915,977.604
AWS_AP05,2025-01-26 09:00:00,21.815,46.551,977.999
AWS_AP05,2025-01-26 09:15:00,22.458,44.196,978.539
AWS_AP05,2025-01-26 09:30:00,22.559,46.91,977.802
AWS_AP05,2025-01-26 09:45:00,23.303,44.228,977.685
AWS_AP05,2025-01-26 10:00:00,23.087,48.862,978.416
AWS_AP05,2025-01-26 10:15:00,23.856,43.484,978.275
AWS_AP05,2025-01-26 10:30:00,24.106,40.423,978.721
AWS_AP05,2025-01-26 10:45:00,24.608,38.797,977.77
AWS_AP05,2025-01-26 11:00:00,24.888,36.218,978.366
AWS_AP05,2025-01-26 11:15:00,25.528,37.622,977.607
AWS_AP05,2025-01-26 11:30:00,25.295,34.403,977.775
AWS_AP05,2025-01-26 11:45:00,25.544,35.617,977.797
AWS_AP05,2025-01-26 12:00:00,25.985,35.628,977.427
AWS_AP05,2025-01-26 12:15:00,26.314,31.145,976.904
AWS_AP05,2025-01-26 12:30:00,26.576,34.092,976.912
AWS_AP05,2025-01-26 12:45:00,27.479,26.964,976.927
AWS_AP05,2025-01-26 13:00:00,27.038,36.315,976.821
AWS_AP05,2025-01-26 13:15:00,28.013,32.792,976.86
AWS_AP05,2025-01-26 13:30:00,27.436,31.213,977.022
AWS_AP05,2025-01-26 13:45:00,27.868,28.777,976.48
AWS_AP05,2025-01-26 14:00:00,27.82,29.325,975.765
AWS_AP05,2025-01-26 14:15:00,27.639,32.019,976.105
AWS_AP05,2025-01-26 14:30:00,27.786,31.253,976.175
AWS_AP05,2025-01-26 14:45:00,28.248,25.978,974.776
AWS_AP05,2025-01-26 15:00:00,27.407,28.779,975.34
AWS_AP05,2025-01-26 15:15:00,27.932,29.324,976.374
AWS_AP05,2025-01-26 15:30:00,27.505,29.992,975.041
AWS_AP05,2025-01-26 15:45:00,28.142,28.631,975.749
AWS_AP05,2025-01-26 16:00:00,27.271,27.625,975.822
AWS_AP05,2025-01-26 16:15:00,27.171,33.41,975.401
AWS_AP05,2025-01-26 16:30:00,27.471,30.682,975.459
AWS_AP05,2025-01-26 16:45:00,27.212,-3.456,975.576
AWS_AP05,2025-01-26 17:00:00,27.294,-8.432,975.629
AWS_AP05,2025-01-26 17:15:00,26.834,33.407,976.545
AWS_AP05,2025-01-26 17:30:00,26.103,32.126,974.782
AWS_AP05,2025-01-26 17:45:00,25.492,38.096,976.142
AWS_AP05,2025-01-26 18:00:00,26.075,35.894,976.261
AWS_AP05,2025-01-26 18:15:00,26.594,37.849,975.563
AWS_AP05,2025-01-26 18:30:00,25.093,33.538,977.062
AWS_AP05,2025-01-26 18:45:00,25.91,35.7,976.651
AWS_AP05,2025-01-26 19:00:00,24.785,34.438,977.152
AWS_AP05,2025-01-26 19:15:00,24.349,40.77,977.109
AWS_AP05,2025-01-26 19:30:00,24.254,40.424,977.232
AWS_AP05,2025-01-26 19:45:00,23.911,42.057,976.519
AWS_AP05,2025-01-26 20:00:00,23.29,42.492,977.189
AWS_AP05,2025-01-26 20:15:00,22.773,45.178,978.03
AWS_AP05,2025-01-26 20:30:00,22.597,42.703,978.336
AWS_AP05,2025-01-26 20:45:00,22.042,47.656,978.117
AWS_AP05,2025-01-26 21:00:00,21.847,47.892,977.245
AWS_AP05,2025-01-26 21:15:00,21.182,49.917,977.96
AWS_AP05,2025-01-26 21:30:00,21.356,51.687,977.958
AWS_AP05,2025-01-26 21:45:00,20.295,50.708,977.993
AWS_AP05,2025-01-26 22:00:00,19.737,52.141,978.285
AWS_AP05,2025-01-26 22:15:00,20.023,51.589,977.89
AWS_AP05,2025-01-26 22:30:00,19.815,55.062,978.181
AWS_AP05,2025-01-26 22:45:00,19.043,56.503,978.101
AWS_AP05,2025-01-26 23:00:00,18.522,56.51,977.761
AWS_AP05,2025-01-26 23:15:00,18.131,58.031,977.719
AWS_AP05,2025-01-26 23:30:00,17.808,62.582,977.716
AWS_AP05,2025-01-26 23:45:00,17.941,64.258,977.446
AWS_AP05,2025-01-27 00:00:00,18.46,66.558,977.271
AWS_AP05,2025-01-27 00:15:00,17.81,67.464,977.38
AWS_AP05,2025-01-27 00:30:00,17.27,67.983,976.381
AWS_AP05,2025-02-01 08:45:00,24.477,47.66,979.283
AWS_AP05,2025-02-01 09:00:00,24.679,48.395,979.066
AWS_AP05,2025-02-08 18:00:00,30.11,32.474,975.553
AWS_AP05,2025-02-08 18:15:00,28.999,32.566,976.36
AWS_AP05,2025-02-14 14:15:00,30.027,22.213,976.853
AWS_AP05,2025-02-14 14:30:00,30.296,24.014,976.548
AWS_AP05,2025-02-25 11:30:00,30.963,31.375,976.818
AWS_AP05,2025-02-25 11:45:00,31.24,32.555,976.174
AWS_AP05,2025-02-25 20:15:00,27.878,37.906,976.556
AWS_AP05,2025-02-25 20:30:00,27.5,37.719,976.053
AWS_AP05,2025-03-06 12:30:00,33.36,20.572,977.314
AWS_AP05,2025-03-06 12:45:00,33.191,18.182,977.202
AWS_AP05,2025-03-07 11:45:00,31.887,22.429,976.513
AWS_AP05,2025-03-07 12:00:00,32.141,21.367,976.599
AWS_AP05,2025-03-07 12:15:00,33.029,18.574,975.912
AWS_AP05,2025-03-07 12:30:00,33.173,18.898,976.195
AWS_AP05,2025-03-07 12:45:00,32.524,18.425,976.758
AWS_AP05,2025-03-07 13:00:00,33.035,20.16,975.864
AWS_AP05,2025-03-07 13:15:00,33.613,20.355,975.668
AWS_AP05,2025-03-07 13:30:00,34.062,16.766,975.726
AWS_AP05,2025-03-07 13:45:00,33.552,17.621,975.271
AWS_AP05,2025-03-07 14:00:00,33.709,13.839,975.519
AWS_AP05,2025-03-07 14:15:00,33.978,15.37,974.534
AWS_AP05,2025-03-07 14:30:00,34.369,15.548,975.888
AWS_AP05,2025-03-07 14:45:00,34.144,16.058,974.37
AWS_AP05,2025-03-07 15:00:00,34.163,19.112,975.115
AWS_AP05,2025-03-07 15:15:00,34.132,17.369,975.2
AWS_AP05,2025-03-07 15:30:00,33.951,16.763,974.33
AWS_AP05,2025-03-07 15:45:00,33.892,17.019,973.946
AWS_AP05,2025-03-07 16:00:00,33.407,17.266,974.688
AWS_AP05,2025-03-07 16:15:00,33.296,16.427,974.134
AWS_AP05,2025-03-07 16:30:00,33.988,16.805,974.56
AWS_AP05,2025-03-07 16:45:00,33.454,18.976,974.681
AWS_AP05,2025-03-07 17:00:00,33.103,17.578,974.759
AWS_AP05,2025-03-07 17:15:00,32.811,19.184,975.244
AWS_AP05,2025-03-07 17:30:00,32.167,20.164,974.297
AWS_AP05,2025-03-07 17:45:00,32.519,21.901,974.616
AWS_AP05,2025-03-07 18:00:00,31.704,19.373,975.364
AWS_AP05,2025-03-07 18:15:00,31.603,24.756,975.156
AWS_AP05,2025-03-07 18:30:00,31.363,27.294,975.649
AWS_AP05,2025-03-07 18:45:00,30.847,24.457,975.9
AWS_AP05,2025-03-07 19:00:00,31.044,25.568,975.861
AWS_AP05,2025-03-07 19:15:00,30.547,27.137,976.034
AWS_AP05,2025-03-07 19:30:00,29.75,30.461,976.535
AWS_AP05,2025-03-07 19:45:00,29.802,29.899,976.101
AWS_AP05,2025-03-07 20:00:00,29.083,32.328,976.665
AWS_AP05,2025-03-07 20:15:00,29.234,30.411,976.618
AWS_AP05,2025-03-07 20:30:00,28.039,32.57,977.454
AWS_AP05,2025-03-07 20:45:00,27.721,31.243,976.703
AWS_AP05,2025-03-07 21:00:00,27.449,37.337,976.937
AWS_AP05,2025-03-07 21:15:00,27.128,35.471,977.064
AWS_AP05,2025-03-07 21:30:00,27.078,39.163,977.318
AWS_AP05,2025-03-07 21:45:00,26.277,36.601,977.249
AWS_AP05,2025-03-07 22:00:00,25.915,41.76,977.743
AWS_AP05,2025-03-07 22:15:00,25.735,38.745,977.618
AWS_AP05,2025-03-07 22:30:00,25.021,45.744,977.622
AWS_AP05,2025-03-07 22:45:00,24.613,43.474,976.752
AWS_AP05,2025-03-07 23:00:00,24.096,42.883,976.339
AWS_AP05,2025-03-07 23:15:00,23.024,46.434,976.562
AWS_AP05,2025-03-07 23:30:00,23.006,45.542,976.472
AWS_AP05,2025-03-07 23:45:00,22.998,52.903,976.513
AWS_AP05,2025-03-08 00:00:00,22.426,53.758,976.192
AWS_AP05,2025-03-08 00:15:00,21.477,55.914,976.576
AWS_AP05,2025-03-08 00:30:00,21.892,57.406,975.779
AWS_AP05,2025-03-08 00:45:00,21.564,52.437,975.178
AWS_AP05,2025-03-08 01:00:00,20.625,58.327,975.889
AWS_AP05,2025-03-08 01:15:00,21.681,57.535,975.113
AWS_AP05,2025-03-08 01:30:00,20.882,58.776,975.876
AWS_AP05,2025-03-08 01:45:00,20.655,62.518,974.398
AWS_AP05,2025-03-08 02:00:00,20.176,61.177,974.543
AWS_AP05,2025-03-08 02:15:00,20.598,60.056,974.69
AWS_AP05,2025-03-08 02:30:00,20.548,59.979,975.096
AWS_AP05,2025-03-08 02:45:00,20.458,61.938,974.446
AWS_AP05,2025-03-08 03:00:00,19.878,60.274,974.745
AWS_AP05,2025-03-08 03:15:00,20.636,58.816,974.624
AWS_AP05,2025-03-08 03:30:00,20.29,59.167,974.844
AWS_AP05,2025-03-08 03:45:00,20.707,59.232,974.672
AWS_AP05,2025-03-08 04:00:00,20.93,61.982,974.284
AWS_AP05,2025-03-08 04:15:00,20.593,58.832,974.763
AWS_AP05,2025-03-08 04:30:00,20.68,57.746,974.882
AWS_AP05,2025-03-08 04:45:00,20.641,61.33,974.183
AWS_AP05,2025-03-08 05:00:00,21.589,58.79,974.867
AWS_AP05,2025-03-08 05:15:00,21.173,58.638,974.417
AWS_AP05,2025-03-08 05:30:00,22.19,54.85,975.187
AWS_AP05,2025-03-08 05:45:00,22.407,56.703,973.933
AWS_AP05,2025-03-08 06:00:00,22.615,54.602,974.812
AWS_AP05,2025-03-08 06:15:00,22.631,54.713,974.586
AWS_AP05,2025-03-08 06:30:00,23.232,54.24,975.505
AWS_AP05,2025-03-08 06:45:00,23.58,49.888,975.96
AWS_AP05,2025-03-08 07:00:00,23.792,54.023,975.401
AWS_AP05,2025-03-08 07:15:00,24.077,51.291,975.868
AWS_AP05,2025-03-08 07:30:00,24.566,49.202,976.082
AWS_AP05,2025-03-08 07:45:00,24.802,46.027,976.375
AWS_AP05,2025-03-08 08:00:00,25.72,48.0,976.266
AWS_AP05,2025-03-08 08:15:00,26.608,46.004,976.888
AWS_AP05,2025-03-08 08:30:00,26.109,43.043,975.797
AWS_AP05,2025-03-08 08:45:00,26.957,42.153,976.308
AWS_AP05,2025-03-08 09:00:00,27.405,36.521,977.137
AWS_AP05,2025-03-08 09:15:00,28.14,42.497,976.879
AWS_AP05,2025-03-08 09:30:00,28.119,38.246,977.058
AWS_AP05,2025-03-08 09:45:00,28.469,38.037,977.369
AWS_AP05,2025-03-08 10:00:00,28.851,36.158,977.264
AWS_AP05,2025-03-08 10:15:00,30.006,33.682,977.213
AWS_AP05,2025-03-08 10:30:00,30.263,37.077,976.179
AWS_AP05,2025-03-08 10:45:00,29.96,31.98,976.183
AWS_AP05,2025-03-08 11:00:00,31.139,32.113,976.921
AWS_AP05,2025-03-08 11:15:00,31.067,29.614,977.007
AWS_AP05,2025-03-08 11:30:00,31.429,28.955,976.893
AWS_AP05,2025-03-08 11:45:00,47.177,26.107,976.173
AWS_AP05,2025-03-10 03:15:00,24.295,46.041,974.326
AWS_AP05,2025-03-10 03:30:00,24.798,50.632,974.396
AWS_AP05,2025-03-11 12:15:00,36.409,5.45,974.981
AWS_AP05,2025-03-11 12:30:00,36.849,9.026,974.668
AWS_AP05,2025-03-13 15:00:00,38.965,9.44,974.148
AWS_AP05,2025-03-13 15:15:00,38.499,9.819,974.368
AWS_AP05,2025-03-13 15:30:00,39.304,9.055,974.1
AWS_AP05,2025-03-13 15:45:00,39.351,11.713,973.323
AWS_AP05,2025-03-13 16:00:00,38.595,9.949,974.735
AWS_AP05,2025-03-13 16:15:00,38.531,12.802,973.465
AWS_AP05,2025-03-13 16:30:00,38.578,6.031,974.085
AWS_AP05,2025-03-13 16:45:00,37.891,7.501,973.911
AWS_AP05,2025-03-13 17:00:00,38.347,6.348,973.859
AWS_AP05,2025-03-13 17:15:00,37.66,12.088,973.906
AWS_AP05,2025-03-13 17:30:00,37.025,10.984,975.173
AWS_AP05,2025-03-13 17:45:00,37.156,10.298,974.34
AWS_AP05,2025-03-13 18:00:00,36.715,12.491,974.493
AWS_AP05,2025-03-13 18:15:00,36.375,12.493,974.441
AWS_AP05,2025-03-13 18:30:00,35.847,15.803,974.745
AWS_AP05,2025-03-13 18:45:00,35.634,15.848,974.876
AWS_AP05,2025-03-13 19:00:00,35.921,14.859,975.191
AWS_AP05,2025-03-13 19:15:00,34.585,18.173,974.991
AWS_AP05,2025-03-13 19:30:00,34.361,22.397,975.47
AWS_AP05,2025-03-13 19:45:00,34.049,24.051,976.33
AWS_AP05,2025-03-13 20:00:00,33.666,24.094,975.912
AWS_AP05,2025-03-13 20:15:00,32.864,25.042,976.047
AWS_AP05,2025-03-13 20:30:00,32.72,25.323,977.05
AWS_AP05,2025-03-13 20:45:00,32.147,30.081,976.26
AWS_AP05,2025-03-13 21:00:00,32.457,28.317,976.681
AWS_AP05,2025-03-13 21:15:00,31.301,30.302,975.922
AWS_AP05,2025-03-13 21:30:00,31.07,28.683,976.395
AWS_AP05,2025-03-13 21:45:00,30.768,36.986,976.599
AWS_AP05,2025-03-13 22:00:00,30.12,33.076,976.522
AWS_AP05,2025-03-13 22:15:00,30.003,37.433,976.374
AWS_AP05,2025-03-13 22:30:00,29.325,36.671,976.909
AWS_AP05,2025-03-13 22:45:00,29.634,35.484,976.626
AWS_AP05,2025-03-13 23:00:00,28.639,39.183,975.56
AWS_AP05,2025-03-13 23:15:00,28.32,41.137,975.606
AWS_AP05,2025-03-13 23:30:00,27.726,40.501,976.074
AWS_AP05,2025-03-13 23:45:00,26.981,40.607,976.103
AWS_AP05,2025-03-14 00:00:00,27.288,46.206,975.088
AWS_AP05,2025-03-14 00:15:00,26.342,44.414,974.785
AWS_AP05,2025-03-14 00:30:00,26.181,48.72,975.033
AWS_AP05,2025-03-14 00:45:00,26.338,50.959,975.103
AWS_AP05,2025-03-14 01:00:00,26.219,45.542,974.341
AWS_AP05,2025-03-14 01:15:00,25.404,46.385,974.489
AWS_AP05,2025-03-14 01:30:00,25.462,48.02,975.024
AWS_AP05,2025-03-14 01:45:00,24.657,49.378,974.254
AWS_AP05,2025-03-14 02:00:00,25.011,47.298,973.725
AWS_AP05,2025-03-14 02:15:00,24.817,51.751,973.963
AWS_AP05,2025-03-14 02:30:00,24.975,51.816,973.304
AWS_AP05,2025-03-14 02:45:00,23.99,52.073,972.988
AWS_AP05,2025-03-14 03:00:00,24.804,48.464,973.553
AWS_AP05,2025-03-14 03:15:00,24.896,47.333,974.011
AWS_AP05,2025-03-14 03:30:00,24.7,49.522,972.865
AWS_AP05,2025-03-14 03:45:00,24.696,51.315,973.082
AWS_AP05,2025-03-14 04:00:00,24.744,52.516,973.726
AWS_AP05,2025-03-14 04:15:00,24.851,51.023,972.928
AWS_AP05,2025-03-14 04:30:00,25.184,49.998,973.142
AWS_AP05,2025-03-14 04:45:00,25.078,47.813,973.567
AWS_AP05,2025-03-14 05:00:00,26.017,45.56,973.674
AWS_AP05,2025-03-14 05:15:00,25.526,43.423,973.114
AWS_AP05,2025-03-14 05:30:00,26.038,47.84,972.654
AWS_AP05,2025-03-14 05:45:00,26.551,42.601,973.578
AWS_AP05,2025-03-14 06:00:00,26.158,44.927,973.971
AWS_AP05,2025-03-14 06:15:00,26.801,43.259,974.79
AWS_AP05,2025-03-14 06:30:00,27.314,43.111,974.172
AWS_AP05,2025-03-14 06:45:00,27.873,41.927,973.972
AWS_AP05,2025-03-14 07:00:00,27.87,42.884,974.087
AWS_AP05,2025-03-14 07:15:00,28.086,39.864,974.644
AWS_AP05,2025-03-14 07:30:00,29.059,41.009,974.701
AWS_AP05,2025-03-14 07:45:00,29.922,35.881,975.423
AWS_AP05,2025-03-14 08:00:00,29.978,34.548,975.635
AWS_AP05,2025-03-14 08:15:00,30.167,36.723,975.13
AWS_AP05,2025-03-14 08:30:00,30.647,29.549,974.678
AWS_AP05,2025-03-14 08:45:00,31.132,32.429,976.088
AWS_AP05,2025-03-14 09:00:00,31.447,32.409,975.919
AWS_AP05,2025-03-14 09:15:00,32.251,27.641,976.15
AWS_AP05,2025-03-14 09:30:00,32.557,30.527,976.523
AWS_AP05,2025-03-14 09:45:00,32.631,26.188,975.603
AWS_AP05,2025-03-14 10:00:00,33.472,26.772,975.746
AWS_AP05,2025-03-14 10:15:00,34.101,22.381,975.884
AWS_AP05,2025-03-14 10:30:00,34.332,19.786,976.068
AWS_AP05,2025-03-14 10:45:00,34.671,21.866,975.863
AWS_AP05,2025-03-14 11:00:00,34.739,17.368,975.842
AWS_AP05,2025-03-14 11:15:00,36.154,20.769,975.445
AWS_AP05,2025-03-14 11:30:00,35.734,16.602,975.803
AWS_AP05,2025-03-14 11:45:00,36.083,15.578,975.119
AWS_AP05,2025-03-14 12:00:00,36.333,16.13,974.548
AWS_AP05,2025-03-14 12:15:00,36.625,14.183,975.145
AWS_AP05,2025-03-14 12:30:00,36.783,14.255,975.052
AWS_AP05,2025-03-14 12:45:00,37.478,9.213,974.278
AWS_AP05,2025-03-14 13:00:00,37.276,11.871,974.423
AWS_AP05,2025-03-14 13:15:00,37.835,13.558,974.249
AWS_AP05,2025-03-14 13:30:00,38.297,9.882,974.211
AWS_AP05,2025-03-14 13:45:00,38.442,13.397,974.376
AWS_AP05,2025-03-14 14:00:00,38.211,11.99,974.449
AWS_AP05,2025-03-14 14:15:00,38.959,14.408,973.885
AWS_AP05,2025-03-14 14:30:00,38.906,8.891,973.628
AWS_AP05,2025-03-14 14:45:00,38.421,11.018,973.097
AWS_AP05,2025-03-14 15:00:00,39.197,9.287,973.84
AWS_AP05,2025-03-28 06:00:00,25.49,47.545,972.909
AWS_AP05,2025-03-28 06:15:00,25.854,47.266,972.74
AWS_AP05,2025-04-01 12:00:00,34.821,18.203,974.069
AWS_AP05,2025-04-01 12:15:00,35.11,17.773,973.303
AWS_AP05,2025-04-03 09:15:00,28.758,29.419,973.531
AWS_AP05,2025-04-03 09:30:00,29.231,30.031,973.068
AWS_AP05,2025-04-16 02:30:00,24.299,45.905,971.989
AWS_AP05,2025-04-16 02:45:00,23.842,44.654,971.704
AWS_AP05,2025-04-21 02:15:00,24.652,51.468,970.545
AWS_AP05,2025-04-21 02:30:00,24.831,49.25,970.623
AWS_AP05,2025-04-21 02:45:00,24.474,52.227,970.544
AWS_AP05,2025-04-21 03:00:00,24.412,51.614,970.466
AWS_AP05,2025-04-21 03:15:00,24.073,52.542,970.668
AWS_AP05,2025-04-21 03:30:00,24.721,48.326,970.84
AWS_AP05,2025-04-21 03:45:00,24.954,49.445,970.276
AWS_AP05,2025-04-21 04:00:00,24.671,53.983,969.692
AWS_AP05,2025-04-21 04:15:00,24.741,51.175,969.599
AWS_AP05,2025-04-21 04:30:00,25.177,53.266,970.809
AWS_AP05,2025-04-21 04:45:00,25.112,50.157,970.602
AWS_AP05,2025-04-21 05:00:00,25.546,49.774,969.985
AWS_AP05,2025-04-21 05:15:00,25.603,48.549,970.686
AWS_AP05,2025-04-21 05:30:00,26.268,43.543,971.229
AWS_AP05,2025-04-21 05:45:00,26.153,48.336,971.183
AWS_AP05,2025-04-21 06:00:00,27.345,47.704,971.103
AWS_AP05,2025-04-21 06:15:00,26.957,40.364,970.302
AWS_AP05,2025-04-21 06:30:00,26.924,40.519,971.354
AWS_AP05,2025-04-21 06:45:00,27.567,44.079,970.687
AWS_AP05,2025-04-21 07:00:00,28.473,42.848,971.657
AWS_AP05,2025-04-21 07:15:00,28.915,45.003,972.527
AWS_AP05,2025-04-21 07:30:00,28.98,38.798,972.06
AWS_AP05,2025-04-21 07:45:00,28.945,39.6,971.946
AWS_AP05,2025-04-21 08:00:00,29.473,37.189,972.234
AWS_AP05,2025-04-21 08:15:00,30.65,36.229,972.656
AWS_AP05,2025-04-21 08:30:00,30.629,34.727,972.237
AWS_AP05,2025-04-21 08:45:00,31.345,29.082,973.153
AWS_AP05,2025-04-21 09:00:00,31.748,30.983,972.215
AWS_AP05,2025-04-21 09:15:00,31.801,30.48,972.522
AWS_AP05,2025-04-21 09:30:00,32.409,25.801,972.335
AWS_AP05,2025-04-21 09:45:00,32.915,27.804,972.589
AWS_AP05,2025-04-21 10:00:00,33.286,26.037,972.227
AWS_AP05,2025-04-21 10:15:00,33.838,28.151,971.805
AWS_AP05,2025-04-21 10:30:00,34.372,21.858,973.08
AWS_AP05,2025-04-21 10:45:00,34.763,22.324,973.116
AWS_AP05,2025-04-21 11:00:00,34.892,24.368,972.42
AWS_AP05,2025-04-21 11:15:00,35.378,18.685,972.398
AWS_AP05,2025-04-21 11:30:00,36.293,20.054,972.919
AWS_AP05,2025-04-21 11:45:00,36.205,17.965,972.73
AWS_AP05,2025-04-21 12:00:00,36.569,13.822,972.204
AWS_AP05,2025-04-21 12:15:00,36.67,18.403,972.76
AWS_AP05,2025-04-21 12:30:00,37.104,17.446,972.199
AWS_AP05,2025-04-21 12:45:00,37.283,16.228,972.108
AWS_AP05,2025-04-21 13:00:00,37.337,16.2,972.648
AWS_AP05,2025-04-21 13:15:00,38.232,13.848,972.067
AWS_AP05,2025-04-21 13:30:00,38.165,12.951,970.375
AWS_AP05,2025-04-21 13:45:00,38.977,9.643,971.297
AWS_AP05,2025-04-21 14:00:00,38.984,12.781,971.591
AWS_AP05,2025-04-21 14:15:00,38.439,12.605,970.901
AWS_AP05,2025-04-21 14:30:00,38.506,12.708,971.139
AWS_AP05,2025-04-21 14:45:00,38.315,11.453,970.633
AWS_AP05,2025-04-21 15:00:00,38.136,11.425,970.681
AWS_AP05,2025-04-21 15:15:00,38.655,12.052,970.449
AWS_AP05,2025-04-21 15:30:00,38.519,13.092,970.658
AWS_AP05,2025-04-21 15:45:00,38.595,12.046,970.119
AWS_AP05,2025-04-21 16:00:00,38.018,14.195,971.017
AWS_AP05,2025-04-21 16:15:00,39.095,12.984,969.71
AWS_AP05,2025-04-21 16:30:00,38.469,8.305,970.034
AWS_AP05,2025-04-21 16:45:00,37.571,15.012,969.979
AWS_AP05,2025-04-21 17:00:00,37.312,13.746,970.37
AWS_AP05,2025-04-21 17:15:00,37.317,12.047,970.591
AWS_AP05,2025-04-21 17:30:00,37.133,13.523,970.541
AWS_AP05,2025-04-21 17:45:00,37.404,18.407,970.279
AWS_AP05,2025-04-21 18:00:00,36.63,19.173,970.735
AWS_AP05,2025-04-21 18:15:00,36.177,19.145,971.217
AWS_AP05,2025-04-21 18:30:00,35.457,17.135,971.421
AWS_AP05,2025-04-21 18:45:00,35.335,22.245,971.603
AWS_AP05,2025-04-21 19:00:00,35.362,22.736,971.746
AWS_AP05,2025-04-21 19:15:00,34.562,25.84,972.002
AWS_AP05,2025-04-21 19:30:00,33.921,20.399,971.664
AWS_AP05,2025-04-21 19:45:00,33.833,24.103,972.144
AWS_AP05,2025-04-21 20:00:00,33.605,30.275,972.125
AWS_AP05,2025-04-21 20:15:00,33.105,32.449,972.676
AWS_AP05,2025-04-21 20:30:00,32.906,32.416,972.35
AWS_AP05,2025-04-21 20:45:00,32.081,30.736,973.072
AWS_AP05,2025-04-21 21:00:00,32.0,28.69,972.58
AWS_AP05,2025-04-21 21:15:00,30.938,33.032,973.737
AWS_AP05,2025-04-21 21:30:00,30.623,31.862,973.07
AWS_AP05,2025-04-21 21:45:00,30.35,35.312,973.116
AWS_AP05,2025-04-21 22:00:00,29.441,30.205,972.861
AWS_AP05,2025-04-21 22:15:00,29.382,40.716,972.888
AWS_AP05,2025-04-21 22:30:00,28.701,36.173,972.711
AWS_AP05,2025-04-21 22:45:00,28.648,38.489,973.027
AWS_AP05,2025-04-21 23:00:00,28.252,40.373,972.721
AWS_AP05,2025-04-21 23:15:00,27.124,42.038,972.895
AWS_AP05,2025-04-21 23:30:00,27.833,41.804,972.852
AWS_AP05,2025-04-21 23:45:00,26.813,43.685,972.716
AWS_AP05,2025-04-22 00:00:00,28.049,44.407,972.876
AWS_AP05,2025-04-22 00:15:00,27.37,42.287,972.958
AWS_AP05,2025-04-22 00:30:00,27.305,48.225,973.059
AWS_AP05,2025-04-22 00:45:00,27.436,44.103,972.689
AWS_AP05,2025-04-22 01:00:00,26.622,46.395,972.906
AWS_AP05,2025-04-22 01:15:00,26.857,47.563,972.724
AWS_AP05,2025-04-22 01:30:00,26.547,47.649,971.854
AWS_AP05,2025-04-22 01:45:00,26.593,49.894,971.92
AWS_AP05,2025-04-22 02:00:00,25.662,48.592,971.731
AWS_AP05,2025-04-22 02:15:00,10.13,47.251,971.795
AWS_AP05,2025-05-07 17:45:00,38.713,14.629,968.152
AWS_AP05,2025-05-07 18:00:00,38.042,16.632,968.958
AWS_AP05,2025-05-07 21:30:00,32.084,33.029,970.641
AWS_AP05,2025-05-07 21:45:00,31.972,36.476,970.835
AWS_AP05,2025-05-10 14:45:00,41.261,12.361,967.328
AWS_AP05,2025-05-10 15:00:00,41.145,12.64,967.464
AWS_AP05,2025-05-13 03:00:00,24.364,49.057,968.637
AWS_AP05,2025-05-13 03:15:00,24.276,48.845,968.464
AWS_AP05,2025-05-16 01:00:00,28.154,44.328,968.459
AWS_AP05,2025-05-16 01:15:00,27.89,46.869,967.974
AWS_AP05,2025-05-16 01:30:00,28.565,48.243,968.722
AWS_AP05,2025-05-16 01:45:00,27.552,47.219,968.778
AWS_AP05,2025-05-16 02:00:00,27.479,50.332,967.724
AWS_AP05,2025-05-16 02:15:00,27.887,46.565,968.284
AWS_AP05,2025-05-16 02:30:00,27.988,48.962,968.924
AWS_AP05,2025-05-16 02:45:00,27.317,51.478,967.849
AWS_AP05,2025-05-16 03:00:00,27.249,47.903,967.418
AWS_AP05,2025-05-16 03:15:00,27.408,46.922,968.063
AWS_AP05,2025-05-16 03:30:00,27.454,46.788,967.569
AWS_AP05,2025-05-16 03:45:00,27.548,46.887,967.121
AWS_AP05,2025-05-16 04:00:00,27.557,45.315,967.307
AWS_AP05,2025-05-16 04:15:00,27.855,50.968,967.999
AWS_AP05,2025-05-16 04:30:00,27.708,46.738,967.6
AWS_AP05,2025-05-16 04:45:00,28.45,48.434,967.877
AWS_AP05,2025-05-16 05:00:00,28.397,45.411,967.826
AWS_AP05,2025-05-16 05:15:00,28.567,44.728,967.328
AWS_AP05,2025-05-16 05:30:00,29.006,44.42,968.463
AWS_AP05,2025-05-16 05:45:00,29.542,39.706,968.107
AWS_AP05,2025-05-16 06:00:00,29.03,43.076,968.499
AWS_AP05,2025-05-16 06:15:00,29.593,40.9,968.159
AWS_AP05,2025-05-16 06:30:00,29.212,39.198,968.871
AWS_AP05,2025-05-16 06:45:00,30.001,41.807,968.352
AWS_AP05,2025-05-16 07:00:00,30.975,62.443,969.253
AWS_AP05,2025-05-16 07:15:00,31.434,36.201,969.506
AWS_AP05,2025-05-16 07:30:00,31.618,35.34,969.001
AWS_AP05,2025-05-16 07:45:00,32.481,36.548,970.321
AWS_AP05,2025-05-16 08:00:00,32.607,35.581,969.126
AWS_AP05,2025-05-16 08:15:00,33.119,34.011,970.229
AWS_AP05,2025-05-16 08:30:00,33.895,28.442,969.662
AWS_AP05,2025-05-16 08:45:00,33.786,30.252,969.202
AWS_AP05,2025-05-16 09:00:00,34.264,27.418,970.675
AWS_AP05,2025-05-16 09:15:00,34.447,29.203,969.332
AWS_AP05,2025-05-16 09:30:00,35.188,26.926,970.029
AWS_AP05,2025-05-16 09:45:00,34.888,25.818,969.765
AWS_AP05,2025-05-16 10:00:00,36.06,20.788,969.995
AWS_AP05,2025-05-16 10:15:00,36.298,24.568,970.223
AWS_AP05,2025-05-16 10:30:00,37.111,20.3,970.191
AWS_AP05,2025-05-16 10:45:00,37.704,20.614,970.849
AWS_AP05,2025-05-16 11:00:00,37.949,17.382,969.634
AWS_AP05,2025-05-16 11:15:00,38.117,10.297,970.262
AWS_AP05,2025-05-16 11:30:00,38.808,15.858,969.23
AWS_AP05,2025-05-16 11:45:00,39.102,14.62,970.08
AWS_AP05,2025-05-16 12:00:00,39.385,13.096,970.062
AWS_AP05,2025-05-16 12:15:00,39.791,14.035,969.859
AWS_AP05,2025-05-16 12:30:00,40.315,14.458,969.658
AWS_AP05,2025-05-16 12:45:00,40.1,12.685,968.941
AWS_AP05,2025-05-16 13:00:00,40.483,10.474,968.937
AWS_AP05,2025-05-16 13:15:00,40.57,7.837,969.51
AWS_AP05,2025-05-16 13:30:00,41.485,9.564,968.912
AWS_AP05,2025-05-16 13:45:00,40.869,6.005,968.833
AWS_AP05,2025-05-16 14:00:00,41.121,10.204,968.697
AWS_AP05,2025-05-16 14:15:00,41.003,5.943,968.009
AWS_AP05,2025-05-16 14:30:00,41.419,5.854,968.327
AWS_AP05,2025-05-16 14:45:00,41.364,8.82,967.168
AWS_AP05,2025-05-16 15:00:00,41.043,8.807,967.936
AWS_AP05,2025-05-16 15:15:00,40.925,9.999,968.076
AWS_AP05,2025-05-16 15:30:00,41.074,10.7,968.214
AWS_AP05,2025-05-16 15:45:00,41.515,10.131,967.147
AWS_AP05,2025-05-16 16:00:00,40.997,8.975,966.952
AWS_AP05,2025-05-16 16:15:00,40.846,5.0,967.563
AWS_AP05,2025-05-16 16:30:00,40.334,8.927,968.221
AWS_AP05,2025-05-16 16:45:00,40.52,9.427,968.374
AWS_AP05,2025-05-16 17:00:00,40.692,12.761,967.874
AWS_AP05,2025-05-16 17:15:00,40.807,11.118,968.194
AWS_AP05,2025-05-16 17:30:00,40.055,9.905,967.998
AWS_AP05,2025-05-16 17:45:00,39.599,13.722,968.298
AWS_AP05,2025-05-16 18:00:00,38.731,12.331,968.327
AWS_AP05,2025-05-16 18:15:00,38.667,16.441,968.394
AWS_AP05,2025-05-16 18:30:00,38.61,14.713,968.633
AWS_AP05,2025-05-16 18:45:00,37.726,18.493,969.144
AWS_AP05,2025-05-16 19:00:00,37.621,15.498,968.812
AWS_AP05,2025-05-16 19:15:00,37.322,18.481,968.962
AWS_AP05,2025-05-16 19:30:00,37.176,20.867,969.865
AWS_AP05,2025-05-16 19:45:00,36.238,26.461,969.026
AWS_AP05,2025-05-16 20:00:00,36.294,23.654,969.742
AWS_AP05,2025-05-16 20:15:00,36.092,24.834,969.733
AWS_AP05,2025-05-16 20:30:00,35.034,28.845,968.932
AWS_AP05,2025-05-16 20:45:00,34.22,28.233,969.947
AWS_AP05,2025-05-16 21:00:00,34.592,26.982,970.211
AWS_AP05,2025-05-16 21:15:00,33.865,31.332,969.533
AWS_AP05,2025-05-16 21:30:00,33.378,34.284,970.792
AWS_AP05,2025-05-16 21:45:00,32.946,33.472,970.256
AWS_AP05,2025-05-16 22:00:00,32.374,33.655,970.435
AWS_AP05,2025-05-16 22:15:00,31.764,32.249,970.698
AWS_AP05,2025-05-16 22:30:00,31.704,34.848,970.372
AWS_AP05,2025-05-16 22:45:00,30.967,37.528,970.582
AWS_AP05,2025-05-16 23:00:00,30.707,38.963,970.871
AWS_AP05,2025-05-16 23:15:00,30.212,42.917,970.691
AWS_AP05,2025-05-16 23:30:00,29.949,43.059,970.408
AWS_AP05,2025-05-16 23:45:00,29.789,44.017,969.497
AWS_AP05,2025-05-17 00:00:00,27.553,48.012,971.938
AWS_AP05,2025-05-17 00:15:00,27.264,49.506,972.042
AWS_AP05,2025-05-17 00:30:00,27.037,49.022,970.937
AWS_AP05,2025-05-17 00:45:00,26.148,50.869,970.854
AWS_AP05,2025-05-17 01:00:00,27.006,48.109,981.955
AWS_AP05,2025-05-18 17:00:00,46.042,6.921,967.325
AWS_AP05,2025-05-18 17:15:00,46.351,6.876,968.106
AWS_AP05,2025-05-21 13:30:00,47.156,11.606,968.486
AWS_AP05,2025-05-21 13:45:00,47.371,13.639,968.441
AWS_AP05,2025-05-31 15:00:00,36.845,23.153,968.595
AWS_AP05,2025-05-31 15:15:00,37.248,26.469,969.376
AWS_AP05,2025-05-31 23:00:00,28.043,53.163,970.857
AWS_AP05,2025-05-31 23:15:00,28.005,51.028,971.06
AWS_AP05,2025-06-19 10:45:00,34.497,45.614,969.407
AWS_AP05,2025-06-19 11:00:00,34.04,40.292,968.92
AWS_AP05,2025-06-22 11:00:00,33.143,43.868,969.305
AWS_AP05,2025-06-22 11:15:00,33.021,44.085,969.113
AWS_AP05,2025-06-23 01:45:00,25.11,74.511,967.893
AWS_AP05,2025-06-23 02:00:00,24.337,73.49,967.07
AWS_AP05,2025-06-26 11:45:00,32.558,45.798,969.566
AWS_AP05,2025-06-26 12:00:00,33.107,42.815,969.569
AWS_AP05,2025-06-27 00:45:00,23.971,67.406,967.709
AWS_AP05,2025-06-27 01:00:00,23.627,77.086,967.979
AWS_AP05,2025-07-04 06:30:00,24.677,67.515,966.351
AWS_AP05,2025-07-04 06:45:00,25.41,66.315,966.87
AWS_AP05,2025-07-10 05:45:00,23.862,73.994,966.402
AWS_AP05,2025-07-10 06:00:00,23.332,73.6,966.057
AWS_AP05,2025-07-10 14:30:00,31.826,37.159,966.671
AWS_AP05,2025-07-10 14:45:00,32.474,41.61,966.489
AWS_AP05,2025-07-15 03:15:00,23.007,81.686,965.801
AWS_AP05,2025-07-15 03:30:00,23.394,79.383,965.886
AWS_AP05,2025-07-15 11:45:00,30.62,47.332,968.052
AWS_AP05,2025-07-15 12:00:00,30.787,41.575,968.065
AWS_AP05,2025-07-21 23:15:00,24.367,73.846,969.238
AWS_AP05,2025-07-21 23:30:00,24.934,74.002,969.049
AWS_AP05,2025-07-22 08:00:00,25.166,61.787,968.197
AWS_AP05,2025-07-22 08:15:00,25.772,64.936,969.04
AWS_AP05,2025-08-12 04:15:00,21.228,81.799,967.569
AWS_AP05,2025-08-12 04:30:00,21.767,82.372,967.497
AWS_AP05,2025-08-12 20:45:00,25.929,82.418,970.679
AWS_AP05,2025-08-12 21:00:00,25.675,88.827,970.316
AWS_AP05,2025-08-15 10:30:00,28.546,49.319,971.614
AWS_AP05,2025-08-15 10:45:00,29.032,51.624,970.568
AWS_AP05,2025-09-20 00:15:00,24.251,75.355,970.371
AWS_AP05,2025-09-20 00:30:00,23.438,75.553,971.566
AWS_AP05,2025-10-04 10:30:00,27.089,47.313,972.811
AWS_AP05,2025-10-04 10:45:00,26.942,45.399,973.097
AWS_AP05,2025-10-06 22:30:00,21.969,61.477,973.609
AWS_AP05,2025-10-06 22:45:00,21.808,60.141,973.729
AWS_AP05,2025-10-10 19:45:00,25.585,42.679,973.806
AWS_AP05,2025-10-10 20:00:00,25.083,45.001,973.634
AWS_AP05,2025-10-17 17:15:00,27.436,37.262,972.351
AWS_AP05,2025-10-17 17:30:00,27.501,36.053,973.072
AWS_AP05,2025-10-23 13:00:00,29.127,29.75,973.834
AWS_AP05,2025-10-23 13:15:00,29.406,27.541,974.828
AWS_AP05,2025-10-26 21:00:00,23.446,49.437,975.488
AWS_AP05,2025-10-26 21:15:00,23.811,53.772,976.021
AWS_AP05,2025-11-02 11:45:00,26.558,36.015,975.424
AWS_AP05,2025-11-02 12:00:00,26.707,38.025,975.526
AWS_AP05,2025-11-06 17:30:00,26.695,28.082,974.512
AWS_AP05,2025-11-06 17:45:00,26.663,31.929,973.822
AWS_AP05,2025-11-10 03:00:00,16.985,64.064,974.258
AWS_AP05,2025-11-10 03:15:00,17.193,64.244,973.881
AWS_AP05,2025-12-03 02:00:00,13.043,75.078,976.339
AWS_AP05,2025-12-03 02:15:00,12.552,70.693,975.37
AWS_AP05,2025-12-21 01:15:00,14.997,69.399,978.656
AWS_AP05,2025-12-21 01:30:00,15.014,72.285,977.865
AWS_AP05,2025-12-23 17:45:00,24.956,40.62,978.001
AWS_AP05,2025-12-23 18:00:00,24.457,36.203,977.247
AWS_AP05,2025-12-24 22:30:00,19.034,60.965,978.618
AWS_AP05,2025-12-24 22:45:00,18.01,58.985,978.733
AWS_AP06,2025-01-14 13:30:00,27.696,59.263,1012.482
AWS_AP06,2025-01-14 13:45:00,27.532,59.97,1011.222
AWS_AP06,2025-01-15 02:30:00,19.478,80.494,1011.309
AWS_AP06,2025-01-15 02:45:00,19.692,80.332,1012.285
AWS_AP06,2025-01-17 15:45:00,27.077,59.472,1012.611
AWS_AP06,2025-01-17 16:00:00,26.685,61.262,1012.519
AWS_AP06,2025-01-19 05:15:00,22.773,85.462,1012.668
AWS_AP06,2025-01-19 05:30:00,22.613,84.219,1012.426
AWS_AP06,2025-01-19 05:45:00,23.215,81.853,1011.902
AWS_AP06,2025-01-19 06:00:00,23.286,80.393,1012.373
AWS_AP06,2025-01-19 06:15:00,23.229,82.471,1013.228
AWS_AP06,2025-01-19 06:30:00,23.764,79.467,1012.996
AWS_AP06,2025-01-19 06:45:00,23.71,78.781,1012.624
AWS_AP06,2025-01-19 07:00:00,24.425,75.732,1013.211
AWS_AP06,2025-01-19 07:15:00,24.158,78.985,1013.175
AWS_AP06,2025-01-19 07:30:00,24.364,75.547,1013.313
AWS_AP06,2025-01-19 07:45:00,24.522,79.797,1013.821
AWS_AP06,2025-01-19 08:00:00,24.745,77.585,1014.063
AWS_AP06,2025-01-19 08:15:00,25.008,74.053,1013.858
AWS_AP06,2025-01-19 08:30:00,25.278,74.23,1013.597
AWS_AP06,2025-01-19 08:45:00,25.263,73.806,1014.196
AWS_AP06,2025-01-19 09:00:00,25.561,72.797,1014.427
AWS_AP06,2025-01-19 09:15:00,26.107,70.459,1013.65
AWS_AP06,2025-01-19 09:30:00,26.393,71.876,1014.22
AWS_AP06,2025-01-19 09:45:00,26.1,74.458,1014.338
AWS_AP06,2025-01-19 10:00:00,26.985,67.63,1013.771
AWS_AP06,2025-01-19 10:15:00,26.779,68.021,1013.661
AWS_AP06,2025-01-19 10:30:00,27.208,70.208,1013.922
AWS_AP06,2025-01-19 10:45:00,27.706,69.531,1014.468
AWS_AP06,2025-01-19 11:00:00,27.727,68.717,1014.063
AWS_AP06,2025-01-19 11:15:00,27.882,62.569,1013.504
AWS_AP06,2025-01-19 11:30:00,28.519,63.856,1013.041
AWS_AP06,2025-01-19 11:45:00,29.194,63.501,1013.7
AWS_AP06,2025-01-19 12:00:00,28.977,63.151,1012.641
AWS_AP06,2025-01-19 12:15:00,29.243,66.871,1013.169
AWS_AP06,2025-01-19 12:30:00,29.137,64.926,1013.076
AWS_AP06,2025-01-19 12:45:00,29.117,61.962,1013.201
AWS_AP06,2025-01-19 13:00:00,28.831,67.141,1013.257
AWS_AP06,2025-01-19 13:15:00,29.493,60.504,1012.543
AWS_AP06,2025-01-19 13:30:00,29.963,61.526,1012.208
AWS_AP06,2025-01-19 13:45:00,29.293,58.837,1012.788
AWS_AP06,2025-01-19 14:00:00,29.728,60.462,1012.461
AWS_AP06,2025-01-19 14:15:00,30.078,61.942,1011.7
AWS_AP06,2025-01-19 14:30:00,29.912,61.73,1012.034
AWS_AP06,2025-01-19 14:45:00,30.04,56.38,1011.966
AWS_AP06,2025-01-19 15:00:00,30.4,63.117,1011.59
AWS_AP06,2025-01-19 15:15:00,29.853,60.858,1011.734
AWS_AP06,2025-01-19 15:30:00,29.952,61.55,1011.714
AWS_AP06,2025-01-19 15:45:00,30.277,58.716,1011.386
AWS_AP06,2025-01-19 16:00:00,29.968,61.098,1011.407
AWS_AP06,2025-01-19 16:15:00,29.517,58.008,1011.233
AWS_AP06,2025-01-19 16:30:00,29.697,64.946,1011.583
AWS_AP06,2025-01-19 16:45:00,29.975,62.427,1011.219
AWS_AP06,2025-01-19 17:00:00,29.546,62.116,1011.521
AWS_AP06,2025-01-19 17:15:00,29.029,58.129,1011.877
AWS_AP06,2025-01-19 17:30:00,28.857,61.219,1011.861
AWS_AP06,2025-01-19 17:45:00,28.951,63.094,1012.152
AWS_AP06,2025-01-19 18:00:00,28.673,61.752,1012.289
AWS_AP06,2025-01-19 18:15:00,28.977,62.722,1011.838
AWS_AP06,2025-01-19 18:30:00,28.563,62.989,1012.749
AWS_AP06,2025-01-19 18:45:00,28.561,68.586,1012.87
AWS_AP06,2025-01-19 19:00:00,27.818,68.034,1012.827
AWS_AP06,2025-01-19 19:15:00,27.67,65.354,1012.822
AWS_AP06,2025-01-19 19:30:00,27.648,64.618,1012.636
AWS_AP06,2025-01-19 19:45:00,27.25,67.33,1013.22
AWS_AP06,2025-01-19 20:00:00,27.273,71.478,1013.327
AWS_AP06,2025-01-19 20:15:00,26.536,68.453,1013.859
AWS_AP06,2025-01-19 20:30:00,26.892,70.448,1013.498
AWS_AP06,2025-01-19 20:45:00,26.039,74.257,1014.259
AWS_AP06,2025-01-19 21:00:00,25.529,71.914,1013.778
AWS_AP06,2025-01-19 21:15:00,25.409,73.618,1013.988
AWS_AP06,2025-01-19 21:30:00,25.47,74.942,1014.163
AWS_AP06,2025-01-19 21:45:00,25.184,73.87,1013.684
AWS_AP06,2025-01-19 22:00:00,24.964,77.576,1014.131
AWS_AP06,2025-01-19 22:15:00,24.94,74.798,1014.349
AWS_AP06,2025-01-19 22:30:00,24.787,80.982,1014.256
AWS_AP06,2025-01-19 22:45:00,24.106,77.132,1013.955
AWS_AP06,2025-01-19 23:00:00,23.88,79.558,1013.846
AWS_AP06,2025-01-19 23:15:00,23.23,77.824,1013.15
AWS_AP06,2025-01-19 23:30:00,23.524,76.388,1013.776
AWS_AP06,2025-01-19 23:45:00,23.338,80.198,1013.85
AWS_AP06,2025-01-20 00:00:00,22.104,78.918,1014.82
AWS_AP06,2025-01-20 00:15:00,22.694,79.372,1014.216
AWS_AP06,2025-01-20 00:30:00,22.876,74.857,1014.676
AWS_AP06,2025-01-20 00:45:00,22.523,79.267,1014.839
AWS_AP06,2025-01-20 01:00:00,22.017,79.566,1013.737
AWS_AP06,2025-01-20 01:15:00,22.62,78.916,1013.371
AWS_AP06,2025-01-20 01:30:00,21.778,83.13,1013.8
AWS_AP06,2025-01-20 01:45:00,21.743,79.671,1012.913
AWS_AP06,2025-01-20 02:00:00,21.578,80.852,1013.953
AWS_AP06,2025-01-20 02:15:00,21.806,82.248,1013.17
AWS_AP06,2025-01-20 02:30:00,21.1,79.642,1013.463
AWS_AP06,2025-01-20 02:45:00,21.502,85.401,1012.911
AWS_AP06,2025-01-20 03:00:00,20.993,82.901,1013.529
AWS_AP06,2025-01-20 03:15:00,21.172,82.253,1013.631
AWS_AP06,2025-01-20 03:30:00,21.287,80.458,1012.626
AWS_AP06,2025-01-20 03:45:00,21.783,80.813,1012.33
AWS_AP06,2025-01-20 04:00:00,21.295,79.966,1012.078
AWS_AP06,2025-01-20 04:15:00,21.981,77.271,1012.278
AWS_AP06,2025-01-20 04:30:00,22.739,81.329,1012.511
AWS_AP06,2025-01-20 04:45:00,21.717,81.349,1012.627
AWS_AP06,2025-01-20 05:00:00,22.279,80.29,1012.706
AWS_AP06,2025-01-20 05:15:00,22.651,83.325,1023.71
AWS_AP06,2025-01-24 02:30:00,20.091,82.117,1010.768
AWS_AP06,2025-01-24 02:45:00,20.445,81.354,1010.439
AWS_AP06,2025-01-26 00:00:00,19.993,75.818,1011.783
AWS_AP06,2025-01-26 00:15:00,19.55,78.107,1012.329
AWS_AP06,2025-01-26 00:30:00,19.316,75.511,1012.337
AWS_AP06,2025-01-26 00:45:00,19.99,79.634,1011.455
AWS_AP06,2025-01-26 01:00:00,18.907,78.828,1011.358
AWS_AP06,2025-01-26 01:15:00,19.354,80.081,1011.215
AWS_AP06,2025-01-26 01:30:00,18.855,78.903,1011.41
AWS_AP06,2025-01-26 01:45:00,19.33,80.902,1009.693
AWS_AP06,2025-01-26 02:00:00,19.207,79.45,1010.651
AWS_AP06,2025-01-26 02:15:00,19.479,79.253,1009.7
AWS_AP06,2025-01-26 02:30:00,19.16,81.505,1011.057
AWS_AP06,2025-01-26 02:45:00,19.236,78.861,1009.585
AWS_AP06,2025-01-26 03:00:00,19.108,82.132,1009.736
AWS_AP06,2025-01-26 03:15:00,18.437,82.107,1010.067
AWS_AP06,2025-01-26 03:30:00,18.704,83.661,1009.669
AWS_AP06,2025-01-26 03:45:00,19.657,79.728,1009.541
AWS_AP06,2025-01-26 04:00:00,19.137,77.215,1009.727
AWS_AP06,2025-01-26 04:15:00,19.04,74.108,1010.058
AWS_AP06,2025-01-26 04:30:00,19.45,83.637,1009.768
AWS_AP06,2025-01-26 04:45:00,20.076,76.371,1009.631
AWS_AP06,2025-01-26 05:00:00,19.894,81.754,1009.891
AWS_AP06,2025-01-26 05:15:00,20.122,77.978,1009.914
AWS_AP06,2025-01-26 05:30:00,20.16,78.407,1010.802
AWS_AP06,2025-01-26 05:45:00,20.219,77.136,1010.599
AWS_AP06,2025-01-26 06:00:00,20.258,74.142,1010.039
AWS_AP06,2025-01-26 06:15:00,20.881,75.165,1010.989
AWS_AP06,2025-01-26 06:30:00,20.513,76.305,1010.308
AWS_AP06,2025-01-26 06:45:00,20.355,74.651,1010.493
AWS_AP06,2025-01-26 07:00:00,21.079,75.744,1010.872
AWS_AP06,2025-01-26 07:15:00,21.369,73.899,1011.376
AWS_AP06,2025-01-26 07:30:00,21.561,71.6,1011.912
AWS_AP06,2025-01-26 07:45:00,21.667,71.775,1011.859
AWS_AP06,2025-01-26 08:00:00,21.773,73.367,1012.034
AWS_AP06,2025-01-26 08:15:00,22.204,72.195,1011.573
AWS_AP06,2025-01-26 08:30:00,22.547,68.104,1011.491
AWS_AP06,2025-01-26 08:45:00,23.144,68.223,1011.667
AWS_AP06,2025-01-26 09:00:00,23.045,69.366,1012.103
AWS_AP06,2025-01-26 09:15:00,23.638,67.325,1011.64
AWS_AP06,2025-01-26 09:30:00,23.436,66.545,1012.457
AWS_AP06,2025-01-26 09:45:00,23.906,63.476,1012.624
AWS_AP06,2025-01-26 10:00:00,24.615,61.154,1011.592
AWS_AP06,2025-01-26 10:15:00,24.528,65.836,1012.373
AWS_AP06,2025-01-26 10:30:00,24.954,63.361,1012.543
AWS_AP06,2025-01-26 10:45:00,24.672,65.384,1012.419
AWS_AP06,2025-01-26 11:00:00,25.439,60.97,1012.135
AWS_AP06,2025-01-26 11:15:00,25.695,58.203,1011.862
AWS_AP06,2025-01-26 11:30:00,25.69,62.598,1011.837
AWS_AP06,2025-01-26 11:45:00,26.517,63.383,1012.105
AWS_AP06,2025-01-26 12:00:00,26.282,60.801,1012.026
AWS_AP06,2025-01-26 12:15:00,26.255,55.854,1011.026
AWS_AP06,2025-01-26 12:30:00,26.725,55.592,1011.031
AWS_AP06,2025-01-26 12:45:00,27.049,57.449,1011.9
AWS_AP06,2025-01-26 13:00:00,27.247,55.652,1011.362
AWS_AP06,2025-01-26 13:15:00,27.095,57.903,1010.975
AWS_AP06,2025-01-26 13:30:00,26.87,55.215,1011.761
AWS_AP06,2025-01-26 13:45:00,27.608,55.298,1010.132
AWS_AP06,2025-01-26 14:00:00,27.119,54.829,1009.687
AWS_AP06,2025-01-26 14:15:00,27.078,55.341,1010.389
AWS_AP06,2025-01-26 14:30:00,27.418,56.857,1010.283
AWS_AP06,2025-01-26 14:45:00,27.479,55.973,1010.67
AWS_AP06,2025-01-26 15:00:00,27.531,58.687,1009.966
AWS_AP06,2025-01-26 15:15:00,27.225,58.95,1010.308
AWS_AP06,2025-01-26 15:30:00,27.177,59.403,1009.783
AWS_AP06,2025-01-26 15:45:00,27.688,58.574,1009.692
AWS_AP06,2025-01-26 16:00:00,26.759,56.449,1009.12
AWS_AP06,2025-01-26 16:15:00,27.072,55.924,1009.582
AWS_AP06,2025-01-26 16:30:00,27.315,56.939,1010.158
AWS_AP06,2025-01-26 16:45:00,26.464,58.646,1010.026
AWS_AP06,2025-01-26 17:00:00,26.778,58.916,1009.889
AWS_AP06,2025-01-26 17:15:00,26.588,55.165,1010.262
AWS_AP06,2025-01-26 17:30:00,26.303,61.17,1010.435
AWS_AP06,2025-01-26 17:45:00,26.043,58.321,1010.168
AWS_AP06,2025-01-26 18:00:00,26.189,57.396,1010.451
AWS_AP06,2025-01-26 18:15:00,26.589,63.235,1010.169
AWS_AP06,2025-01-26 18:30:00,25.59,57.198,1010.616
AWS_AP06,2025-01-26 18:45:00,25.569,62.804,1010.884
AWS_AP06,2025-01-26 19:00:00,25.043,62.031,1010.638
AWS_AP06,2025-01-26 19:15:00,25.296,61.898,1011.909
AWS_AP06,2025-01-26 19:30:00,24.959,60.371,1011.041
AWS_AP06,2025-01-26 19:45:00,24.522,61.921,1011.471
AWS_AP06,2025-01-26 20:00:00,23.631,64.367,1011.224
AWS_AP06,2025-01-26 20:15:00,24.35,70.159,1011.592
AWS_AP06,2025-01-26 20:30:00,23.783,65.458,1012.022
AWS_AP06,2025-01-26 20:45:00,23.695,67.32,1012.553
AWS_AP06,2025-01-26 21:00:00,23.094,66.706,1012.892
AWS_AP06,2025-01-26 21:15:00,22.872,68.021,1011.803
AWS_AP06,2025-01-26 21:30:00,22.818,69.492,1013.046
AWS_AP06,2025-01-26 21:45:00,22.093,72.366,1013.168
AWS_AP06,2025-01-26 22:00:00,22.223,69.245,1012.736
AWS_AP06,2025-01-26 22:15:00,22.008,71.533,1011.455
AWS_AP06,2025-01-26 22:30:00,21.586,74.28,1012.028
AWS_AP06,2025-01-26 22:45:00,21.464,71.27,1013.412
AWS_AP06,2025-01-26 23:00:00,21.095,73.559,1012.672
AWS_AP06,2025-01-26 23:15:00,20.449,76.484,1012.041
AWS_AP06,2025-01-26 23:30:00,20.574,76.492,1011.586
AWS_AP06,2025-01-26 23:45:00,20.871,74.841,1011.073
AWS_AP06,2025-01-27 00:00:00,17.557,81.769,1012.677
AWS_AP06,2025-01-27 00:15:00,16.656,83.459,1012.209
AWS_AP06,2025-01-27 00:30:00,17.418,84.231,1012.103
AWS_AP06,2025-02-01 08:45:00,25.615,71.798,1014.122
AWS_AP06,2025-02-01 09:00:00,26.449,68.321,1015.188
AWS_AP06,2025-02-07 18:15:00,27.518,57.088,1011.748
AWS_AP06,2025-02-07 18:30:00,27.102,59.412,1011.313
AWS_AP06,2025-02-07 18:45:00,26.735,62.007,1012.097
AWS_AP06,2025-02-07 19:00:00,26.385,59.247,1011.926
AWS_AP06,2025-02-07 19:15:00,26.31,60.065,1011.76
AWS_AP06,2025-02-07 19:30:00,25.658,58.991,1011.858
AWS_AP06,2025-02-07 19:45:00,25.508,62.049,1012.706
AWS_AP06,2025-02-07 20:00:00,25.63,63.548,1012.722
AWS_AP06,2025-02-07 20:15:00,25.32,61.109,1012.542
AWS_AP06,2025-02-07 20:30:00,24.805,64.855,1012.589
AWS_AP06,2025-02-07 20:45:00,24.347,66.879,1012.995
AWS_AP06,2025-02-07 21:00:00,24.569,61.254,1013.129
AWS_AP06,2025-02-07 21:15:00,23.698,65.684,1012.983
AWS_AP06,2025-02-07 21:30:00,23.727,65.251,1013.433
AWS_AP06,2025-02-07 21:45:00,23.931,69.792,1013.107
AWS_AP06,2025-02-07 22:00:00,23.181,69.807,1012.594
AWS_AP06,2025-02-07 22:15:00,22.788,69.899,1013.41
AWS_AP06,2025-02-07 22:30:00,22.175,69.745,1013.505
AWS_AP06,2025-02-07 22:45:00,22.41,72.599,1013.797
AWS_AP06,2025-02-07 23:00:00,21.72,70.879,1013.028
AWS_AP06,2025-02-07 23:15:00,21.315,70.497,1013.481
AWS_AP06,2025-02-07 23:30:00,21.444,76.547,1013.309
AWS_AP06,2025-02-07 23:45:00,21.199,71.833,1012.593
AWS_AP06,2025-02-08 00:00:00,22.56,82.172,1012.741
AWS_AP06,2025-02-08 00:15:00,22.555,79.193,1012.376
AWS_AP06,2025-02-08 00:30:00,22.427,80.471,1012.328
AWS_AP06,2025-02-08 00:45:00,22.362,81.967,1012.18
AWS_AP06,2025-02-08 01:00:00,22.25,80.837,1011.956
AWS_AP06,2025-02-08 01:15:00,22.269,79.916,1012.305
AWS_AP06,2025-02-08 01:30:00,21.706,82.261,1011.775
AWS_AP06,2025-02-08 01:45:00,21.825,84.455,1011.875
AWS_AP06,2025-02-08 02:00:00,21.053,85.749,1010.521
AWS_AP06,2025-02-08 02:15:00,21.594,82.649,1011.13
AWS_AP06,2025-02-08 02:30:00,21.427,81.92,1011.242
AWS_AP06,2025-02-08 02:45:00,21.042,83.155,1010.979
AWS_AP06,2025-02-08 03:00:00,21.328,84.558,1010.349
AWS_AP06,2025-02-08 03:15:00,21.374,84.723,1010.605
AWS_AP06,2025-02-08 03:30:00,21.624,100.692,1010.657
AWS_AP06,2025-02-08 03:45:00,21.533,87.238,1010.812
AWS_AP06,2025-02-08 04:00:00,21.529,86.025,1010.838
AWS_AP06,2025-02-08 04:15:00,21.418,83.57,1010.754
AWS_AP06,2025-02-08 04:30:00,22.114,86.009,1009.759
AWS_AP06,2025-02-08 04:45:00,22.655,81.48,1010.163
AWS_AP06,2025-02-08 05:00:00,22.02,82.406,1010.854
AWS_AP06,2025-02-08 05:15:00,22.173,77.854,1010.863
AWS_AP06,2025-02-08 05:30:00,22.503,80.974,1011.259
AWS_AP06,2025-02-08 05:45:00,22.148,76.258,1011.034
AWS_AP06,2025-02-08 06:00:00,22.434,84.438,1010.794
AWS_AP06,2025-02-08 06:15:00,23.107,81.134,1010.875
AWS_AP06,2025-02-08 06:30:00,23.43,81.113,1011.796
AWS_AP06,2025-02-08 06:45:00,23.376,78.56,1012.688
AWS_AP06,2025-02-08 07:00:00,23.717,76.954,1011.262
AWS_AP06,2025-02-08 07:15:00,23.786,79.144,1011.965
AWS_AP06,2025-02-08 07:30:00,24.324,81.547,1012.243
AWS_AP06,2025-02-08 07:45:00,24.309,77.658,1012.486
AWS_AP06,2025-02-08 08:00:00,24.636,76.038,1012.267
AWS_AP06,2025-02-08 08:15:00,25.826,73.77,1013.049
AWS_AP06,2025-02-08 08:30:00,25.341,73.047,1012.842
AWS_AP06,2025-02-08 08:45:00,25.442,69.285,1012.357
AWS_AP06,2025-02-08 09:00:00,26.047,72.369,1012.851
AWS_AP06,2025-02-08 09:15:00,25.76,68.936,1012.454
AWS_AP06,2025-02-08 09:30:00,26.046,69.667,1012.312
AWS_AP06,2025-02-08 09:45:00,26.446,66.132,1012.918
AWS_AP06,2025-02-08 10:00:00,27.499,69.717,1012.687
AWS_AP06,2025-02-08 10:15:00,27.165,69.961,1012.689
AWS_AP06,2025-02-08 10:30:00,27.606,69.402,1012.595
AWS_AP06,2025-02-08 10:45:00,27.701,67.273,1013.128
AWS_AP06,2025-02-08 11:00:00,28.369,66.442,1013.561
AWS_AP06,2025-02-08 11:15:00,28.131,65.818,1012.678
AWS_AP06,2025-02-08 11:30:00,28.237,66.917,1012.585
AWS_AP06,2025-02-08 11:45:00,28.884,63.977,1012.338
AWS_AP06,2025-02-08 12:00:00,28.754,66.029,1012.385
AWS_AP06,2025-02-08 12:15:00,29.076,61.067,1011.922
AWS_AP06,2025-02-08 12:30:00,29.313,63.607,1012.275
AWS_AP06,2025-02-08 12:45:00,29.562,63.534,1011.924
AWS_AP06,2025-02-08 13:00:00,29.7,60.715,1011.459
AWS_AP06,2025-02-08 13:15:00,29.222,61.01,1011.806
AWS_AP06,2025-02-08 13:30:00,29.541,64.1,1011.71
AWS_AP06,2025-02-08 13:45:00,29.728,63.995,1011.704
AWS_AP06,2025-02-08 14:00:00,30.249,60.285,1011.463
AWS_AP06,2025-02-08 14:15:00,30.361,56.243,1010.849
AWS_AP06,2025-02-08 14:30:00,30.21,57.555,1010.698
AWS_AP06,2025-02-08 14:45:00,29.815,58.807,1011.537
AWS_AP06,2025-02-08 15:00:00,30.404,59.48,1010.177
AWS_AP06,2025-02-08 15:15:00,30.59,55.842,1010.9
AWS_AP06,2025-02-08 15:30:00,30.424,56.04,1011.081
AWS_AP06,2025-02-08 15:45:00,30.46,59.529,1010.516
AWS_AP06,2025-02-08 16:00:00,29.756,60.836,1010.722
AWS_AP06,2025-02-08 16:15:00,29.912,60.436,1010.747
AWS_AP06,2025-02-08 16:30:00,30.426,59.873,1010.556
AWS_AP06,2025-02-08 16:45:00,29.564,57.559,1010.132
AWS_AP06,2025-02-08 17:00:00,29.684,60.729,1011.164
AWS_AP06,2025-02-08 17:15:00,29.033,61.72,1010.437
AWS_AP06,2025-02-08 17:30:00,29.131,60.477,1011.3
AWS_AP06,2025-02-08 17:45:00,28.78,61.614,1011.234
AWS_AP06,2025-02-08 18:00:00,28.646,65.822,1010.903
AWS_AP06,2025-02-08 18:15:00,46.984,66.983,1011.855
AWS_AP06,2025-02-14 14:15:00,29.96,62.57,1011.234
AWS_AP06,2025-02-14 14:30:00,30.518,59.675,1010.53
AWS_AP06,2025-02-25 11:30:00,30.156,54.987,1011.9
AWS_AP06,2025-02-25 11:45:00,30.535,56.432,1010.817
AWS_AP06,2025-02-25 20:15:00,28.723,62.673,1011.795
AWS_AP06,2025-02-25 20:30:00,28.444,62.405,1011.231
AWS_AP06,2025-03-06 12:30:00,31.292,56.406,1011.155
AWS_AP06,2025-03-06 12:45:00,31.993,51.974,1009.774
AWS_AP06,2025-03-08 11:30:00,29.529,56.893,1011.582
AWS_AP06,2025-03-08 11:45:00,28.976,51.711,1011.215
AWS_AP06,2025-03-10 03:15:00,26.58,66.834,1010.597
AWS_AP06,2025-03-10 03:30:00,26.901,65.061,1009.777
AWS_AP06,2025-03-11 12:15:00,36.132,43.447,1009.201
AWS_AP06,2025-03-11 12:30:00,36.383,46.116,1009.166
AWS_AP06,2025-03-13 15:00:00,34.563,44.764,1009.495
AWS_AP06,2025-03-13 15:15:00,35.034,48.166,1008.922
AWS_AP06,2025-03-13 15:30:00,34.865,47.864,1009.129
AWS_AP06,2025-03-13 15:45:00,35.049,42.017,1009.09
AWS_AP06,2025-03-13 16:00:00,34.515,48.721,1009.013
AWS_AP06,2025-03-13 16:15:00,34.905,48.98,1008.321
AWS_AP06,2025-03-13 16:30:00,34.723,46.681,1008.855
AWS_AP06,2025-03-13 16:45:00,35.242,47.749,1008.723
AWS_AP06,2025-03-13 17:00:00,34.895,43.632,1009.483
AWS_AP06,2025-03-13 17:15:00,34.207,50.598,1008.411
AWS_AP06,2025-03-13 17:30:00,34.302,50.583,1008.407
AWS_AP06,2025-03-13 17:45:00,33.946,50.347,1010.142
AWS_AP06,2025-03-13 18:00:00,33.41,50.902,1009.531
AWS_AP06,2025-03-13 18:15:00,33.417,48.602,1009.06
AWS_AP06,2025-03-13 18:30:00,33.674,49.075,1009.859
AWS_AP06,2025-03-13 18:45:00,32.979,48.904,1009.941
AWS_AP06,2025-03-13 19:00:00,32.87,49.466,1010.125
AWS_AP06,2025-03-13 19:15:00,33.054,49.876,1010.71
AWS_AP06,2025-03-13 19:30:00,32.12,56.412,1010.101
AWS_AP06,2025-03-13 19:45:00,32.741,54.209,1010.665
AWS_AP06,2025-03-13 20:00:00,32.036,56.208,1010.79
AWS_AP06,2025-03-13 20:15:00,31.959,54.795,1011.457
AWS_AP06,2025-03-13 20:30:00,31.53,58.072,1011.271
AWS_AP06,2025-03-13 20:45:00,31.245,56.585,1010.781
AWS_AP06,2025-03-13 21:00:00,31.402,55.339,1011.137
AWS_AP06,2025-03-13 21:15:00,30.598,57.171,1011.472
AWS_AP06,2025-03-13 21:30:00,30.7,63.836,1011.034
AWS_AP06,2025-03-13 21:45:00,30.491,60.381,1011.995
AWS_AP06,2025-03-13 22:00:00,29.935,60.959,1011.313
AWS_AP06,2025-03-13 22:15:00,29.807,64.706,1011.131
AWS_AP06,2025-03-13 22:30:00,29.89,58.536,1011.538
AWS_AP06,2025-03-13 22:45:00,29.399,62.591,1011.396
AWS_AP06,2025-03-13 23:00:00,29.213,61.928,1011.318
AWS_AP06,2025-03-13 23:15:00,28.997,64.669,1011.032
AWS_AP06,2025-03-13 23:30:00,28.398,67.745,1010.575
AWS_AP06,2025-03-13 23:45:00,28.521,61.964,1009.929
AWS_AP06,2025-03-14 00:00:00,29.41,63.409,1009.673
AWS_AP06,2025-03-14 00:15:00,29.175,62.683,1008.899
AWS_AP06,2025-03-14 00:30:00,28.487,67.812,1009.053
AWS_AP06,2025-03-14 00:45:00,28.726,67.934,1008.813
AWS_AP06,2025-03-14 01:00:00,28.858,72.021,1009.113
AWS_AP06,2025-03-14 01:15:00,28.315,67.088,1008.78
AWS_AP06,2025-03-14 01:30:00,28.937,64.339,1009.022
AWS_AP06,2025-03-14 01:45:00,28.603,72.014,1009.335
AWS_AP06,2025-03-14 02:00:00,27.972,70.285,1008.442
AWS_AP06,2025-03-14 02:15:00,28.066,68.007,1008.958
AWS_AP06,2025-03-14 02:30:00,27.866,69.524,1008.043
AWS_AP06,2025-03-14 02:45:00,28.051,69.576,1007.833
AWS_AP06,2025-03-14 03:00:00,28.404,68.477,1007.919
AWS_AP06,2025-03-14 03:15:00,28.599,67.083,1007.98
AWS_AP06,2025-03-14 03:30:00,27.959,70.385,1007.808
AWS_AP06,2025-03-14 03:45:00,28.45,69.419,1008.731
AWS_AP06,2025-03-14 04:00:00,28.297,70.901,1007.576
AWS_AP06,2025-03-14 04:15:00,28.446,63.3,1007.796
AWS_AP06,2025-03-14 04:30:00,28.527,66.352,1007.662
AWS_AP06,2025-03-14 04:45:00,28.259,68.256,1008.294
AWS_AP06,2025-03-14 05:00:00,28.785,67.35,1007.91
AWS_AP06,2025-03-14 05:15:00,29.03,68.894,1008.069
AWS_AP06,2025-03-14 05:30:00,28.629,64.738,1008.617
AWS_AP06,2025-03-14 05:45:00,28.905,63.836,1008.521
AWS_AP06,2025-03-14 06:00:00,29.212,63.85,1008.411
AWS_AP06,2025-03-14 06:15:00,29.672,64.202,1008.467
AWS_AP06,2025-03-14 06:30:00,29.993,63.628,1008.466
AWS_AP06,2025-03-14 06:45:00,29.845,63.665,1008.91
AWS_AP06,2025-03-14 07:00:00,30.587,63.156,1009.071
AWS_AP06,2025-03-14 07:15:00,30.168,63.855,1009.361
AWS_AP06,2025-03-14 07:30:00,30.065,62.653,1009.585
AWS_AP06,2025-03-14 07:45:00,30.356,58.866,1009.015
AWS_AP06,2025-03-14 08:00:00,30.826,58.499,1009.713
AWS_AP06,2025-03-14 08:15:00,31.162,61.215,1009.931
AWS_AP06,2025-03-14 08:30:00,32.017,58.441,1010.587
AWS_AP06,2025-03-14 08:45:00,31.885,61.136,1010.273
AWS_AP06,2025-03-14 09:00:00,32.095,57.845,1010.519
AWS_AP06,2025-03-14 09:15:00,32.614,54.027,1010.394
AWS_AP06,2025-03-14 09:30:00,32.114,54.92,1010.303
AWS_AP06,2025-03-14 09:45:00,33.009,57.738,1010.845
AWS_AP06,2025-03-14 10:00:00,33.501,53.235,1010.848
AWS_AP06,2025-03-14 10:15:00,33.723,51.162,1011.249
AWS_AP06,2025-03-14 10:30:00,33.503,51.177,1010.49
AWS_AP06,2025-03-14 10:45:00,34.028,51.788,1010.298
AWS_AP06,2025-03-14 11:00:00,33.83,53.381,1010.462
AWS_AP06,2025-03-14 11:15:00,33.847,50.173,1009.42
AWS_AP06,2025-03-14 11:30:00,34.839,50.852,1010.152
AWS_AP06,2025-03-14 11:45:00,34.767,46.827,1008.902
AWS_AP06,2025-03-14 12:00:00,34.606,47.645,1009.741
AWS_AP06,2025-03-14 12:15:00,35.297,48.992,1009.499
AWS_AP06,2025-03-14 12:30:00,35.93,46.18,1009.133
AWS_AP06,2025-03-14 12:45:00,34.644,45.181,1009.473
AWS_AP06,2025-03-14 13:00:00,36.128,46.201,1008.957
AWS_AP06,2025-03-14 13:15:00,35.354,48.326,1009.262
AWS_AP06,2025-03-14 13:30:00,36.162,46.788,1008.693
AWS_AP06,2025-03-14 13:45:00,35.502,44.12,1009.43
AWS_AP06,2025-03-14 14:00:00,36.085,48.799,1008.863
AWS_AP06,2025-03-14 14:15:00,36.077,46.449,1008.77
AWS_AP06,2025-03-14 14:30:00,36.179,41.931,1008.46
AWS_AP06,2025-03-14 14:45:00,36.463,48.096,1008.03
AWS_AP06,2025-03-14 15:00:00,36.72,45.456,1007.562
AWS_AP06,2025-03-28 06:00:00,24.552,68.861,1007.794
AWS_AP06,2025-03-28 06:15:00,25.093,71.704,1008.254
AWS_AP06,2025-04-01 12:00:00,33.479,62.034,1009.134
AWS_AP06,2025-04-01 12:15:00,34.401,59.155,1007.252
AWS_AP06,2025-04-03 09:15:00,29.788,64.566,1008.866
AWS_AP06,2025-04-03 09:30:00,30.48,63.395,1008.908
AWS_AP06,2025-04-16 02:30:00,30.73,74.54,1006.622
AWS_AP06,2025-04-16 02:45:00,30.554,74.673,1005.059
AWS_AP06,2025-04-21 13:00:00,34.737,53.183,1004.749
AWS_AP06,2025-04-21 13:15:00,35.245,51.76,1005.289
AWS_AP06,2025-04-22 02:00:00,26.372,73.298,1006.041
AWS_AP06,2025-04-22 02:15:00,26.191,76.499,1006.215
AWS_AP06,2025-05-07 17:45:00,33.649,54.539,1002.652
AWS_AP06,2025-05-07 18:00:00,33.167,56.976,1003.153
AWS_AP06,2025-05-07 21:30:00,30.348,67.452,1005.428
AWS_AP06,2025-05-07 21:45:00,30.163,68.799,1005.067
AWS_AP06,2025-05-10 14:45:00,34.322,58.235,1003.602
AWS_AP06,2025-05-10 15:00:00,34.095,56.295,1003.961
AWS_AP06,2025-05-13 03:00:00,27.424,80.343,1002.158
AWS_AP06,2025-05-13 03:15:00,27.697,80.487,1002.632
AWS_AP06,2025-05-16 09:30:00,31.718,62.539,1005.507
AWS_AP06,2025-05-16 09:45:00,31.595,65.568,1005.136
AWS_AP06,2025-05-17 00:45:00,28.076,77.601,1003.712
AWS_AP06,2025-05-17 01:00:00,27.076,79.713,1002.701
AWS_AP06,2025-05-18 17:00:00,35.156,59.053,1002.425
AWS_AP06,2025-05-18 17:15:00,34.525,55.728,1002.406
AWS_AP06,2025-05-21 13:30:00,36.382,55.821,1001.648
AWS_AP06,2025-05-21 13:45:00,36.462,59.372,1001.375
AWS_AP06,2025-05-31 15:00:00,35.153,57.942,1001.171
AWS_AP06,2025-05-31 15:15:00,34.608,55.413,1001.661
AWS_AP06,2025-05-31 23:00:00,29.856,76.53,1003.347
AWS_AP06,2025-05-31 23:15:00,29.051,77.09,1004.585
AWS_AP06,2025-06-19 10:45:00,31.736,70.642,1002.432
AWS_AP06,2025-06-19 11:00:00,31.498,69.522,1002.448
AWS_AP06,2025-06-22 11:00:00,30.546,67.618,1001.331
AWS_AP06,2025-06-22 11:15:00,30.339,70.111,1000.804
AWS_AP06,2025-06-23 01:45:00,26.972,91.91,1000.047
AWS_AP06,2025-06-23 02:00:00,26.552,90.642,1000.393
AWS_AP06,2025-06-26 11:45:00,31.795,65.271,1002.245
AWS_AP06,2025-06-26 12:00:00,32.011,65.513,1002.418
AWS_AP06,2025-06-27 00:45:00,26.201,90.366,1001.755
AWS_AP06,2025-06-27 01:00:00,26.276,89.807,1001.721
AWS_AP06,2025-07-04 06:30:00,26.831,86.543,1002.287
AWS_AP06,2025-07-04 06:45:00,26.436,88.637,1001.554
AWS_AP06,2025-07-10 05:45:00,24.93,89.883,1000.379
AWS_AP06,2025-07-10 06:00:00,26.038,91.274,1001.712
AWS_AP06,2025-07-10 14:30:00,30.654,70.215,1001.014
AWS_AP06,2025-07-10 14:45:00,30.581,69.994,1001.016
AWS_AP06,2025-07-15 03:15:00,25.364,90.58,1001.604
AWS_AP06,2025-07-15 03:30:00,25.573,90.897,1002.062
AWS_AP06,2025-07-15 11:45:00,30.444,70.618,1004.724
AWS_AP06,2025-07-15 12:00:00,31.476,67.339,1003.403
AWS_AP06,2025-07-21 23:15:00,25.613,86.875,1003.733
AWS_AP06,2025-07-21 23:30:00,25.752,87.511,1003.769
AWS_AP06,2025-07-22 08:00:00,28.813,85.004,1003.155
AWS_AP06,2025-07-22 08:15:00,28.972,83.811,1002.5
AWS_AP06,2025-08-12 04:15:00,24.297,94.798,1002.257
AWS_AP06,2025-08-12 04:30:00,24.573,93.303,1003.188
AWS_AP06,2025-08-12 20:45:00,27.199,85.058,1004.486
AWS_AP06,2025-08-12 21:00:00,27.428,84.98,1004.109
AWS_AP06,2025-08-15 10:30:00,30.102,81.683,1005.238
AWS_AP06,2025-08-15 10:45:00,30.262,77.497,1004.784
AWS_AP06,2025-09-20 00:15:00,24.419,87.897,1005.746
AWS_AP06,2025-09-20 00:30:00,24.651,90.107,1006.118
AWS_AP06,2025-10-04 10:30:00,28.044,68.386,1007.855
AWS_AP06,2025-10-04 10:45:00,28.331,70.134,1008.387
AWS_AP06,2025-10-06 22:30:00,26.51,83.116,1007.816
AWS_AP06,2025-10-06 22:45:00,26.492,82.621,1008.489
AWS_AP06,2025-10-10 19:45:00,28.45,69.841,1008.434
AWS_AP06,2025-10-10 20:00:00,28.562,68.882,1008.423
AWS_AP06,2025-10-17 17:15:00,29.15,64.949,1006.151
AWS_AP06,2025-10-17 17:30:00,29.139,58.695,1006.284
AWS_AP06,2025-10-22 13:15:00,29.171,68.0,1008.732
AWS_AP06,2025-10-22 13:30:00,28.71,68.614,1008.071
AWS_AP06,2025-10-22 13:45:00,28.828,64.508,1007.438
AWS_AP06,2025-10-22 14:00:00,28.395,66.947,1007.794
AWS_AP06,2025-10-22 14:15:00,28.759,66.078,1007.228
AWS_AP06,2025-10-22 14:30:00,29.333,64.06,1007.043
AWS_AP06,2025-10-22 14:45:00,29.096,66.318,1007.199
AWS_AP06,2025-10-22 15:00:00,29.348,67.694,1007.803
AWS_AP06,2025-10-22 15:15:00,28.578,64.868,1006.898
AWS_AP06,2025-10-22 15:30:00,28.862,63.091,1007.405
AWS_AP06,2025-10-22 15:45:00,29.249,63.33,1008.122
AWS_AP06,2025-10-22 16:00:00,28.894,64.53,1006.967
AWS_AP06,2025-10-22 16:15:00,28.821,65.268,1007.079
AWS_AP06,2025-10-22 16:30:00,28.756,68.27,1006.949
AWS_AP06,2025-10-22 16:45:00,28.843,66.462,1007.293
AWS_AP06,2025-10-22 17:00:00,28.086,64.404,1007.022
AWS_AP06,2025-10-22 17:15:00,28.34,69.771,1007.631
AWS_AP06,2025-10-22 17:30:00,27.914,66.663,1007.243
AWS_AP06,2025-10-22 17:45:00,27.537,69.163,1007.999
AWS_AP06,2025-10-22 18:00:00,28.035,64.394,1007.387
AWS_AP06,2025-10-22 18:15:00,28.086,66.573,1008.63
AWS_AP06,2025-10-22 18:30:00,28.021,70.512,1008.392
AWS_AP06,2025-10-22 18:45:00,27.926,71.628,1008.095
AWS_AP06,2025-10-22 19:00:00,27.341,69.767,1008.561
AWS_AP06,2025-10-22 19:15:00,26.891,73.403,1008.179
AWS_AP06,2025-10-22 19:30:00,26.965,71.978,1008.81
AWS_AP06,2025-10-22 19:45:00,26.798,73.058,1009.213
AWS_AP06,2025-10-22 20:00:00,26.292,75.857,1009.357
AWS_AP06,2025-10-22 20:15:00,26.476,74.75,1009.24
AWS_AP06,2025-10-22 20:30:00,26.323,76.954,1009.44
AWS_AP06,2025-10-22 20:45:00,26.009,75.111,1009.791
AWS_AP06,2025-10-22 21:00:00,25.49,78.84,1010.252
AWS_AP06,2025-10-22 21:15:00,25.081,78.057,1010.155
AWS_AP06,2025-10-22 21:30:00,25.19,77.818,1009.31
AWS_AP06,2025-10-22 21:45:00,24.98,80.137,1009.181
AWS_AP06,2025-10-22 22:00:00,24.2,78.893,1009.519
AWS_AP06,2025-10-22 22:15:00,24.024,81.707,1010.81
AWS_AP06,2025-10-22 22:30:00,23.971,85.293,1009.137
AWS_AP06,2025-10-22 22:45:00,24.02,84.82,1009.556
AWS_AP06,2025-10-22 23:00:00,23.696,85.945,1009.67
AWS_AP06,2025-10-22 23:15:00,23.924,84.4,1009.416
AWS_AP06,2025-10-22 23:30:00,23.393,83.312,1009.633
AWS_AP06,2025-10-22 23:45:00,23.396,84.841,1009.425
AWS_AP06,2025-10-23 00:00:00,23.96,87.841,1010.055
AWS_AP06,2025-10-23 00:15:00,24.332,85.664,1009.427
AWS_AP06,2025-10-23 00:30:00,24.097,82.955,1009.033
AWS_AP06,2025-10-23 00:45:00,22.979,86.074,1009.358
AWS_AP06,2025-10-23 01:00:00,23.424,85.525,1009.678
AWS_AP06,2025-10-23 01:15:00,23.727,86.615,1008.522
AWS_AP06,2025-10-23 01:30:00,23.286,87.331,1008.795
AWS_AP06,2025-10-23 01:45:00,23.049,89.74,1007.988
AWS_AP06,2025-10-23 02:00:00,22.608,87.261,1007.558
AWS_AP06,2025-10-23 02:15:00,22.529,87.0,1007.818
AWS_AP06,2025-10-23 02:30:00,23.305,89.578,1008.613
AWS_AP06,2025-10-23 02:45:00,23.235,92.112,1008.493
AWS_AP06,2025-10-23 03:00:00,22.883,90.919,1007.834
AWS_AP06,2025-10-23 03:15:00,22.637,88.84,1008.145
AWS_AP06,2025-10-23 03:30:00,23.068,92.43,1007.527
AWS_AP06,2025-10-23 03:45:00,23.08,89.615,1007.594
AWS_AP06,2025-10-23 04:00:00,22.929,88.212,1007.487
AWS_AP06,2025-10-23 04:15:00,23.686,90.202,1008.002
AWS_AP06,2025-10-23 04:30:00,22.931,86.802,1008.258
AWS_AP06,2025-10-23 04:45:00,23.848,87.496,1008.179
AWS_AP06,2025-10-23 05:00:00,24.352,86.908,1007.601
AWS_AP06,2025-10-23 05:15:00,24.248,87.559,1007.98
AWS_AP06,2025-10-23 05:30:00,23.986,85.806,1008.413
AWS_AP06,2025-10-23 05:45:00,23.722,87.489,1007.778
AWS_AP06,2025-10-23 06:00:00,24.099,91.407,1008.024
AWS_AP06,2025-10-23 06:15:00,23.894,85.874,1008.235
AWS_AP06,2025-10-23 06:30:00,23.92,83.461,1008.347
AWS_AP06,2025-10-23 06:45:00,24.387,85.038,1008.296
AWS_AP06,2025-10-23 07:00:00,24.533,85.446,1008.993
AWS_AP06,2025-10-23 07:15:00,24.91,81.52,1009.305
AWS_AP06,2025-10-23 07:30:00,24.848,81.115,1008.298
AWS_AP06,2025-10-23 07:45:00,25.528,84.538,1009.517
AWS_AP06,2025-10-23 08:00:00,25.43,78.233,1009.293
AWS_AP06,2025-10-23 08:15:00,25.666,80.815,1009.933
AWS_AP06,2025-10-23 08:30:00,25.956,77.428,1009.109
AWS_AP06,2025-10-23 08:45:00,25.867,76.54,1009.778
AWS_AP06,2025-10-23 09:00:00,26.181,78.055,1010.373
AWS_AP06,2025-10-23 09:15:00,26.509,73.937,1009.024
AWS_AP06,2025-10-23 09:30:00,26.436,76.342,1009.936
AWS_AP06,2025-10-23 09:45:00,27.26,75.384,1010.267
AWS_AP06,2025-10-23 10:00:00,27.414,69.202,1010.591
AWS_AP06,2025-10-23 10:15:00,27.666,75.6,1009.783
AWS_AP06,2025-10-23 10:30:00,27.488,72.407,1009.643
AWS_AP06,2025-10-23 10:45:00,28.605,71.579,1009.479
AWS_AP06,2025-10-23 11:00:00,28.365,74.123,1009.696
AWS_AP06,2025-10-23 11:15:00,28.59,70.854,1010.588
AWS_AP06,2025-10-23 11:30:00,28.466,69.466,1010.148
AWS_AP06,2025-10-23 11:45:00,28.965,71.429,1009.456
AWS_AP06,2025-10-23 12:00:00,28.895,70.506,1009.186
AWS_AP06,2025-10-23 12:15:00,29.584,65.92,1008.855
AWS_AP06,2025-10-23 12:30:00,28.715,69.235,1009.361
AWS_AP06,2025-10-23 12:45:00,29.482,67.522,1008.909
AWS_AP06,2025-10-23 13:00:00,29.507,66.111,1009.282
AWS_AP06,2025-10-23 13:15:00,16.706,68.028,1008.689
AWS_AP06,2025-10-26 21:00:00,25.372,74.677,1010.42
AWS_AP06,2025-10-26 21:15:00,25.722,76.959,1011.294
AWS_AP06,2025-11-02 11:45:00,28.023,62.305,1009.425
AWS_AP06,2025-11-02 12:00:00,28.795,61.567,1009.123
AWS_AP06,2025-11-06 17:30:00,28.028,63.178,1009.416
AWS_AP06,2025-11-06 17:45:00,27.402,62.947,1009.234
AWS_AP06,2025-11-10 03:00:00,21.227,85.655,1010.032
AWS_AP06,2025-11-10 03:15:00,21.783,83.042,1009.518
AWS_AP06,2025-12-03 02:00:00,19.209,83.191,1010.641
AWS_AP06,2025-12-03 02:15:00,18.901,87.151,1010.633
AWS_AP06,2025-12-21 01:15:00,21.166,83.105,1012.166
AWS_AP06,2025-12-21 01:30:00,21.17,79.523,1011.472
AWS_AP06,2025-12-23 17:45:00,26.687,56.697,1011.239
AWS_AP06,2025-12-23 18:00:00,26.004,58.509,1011.153
AWS_AP06,2025-12-24 22:30:00,22.765,75.143,1013.042
AWS_AP06,2025-12-24 22:45:00,21.59,78.272,1013.358
AWS_AP07,2025-01-14 13:30:00,27.778,61.52,1010.651
AWS_AP07,2025-01-14 13:45:00,28.235,61.593,1010.151
AWS_AP07,2025-01-15 02:30:00,19.695,87.797,1010.72
AWS_AP07,2025-01-15 02:45:00,19.571,85.674,1010.367
AWS_AP07,2025-01-17 15:45:00,29.332,56.942,1007.68
AWS_AP07,2025-01-17 16:00:00,29.502,56.733,1007.699
AWS_AP07,2025-01-20 05:00:00,21.319,79.158,1010.084
AWS_AP07,2025-01-20 05:15:00,22.083,80.34,1010.153
AWS_AP07,2025-01-24 02:30:00,19.845,76.905,1008.098
AWS_AP07,2025-01-24 02:45:00,19.291,80.507,1008.432
AWS_AP07,2025-01-26 00:00:00,22.341,76.929,1011.858
AWS_AP07,2025-01-26 00:15:00,22.451,77.527,1011.648
AWS_AP07,2025-01-26 00:30:00,22.251,76.785,1011.058
AWS_AP07,2025-01-26 00:45:00,21.994,77.661,1011.55
AWS_AP07,2025-01-26 01:00:00,21.91,80.417,1010.82
AWS_AP07,2025-01-26 01:15:00,21.785,77.635,1011.099
AWS_AP07,2025-01-26 01:30:00,21.913,81.2,1010.745
AWS_AP07,2025-01-26 01:45:00,21.796,81.24,1010.756
AWS_AP07,2025-01-26 02:00:00,21.541,82.483,1010.739
AWS_AP07,2025-01-26 02:15:00,21.489,81.87,1010.882
AWS_AP07,2025-01-26 02:30:00,21.507,76.907,1010.174
AWS_AP07,2025-01-26 02:45:00,21.425,79.372,1009.57
AWS_AP07,2025-01-26 03:00:00,21.542,80.584,1009.857
AWS_AP07,2025-01-26 03:15:00,21.139,81.117,1010.059
AWS_AP07,2025-01-26 03:30:00,21.584,83.268,1010.09
AWS_AP07,2025-01-26 03:45:00,21.74,80.918,1009.913
AWS_AP07,2025-01-26 04:00:00,21.299,79.92,1009.887
AWS_AP07,2025-01-26 04:15:00,20.969,79.542,1009.491
AWS_AP07,2025-01-26 04:30:00,22.13,81.283,1009.509
AWS_AP07,2025-01-26 04:45:00,22.595,76.831,1009.383
AWS_AP07,2025-01-26 05:00:00,22.177,78.427,1010.197
AWS_AP07,2025-01-26 05:15:00,22.078,71.436,1009.814
AWS_AP07,2025-01-26 05:30:00,22.374,79.642,1011.137
AWS_AP07,2025-01-26 05:45:00,21.966,79.959,1010.787
AWS_AP07,2025-01-26 06:00:00,23.067,76.238,1009.594
AWS_AP07,2025-01-26 06:15:00,22.616,78.073,1010.53
AWS_AP07,2025-01-26 06:30:00,22.726,76.817,1010.502
AWS_AP07,2025-01-26 06:45:00,23.033,77.838,1010.704
AWS_AP07,2025-01-26 07:00:00,23.728,73.242,1011.337
AWS_AP07,2025-01-26 07:15:00,23.927,73.179,1010.523
AWS_AP07,2025-01-26 07:30:00,23.91,74.573,1011.414
AWS_AP07,2025-01-26 07:45:00,24.506,72.228,1011.55
AWS_AP07,2025-01-26 08:00:00,24.446,73.817,1011.998
AWS_AP07,2025-01-26 08:15:00,24.906,68.725,1012.467
AWS_AP07,2025-01-26 08:30:00,25.298,69.231,1011.767
AWS_AP07,2025-01-26 08:45:00,25.738,69.005,1011.626
AWS_AP07,2025-01-26 09:00:00,25.144,70.095,1011.922
AWS_AP07,2025-01-26 09:15:00,26.325,63.425,1012.635
AWS_AP07,2025-01-26 09:30:00,26.206,68.209,1012.245
AWS_AP07,2025-01-26 09:45:00,26.481,64.591,1011.439
AWS_AP07,2025-01-26 10:00:00,26.204,64.078,1012.362
AWS_AP07,2025-01-26 10:15:00,26.405,66.847,1012.145
AWS_AP07,2025-01-26 10:30:00,27.099,65.733,1011.799
AWS_AP07,2025-01-26 10:45:00,27.362,64.873,1012.141
AWS_AP07,2025-01-26 11:00:00,27.812,60.708,1012.173
AWS_AP07,2025-01-26 11:15:00,28.223,60.154,1012.305
AWS_AP07,2025-01-26 11:30:00,28.196,57.038,1011.72
AWS_AP07,2025-01-26 11:45:00,28.081,56.33,1012.105
AWS_AP07,2025-01-26 12:00:00,28.849,61.086,1012.128
AWS_AP07,2025-01-26 12:15:00,29.264,60.022,1012.304
AWS_AP07,2025-01-26 12:30:00,29.154,58.076,1011.943
AWS_AP07,2025-01-26 12:45:00,28.699,57.213,1011.665
AWS_AP07,2025-01-26 13:00:00,29.008,56.472,1011.021
AWS_AP07,2025-01-26 13:15:00,29.603,57.823,1010.427
AWS_AP07,2025-01-26 13:30:00,29.184,58.145,1010.763
AWS_AP07,2025-01-26 13:45:00,29.566,57.572,1010.782
AWS_AP07,2025-01-26 14:00:00,29.771,59.186,1010.783
AWS_AP07,2025-01-26 14:15:00,29.798,56.694,1010.13
AWS_AP07,2025-01-26 14:30:00,30.254,57.312,1010.236
AWS_AP07,2025-01-26 14:45:00,29.859,57.496,1010.32
AWS_AP07,2025-01-26 15:00:00,30.237,53.666,1009.904
AWS_AP07,2025-01-26 15:15:00,29.631,60.07,1010.178
AWS_AP07,2025-01-26 15:30:00,29.501,56.713,1009.589
AWS_AP07,2025-01-26 15:45:00,29.822,55.93,1009.693
AWS_AP07,2025-01-26 16:00:00,29.514,56.961,1010.294
AWS_AP07,2025-01-26 16:15:00,29.743,56.895,1010.19
AWS_AP07,2025-01-26 16:30:00,29.274,56.872,1009.087
AWS_AP07,2025-01-26 16:45:00,29.722,57.155,1009.485
AWS_AP07,2025-01-26 17:00:00,29.126,60.365,1010.674
AWS_AP07,2025-01-26 17:15:00,29.096,57.916,1010.113
AWS_AP07,2025-01-26 17:30:00,29.417,55.766,1010.8
AWS_AP07,2025-01-26 17:45:00,29.123,58.375,1009.979
AWS_AP07,2025-01-26 18:00:00,28.428,59.777,1010.462
AWS_AP07,2025-01-26 18:15:00,28.565,60.195,1010.738
AWS_AP07,2025-01-26 18:30:00,28.286,61.565,1010.975
AWS_AP07,2025-01-26 18:45:00,27.8,62.195,1010.788
AWS_AP07,2025-01-26 19:00:00,28.109,60.688,1011.573
AWS_AP07,2025-01-26 19:15:00,27.781,60.808,1010.692
AWS_AP07,2025-01-26 19:30:00,27.366,63.839,1011.241
AWS_AP07,2025-01-26 19:45:00,26.715,67.502,1011.428
AWS_AP07,2025-01-26 20:00:00,26.146,64.155,1011.703
AWS_AP07,2025-01-26 20:15:00,26.648,69.157,1012.737
AWS_AP07,2025-01-26 20:30:00,25.789,69.44,1011.736
AWS_AP07,2025-01-26 20:45:00,26.484,67.809,1011.797
AWS_AP07,2025-01-26 21:00:00,25.927,68.049,1012.609
AWS_AP07,2025-01-26 21:15:00,25.523,67.478,1011.452
AWS_AP07,2025-01-26 21:30:00,24.829,69.69,1011.984
AWS_AP07,2025-01-26 21:45:00,24.525,68.89,1011.965
AWS_AP07,2025-01-26 22:00:00,24.567,72.819,1011.64
AWS_AP07,2025-01-26 22:15:00,24.139,71.496,1012.766
AWS_AP07,2025-01-26 22:30:00,24.121,75.931,1012.898
AWS_AP07,2025-01-26 22:45:00,23.304,74.05,1012.67
AWS_AP07,2025-01-26 23:00:00,23.4,72.631,1012.487
AWS_AP07,2025-01-26 23:15:00,23.563,78.49,1012.469
AWS_AP07,2025-01-26 23:30:00,23.636,77.103,1011.464
AWS_AP07,2025-01-26 23:45:00,22.865,75.154,1011.816
AWS_AP07,2025-01-27 00:00:00,16.475,88.21,1009.31
AWS_AP07,2025-01-27 00:15:00,15.533,87.663,1009.436
AWS_AP07,2025-01-27 00:30:00,15.765,85.806,1009.507
AWS_AP07,2025-01-31 09:00:00,21.549,74.415,1011.643
AWS_AP07,2025-01-31 09:15:00,21.087,74.255,1011.369
AWS_AP07,2025-01-31 09:30:00,21.218,72.646,1011.201
AWS_AP07,2025-01-31 09:45:00,21.972,70.122,1011.294
AWS_AP07,2025-01-31 10:00:00,22.369,70.463,1012.35
AWS_AP07,2025-01-31 10:15:00,22.617,69.972,1011.469
AWS_AP07,2025-01-31 10:30:00,22.841,72.051,1011.269
AWS_AP07,2025-01-31 10:45:00,23.038,70.102,1010.752
AWS_AP07,2025-01-31 11:00:00,23.14,68.282,1011.437
AWS_AP07,2025-01-31 11:15:00,23.059,66.185,1011.397
AWS_AP07,2025-01-31 11:30:00,23.333,66.898,1010.918
AWS_AP07,2025-01-31 11:45:00,23.937,67.66,1010.769
AWS_AP07,2025-01-31 12:00:00,24.417,62.906,1011.038
AWS_AP07,2025-01-31 12:15:00,24.172,65.898,1011.883
AWS_AP07,2025-01-31 12:30:00,24.301,66.007,1010.82
AWS_AP07,2025-01-31 12:45:00,24.658,66.199,1010.243
AWS_AP07,2025-01-31 13:00:00,24.836,65.461,1010.482
AWS_AP07,2025-01-31 13:15:00,24.948,61.749,1010.061
AWS_AP07,2025-01-31 13:30:00,25.354,67.732,1009.503
AWS_AP07,2025-01-31 13:45:00,24.559,65.124,1009.801
AWS_AP07,2025-01-31 14:00:00,24.842,59.654,1009.083
AWS_AP07,2025-01-31 14:15:00,25.598,60.127,1008.887
AWS_AP07,2025-01-31 14:30:00,25.221,62.711,1009.185
AWS_AP07,2025-01-31 14:45:00,25.143,63.042,1009.498
AWS_AP07,2025-01-31 15:00:00,25.575,64.414,1009.479
AWS_AP07,2025-01-31 15:15:00,24.926,59.984,1009.026
AWS_AP07,2025-01-31 15:30:00,24.919,61.298,1009.166
AWS_AP07,2025-01-31 15:45:00,25.024,63.521,1008.552
AWS_AP07,2025-01-31 16:00:00,25.719,62.977,1008.757
AWS_AP07,2025-01-31 16:15:00,24.965,62.936,1008.86
AWS_AP07,2025-01-31 16:30:00,25.277,60.575,1008.355
AWS_AP07,2025-01-31 16:45:00,25.418,63.34,1009.543
AWS_AP07,2025-01-31 17:00:00,25.233,63.213,1009.094
AWS_AP07,2025-01-31 17:15:00,24.875,62.985,1009.174
AWS_AP07,2025-01-31 17:30:00,24.612,64.958,1009.605
AWS_AP07,2025-01-31 17:45:00,24.217,68.172,1009.644
AWS_AP07,2025-01-31 18:00:00,23.806,63.859,1010.589
AWS_AP07,2025-01-31 18:15:00,23.319,68.734,1009.231
AWS_AP07,2025-01-31 18:30:00,23.381,62.348,1009.444
AWS_AP07,2025-01-31 18:45:00,23.55,68.486,1009.604
AWS_AP07,2025-01-31 19:00:00,23.361,64.38,1010.825
AWS_AP07,2025-01-31 19:15:00,22.942,70.419,1010.963
AWS_AP07,2025-01-31 19:30:00,22.638,67.843,1010.932
AWS_AP07,2025-01-31 19:45:00,22.755,67.918,1011.032
AWS_AP07,2025-01-31 20:00:00,21.721,71.405,1011.001
AWS_AP07,2025-01-31 20:15:00,22.1,69.706,1010.771
AWS_AP07,2025-01-31 20:30:00,21.846,73.429,1010.962
AWS_AP07,2025-01-31 20:45:00,20.944,73.53,1010.933
AWS_AP07,2025-01-31 21:00:00,20.792,78.229,1011.797
AWS_AP07,2025-01-31 21:15:00,20.802,75.684,1011.415
AWS_AP07,2025-01-31 21:30:00,20.258,74.661,1011.453
AWS_AP07,2025-01-31 21:45:00,20.742,76.982,1012.273
AWS_AP07,2025-01-31 22:00:00,19.979,76.405,1010.909
AWS_AP07,2025-01-31 22:15:00,19.479,76.929,1011.431
AWS_AP07,2025-01-31 22:30:00,19.279,78.698,1011.454
AWS_AP07,2025-01-31 22:45:00,18.92,80.328,1011.297
AWS_AP07,2025-01-31 23:00:00,19.462,85.944,1011.923
AWS_AP07,2025-01-31 23:15:00,18.303,80.894,1010.909
AWS_AP07,2025-01-31 23:30:00,18.665,79.785,1011.657
AWS_AP07,2025-01-31 23:45:00,18.324,80.31,1011.293
AWS_AP07,2025-02-01 00:00:00,21.314,78.458,1010.732
AWS_AP07,2025-02-01 00:15:00,20.652,78.577,1011.009
AWS_AP07,2025-02-01 00:30:00,20.676,79.333,1010.199
AWS_AP07,2025-02-01 00:45:00,20.589,83.428,1009.629
AWS_AP07,2025-02-01 01:00:00,20.04,80.261,1010.483
AWS_AP07,2025-02-01 01:15:00,20.622,79.632,1010.173
AWS_AP07,2025-02-01 01:30:00,20.313,85.145,1009.427
AWS_AP07,2025-02-01 01:45:00,19.862,81.385,1010.111
AWS_AP07,2025-02-01 02:00:00,19.532,81.577,1009.584
AWS_AP07,2025-02-01 02:15:00,19.528,83.296,1009.467
AWS_AP07,2025-02-01 02:30:00,19.533,82.357,1010.128
AWS_AP07,2025-02-01 02:45:00,19.243,83.587,1009.404
AWS_AP07,2025-02-01 03:00:00,19.966,77.213,1009.176
AWS_AP07,2025-02-01 03:15:00,19.403,82.163,1008.605
AWS_AP07,2025-02-01 03:30:00,19.823,83.201,1009.172
AWS_AP07,2025-02-01 03:45:00,20.01,83.599,1009.252
AWS_AP07,2025-02-01 04:00:00,19.974,81.724,1009.399
AWS_AP07,2025-02-01 04:15:00,19.673,79.135,1008.928
AWS_AP07,2025-02-01 04:30:00,20.554,83.023,1008.166
AWS_AP07,2025-02-01 04:45:00,19.853,80.631,1008.152
AWS_AP07,2025-02-01 05:00:00,19.995,82.56,1009.705
AWS_AP07,2025-02-01 05:15:00,20.635,77.755,1009.054
AWS_AP07,2025-02-01 05:30:00,20.793,80.522,1008.899
AWS_AP07,2025-02-01 05:45:00,20.692,79.249,1009.47
AWS_AP07,2025-02-01 06:00:00,21.046,78.735,1010.029
AWS_AP07,2025-02-01 06:15:00,21.62,78.315,1009.084
AWS_AP07,2025-02-01 06:30:00,22.301,77.828,1010.181
AWS_AP07,2025-02-01 06:45:00,21.934,73.5,1010.093
AWS_AP07,2025-02-01 07:00:00,22.087,77.608,1010.061
AWS_AP07,2025-02-01 07:15:00,22.567,74.818,1010.274
AWS_AP07,2025-02-01 07:30:00,22.55,71.518,1010.209
AWS_AP07,2025-02-01 07:45:00,22.724,73.082,1010.467
AWS_AP07,2025-02-01 08:00:00,23.09,70.804,1010.876
AWS_AP07,2025-02-01 08:15:00,23.213,73.616,1010.892
AWS_AP07,2025-02-01 08:30:00,23.351,70.925,1011.32
AWS_AP07,2025-02-01 08:45:00,23.949,72.816,1010.779
AWS_AP07,2025-02-01 09:00:00,23.995,70.277,1026.671
AWS_AP07,2025-02-08 18:00:00,28.323,60.924,1008.086
AWS_AP07,2025-02-08 18:15:00,29.056,65.458,1008.231
AWS_AP07,2025-02-13 14:30:00,29.707,55.764,1007.514
AWS_AP07,2025-02-13 14:45:00,30.207,55.36,1008.256
AWS_AP07,2025-02-13 15:00:00,30.02,55.012,1008.973
AWS_AP07,2025-02-13 15:15:00,29.826,52.126,1008.167
AWS_AP07,2025-02-13 15:30:00,29.885,51.606,1008.367
AWS_AP07,2025-02-13 15:45:00,29.932,55.899,1008.784
AWS_AP07,2025-02-13 16:00:00,29.901,52.065,1008.256
AWS_AP07,2025-02-13 16:15:00,29.473,51.725,1008.099
AWS_AP07,2025-02-13 16:30:00,29.796,53.947,1008.281
AWS_AP07,2025-02-13 16:45:00,29.268,54.25,1007.467
AWS_AP07,2025-02-13 17:00:00,29.534,51.674,1008.119
AWS_AP07,2025-02-13 17:15:00,29.31,56.047,1008.297
AWS_AP07,2025-02-13 17:30:00,29.363,53.863,1008.481
AWS_AP07,2025-02-13 17:45:00,28.593,57.026,1008.762
AWS_AP07,2025-02-13 18:00:00,28.699,57.09,1009.146
AWS_AP07,2025-02-13 18:15:00,28.575,57.915,1009.383
AWS_AP07,2025-02-13 18:30:00,27.974,60.219,1009.645
AWS_AP07,2025-02-13 18:45:00,28.099,58.98,1009.581
AWS_AP07,2025-02-13 19:00:00,27.745,56.86,1008.886
AWS_AP07,2025-02-13 19:15:00,27.596,62.819,1009.502
AWS_AP07,2025-02-13 19:30:00,27.024,59.457,1010.33
AWS_AP07,2025-02-13 19:45:00,27.028,61.316,1010.257
AWS_AP07,2025-02-13 20:00:00,26.288,61.368,1009.616
AWS_AP07,2025-02-13 20:15:00,26.667,63.443,1011.473
AWS_AP07,2025-02-13 20:30:00,26.093,63.103,1010.106
AWS_AP07,2025-02-13 20:45:00,26.144,63.097,1010.0
AWS_AP07,2025-02-13 21:00:00,25.412,63.63,1010.285
AWS_AP07,2025-02-13 21:15:00,25.089,69.382,1010.562
AWS_AP07,2025-02-13 21:30:00,24.758,67.058,1010.49
AWS_AP07,2025-02-13 21:45:00,24.322,71.333,1010.103
AWS_AP07,2025-02-13 22:00:00,24.378,67.554,1010.35
AWS_AP07,2025-02-13 22:15:00,23.644,67.292,1010.893
AWS_AP07,2025-02-13 22:30:00,23.672,72.861,1010.522
AWS_AP07,2025-02-13 22:45:00,23.365,69.03,1010.028
AWS_AP07,2025-02-13 23:00:00,22.744,71.198,1010.765
AWS_AP07,2025-02-13 23:15:00,22.685,70.043,1010.441
AWS_AP07,2025-02-13 23:30:00,22.299,79.202,1010.384
AWS_AP07,2025-02-13 23:45:00,22.563,73.84,1011.209
AWS_AP07,2025-02-14 00:00:00,21.487,75.878,1009.389
AWS_AP07,2025-02-14 00:15:00,20.766,74.306,1010.197
AWS_AP07,2025-02-14 00:30:00,20.713,77.051,1009.769
AWS_AP07,2025-02-14 00:45:00,20.253,76.399,1009.654
AWS_AP07,2025-02-14 01:00:00,19.98,83.258,1008.778
AWS_AP07,2025-02-14 01:15:00,20.19,82.447,1008.549
AWS_AP07,2025-02-14 01:30:00,19.904,81.393,1008.324
AWS_AP07,2025-02-14 01:45:00,19.262,79.802,1008.917
AWS_AP07,2025-02-14 02:00:00,20.148,77.861,1008.63
AWS_AP07,2025-02-14 02:15:00,20.436,82.561,1008.221
AWS_AP07,2025-02-14 02:30:00,19.757,82.261,1008.185
AWS_AP07,2025-02-14 02:45:00,19.761,82.054,1007.993
AWS_AP07,2025-02-14 03:00:00,19.017,78.998,1008.416
AWS_AP07,2025-02-14 03:15:00,19.665,81.149,1008.584
AWS_AP07,2025-02-14 03:30:00,19.713,78.472,1007.493
AWS_AP07,2025-02-14 03:45:00,19.793,85.566,1007.975
AWS_AP07,2025-02-14 04:00:00,19.815,78.62,1007.877
AWS_AP07,2025-02-14 04:15:00,19.655,79.226,1008.094
AWS_AP07,2025-02-14 04:30:00,20.095,81.398,1007.771
AWS_AP07,2025-02-14 04:45:00,20.287,81.139,1007.444
AWS_AP07,2025-02-14 05:00:00,21.249,77.978,1008.448
AWS_AP07,2025-02-14 05:15:00,20.409,76.777,1007.944
AWS_AP07,2025-02-14 05:30:00,20.71,80.006,1008.611
AWS_AP07,2025-02-14 05:45:00,21.002,77.755,1008.321
AWS_AP07,2025-02-14 06:00:00,21.178,75.386,1008.323
AWS_AP07,2025-02-14 06:15:00,21.233,76.128,1008.377
AWS_AP07,2025-02-14 06:30:00,21.928,77.775,1009.101
AWS_AP07,2025-02-14 06:45:00,21.519,77.343,1009.018
AWS_AP07,2025-02-14 07:00:00,21.877,74.542,1008.731
AWS_AP07,2025-02-14 07:15:00,22.423,75.812,1009.332
AWS_AP07,2025-02-14 07:30:00,22.492,71.504,1009.587
AWS_AP07,2025-02-14 07:45:00,22.617,72.733,1009.844
AWS_AP07,2025-02-14 08:00:00,23.444,70.872,1009.729
AWS_AP07,2025-02-14 08:15:00,23.729,69.518,1009.881
AWS_AP07,2025-02-14 08:30:00,24.061,74.768,1009.157
AWS_AP07,2025-02-14 08:45:00,23.683,68.258,1010.145
AWS_AP07,2025-02-14 09:00:00,24.991,67.691,1009.998
AWS_AP07,2025-02-14 09:15:00,25.032,73.492,1010.413
AWS_AP07,2025-02-14 09:30:00,24.352,68.37,1010.399
AWS_AP07,2025-02-14 09:45:00,25.077,65.919,1011.082
AWS_AP07,2025-02-14 10:00:00,25.116,63.143,1010.379
AWS_AP07,2025-02-14 10:15:00,25.355,63.937,1010.668
AWS_AP07,2025-02-14 10:30:00,25.809,64.715,1010.05
AWS_AP07,2025-02-14 10:45:00,26.36,66.457,1009.845
AWS_AP07,2025-02-14 11:00:00,26.713,62.081,1010.07
AWS_AP07,2025-02-14 11:15:00,26.74,61.536,1010.158
AWS_AP07,2025-02-14 11:30:00,26.624,61.995,1009.895
AWS_AP07,2025-02-14 11:45:00,26.634,60.677,1010.164
AWS_AP07,2025-02-14 12:00:00,27.598,63.85,1009.773
AWS_AP07,2025-02-14 12:15:00,27.646,60.649,1010.166
AWS_AP07,2025-02-14 12:30:00,27.95,60.208,1009.639
AWS_AP07,2025-02-14 12:45:00,28.291,57.468,1008.948
AWS_AP07,2025-02-14 13:00:00,28.027,60.226,1009.771
AWS_AP07,2025-02-14 13:15:00,28.562,57.241,1008.906
AWS_AP07,2025-02-14 13:30:00,28.373,61.285,1008.682
AWS_AP07,2025-02-14 13:45:00,28.257,61.677,1008.657
AWS_AP07,2025-02-14 14:00:00,28.563,57.768,1008.415
AWS_AP07,2025-02-14 14:15:00,28.756,56.145,1008.596
AWS_AP07,2025-02-14 14:30:00,14.315,56.884,1008.317
AWS_AP07,2025-02-25 11:30:00,27.528,57.412,1010.63
AWS_AP07,2025-02-25 11:45:00,27.734,59.097,1009.573
AWS_AP07,2025-02-25 20:15:00,25.717,67.832,1009.529
AWS_AP07,2025-02-25 20:30:00,25.951,67.587,1009.625
AWS_AP07,2025-03-06 12:30:00,31.321,58.234,1009.057
AWS_AP07,2025-03-06 12:45:00,31.763,54.366,1008.209
AWS_AP07,2025-03-08 11:30:00,30.332,52.279,1009.618
AWS_AP07,2025-03-08 11:45:00,30.927,59.156,1009.7
AWS_AP07,2025-03-10 03:15:00,28.613,71.645,1005.747
AWS_AP07,2025-03-10 03:30:00,28.918,70.457,1006.154
AWS_AP07,2025-03-11 12:15:00,35.056,47.343,1009.124
AWS_AP07,2025-03-11 12:30:00,35.401,48.246,1008.68
AWS_AP07,2025-03-13 15:00:00,36.948,46.255,1007.461
AWS_AP07,2025-03-13 15:15:00,37.403,41.446,1007.12
AWS_AP07,2025-03-13 15:30:00,36.707,41.543,1006.726
AWS_AP07,2025-03-13 15:45:00,36.826,44.62,1006.509
AWS_AP07,2025-03-13 16:00:00,36.807,45.012,1006.844
AWS_AP07,2025-03-13 16:15:00,36.739,47.814,1007.617
AWS_AP07,2025-03-13 16:30:00,37.145,49.218,1007.648
AWS_AP07,2025-03-13 16:45:00,36.537,48.028,1007.357
AWS_AP07,2025-03-13 17:00:00,35.907,46.266,1007.709
AWS_AP07,2025-03-13 17:15:00,36.542,46.784,1006.998
AWS_AP07,2025-03-13 17:30:00,36.2,46.645,1007.617
AWS_AP07,2025-03-13 17:45:00,36.087,47.913,1007.138
AWS_AP07,2025-03-13 18:00:00,35.787,46.344,1007.113
AWS_AP07,2025-03-13 18:15:00,35.937,43.92,1008.329
AWS_AP07,2025-03-13 18:30:00,35.54,49.151,1007.829
AWS_AP07,2025-03-13 18:45:00,35.19,50.728,1008.082
AWS_AP07,2025-03-13 19:00:00,35.081,53.0,1009.159
AWS_AP07,2025-03-13 19:15:00,35.33,51.139,1008.028
AWS_AP07,2025-03-13 19:30:00,34.174,52.614,1008.464
AWS_AP07,2025-03-13 19:45:00,34.136,54.237,1008.489
AWS_AP07,2025-03-13 20:00:00,34.16,52.026,1009.376
AWS_AP07,2025-03-13 20:15:00,33.803,51.548,1008.956
AWS_AP07,2025-03-13 20:30:00,33.645,54.783,1009.448
AWS_AP07,2025-03-13 20:45:00,33.554,54.846,1009.162
AWS_AP07,2025-03-13 21:00:00,32.839,54.999,1009.527
AWS_AP07,2025-03-13 21:15:00,32.697,56.644,1009.203
AWS_AP07,2025-03-13 21:30:00,32.141,57.855,1009.575
AWS_AP07,2025-03-13 21:45:00,32.332,57.917,1009.619
AWS_AP07,2025-03-13 22:00:00,32.327,59.113,1009.308
AWS_AP07,2025-03-13 22:15:00,31.927,60.355,1009.638
AWS_AP07,2025-03-13 22:30:00,31.82,62.871,1008.64
AWS_AP07,2025-03-13 22:45:00,31.385,60.162,1009.043
AWS_AP07,2025-03-13 23:00:00,31.049,64.743,1009.05
AWS_AP07,2025-03-13 23:15:00,31.193,59.93,1009.26
AWS_AP07,2025-03-13 23:30:00,30.463,62.943,1009.706
AWS_AP07,2025-03-13 23:45:00,30.796,67.499,1009.034
AWS_AP07,2025-03-14 00:00:00,31.214,68.112,1008.816
AWS_AP07,2025-03-14 00:15:00,31.592,67.733,1008.268
AWS_AP07,2025-03-14 00:30:00,31.135,69.506,1007.573
AWS_AP07,2025-03-14 00:45:00,30.79,67.856,1008.378
AWS_AP07,2025-03-14 01:00:00,30.786,71.001,1007.78
AWS_AP07,2025-03-14 01:15:00,31.088,70.541,1007.907
AWS_AP07,2025-03-14 01:30:00,30.93,70.183,1007.424
AWS_AP07,2025-03-14 01:45:00,30.543,71.798,1007.628
AWS_AP07,2025-03-14 02:00:00,30.186,71.048,1007.275
AWS_AP07,2025-03-14 02:15:00,30.395,69.098,1006.739
AWS_AP07,2025-03-14 02:30:00,30.362,68.229,1006.834
AWS_AP07,2025-03-14 02:45:00,30.546,68.885,1006.53
AWS_AP07,2025-03-14 03:00:00,30.157,71.473,1006.13
AWS_AP07,2025-03-14 03:15:00,30.018,74.027,1006.299
AWS_AP07,2025-03-14 03:30:00,30.184,72.733,1007.259
AWS_AP07,2025-03-14 03:45:00,30.734,72.914,1006.227
AWS_AP07,2025-03-14 04:00:00,30.924,71.89,1006.414
AWS_AP07,2025-03-14 04:15:00,30.1,70.891,1007.177
AWS_AP07,2025-03-14 04:30:00,30.787,70.863,1007.125
AWS_AP07,2025-03-14 04:45:00,31.047,72.636,1006.134
AWS_AP07,2025-03-14 05:00:00,30.98,72.928,1006.152
AWS_AP07,2025-03-14 05:15:00,30.91,70.407,1006.904
AWS_AP07,2025-03-14 05:30:00,32.158,69.31,1006.828
AWS_AP07,2025-03-14 05:45:00,31.221,65.541,1006.405
AWS_AP07,2025-03-14 06:00:00,31.618,65.86,1006.335
AWS_AP07,2025-03-14 06:15:00,31.919,67.143,1007.067
AWS_AP07,2025-03-14 06:30:00,32.017,67.152,1007.198
AWS_AP07,2025-03-14 06:45:00,32.408,67.012,1007.383
AWS_AP07,2025-03-14 07:00:00,32.416,64.297,1008.147
AWS_AP07,2025-03-14 07:15:00,32.822,62.706,1008.337
AWS_AP07,2025-03-14 07:30:00,33.139,64.945,1008.603
AWS_AP07,2025-03-14 07:45:00,32.858,60.656,1008.138
AWS_AP07,2025-03-14 08:00:00,33.237,59.908,1008.187
AWS_AP07,2025-03-14 08:15:00,33.473,62.077,1008.147
AWS_AP07,2025-03-14 08:30:00,34.238,61.937,1008.737
AWS_AP07,2025-03-14 08:45:00,34.414,62.228,1008.17
AWS_AP07,2025-03-14 09:00:00,34.798,59.495,1009.328
AWS_AP07,2025-03-14 09:15:00,34.5,59.912,1009.256
AWS_AP07,2025-03-14 09:30:00,35.069,56.78,1008.457
AWS_AP07,2025-03-14 09:45:00,35.081,57.813,1009.173
AWS_AP07,2025-03-14 10:00:00,35.384,53.071,1009.096
AWS_AP07,2025-03-14 10:15:00,35.754,57.561,1009.408
AWS_AP07,2025-03-14 10:30:00,35.835,54.879,1009.134
AWS_AP07,2025-03-14 10:45:00,36.094,55.567,1009.516
AWS_AP07,2025-03-14 11:00:00,36.142,57.656,1008.486
AWS_AP07,2025-03-14 11:15:00,36.484,49.556,1008.949
AWS_AP07,2025-03-14 11:30:00,36.793,46.051,1008.529
AWS_AP07,2025-03-14 11:45:00,36.949,50.488,1009.009
AWS_AP07,2025-03-14 12:00:00,37.506,49.165,1008.427
AWS_AP07,2025-03-14 12:15:00,37.807,48.705,1008.062
AWS_AP07,2025-03-14 12:30:00,37.786,43.696,1008.163
AWS_AP07,2025-03-14 12:45:00,38.076,52.479,1007.919
AWS_AP07,2025-03-14 13:00:00,37.895,49.752,1007.809
AWS_AP07,2025-03-14 13:15:00,38.619,49.654,1007.603
AWS_AP07,2025-03-14 13:30:00,38.288,51.912,1007.86
AWS_AP07,2025-03-14 13:45:00,38.682,46.21,1006.882
AWS_AP07,2025-03-14 14:00:00,38.072,46.143,1007.5
AWS_AP07,2025-03-14 14:15:00,38.525,46.662,1006.251
AWS_AP07,2025-03-14 14:30:00,38.705,45.387,1006.75
AWS_AP07,2025-03-14 14:45:00,38.058,50.33,1007.652
AWS_AP07,2025-03-14 15:00:00,38.35,46.484,1006.65
AWS_AP07,2025-03-28 06:00:00,26.481,68.674,1005.931
AWS_AP07,2025-03-28 06:15:00,27.735,73.833,1005.991
AWS_AP07,2025-04-01 12:00:00,31.965,54.014,1006.232
AWS_AP07,2025-04-01 12:15:00,32.979,57.94,1005.525
AWS_AP07,2025-04-03 09:15:00,29.726,67.075,1005.893
AWS_AP07,2025-04-03 09:30:00,29.56,66.203,1005.81
AWS_AP07,2025-04-15 02:45:00,31.695,71.936,1003.887
AWS_AP07,2025-04-15 03:00:00,30.649,73.664,1003.282
AWS_AP07,2025-04-15 03:15:00,31.177,70.692,1002.499
AWS_AP07,2025-04-15 03:30:00,31.548,71.805,1002.967
AWS_AP07,2025-04-15 03:45:00,31.415,71.295,1002.736
AWS_AP07,2025-04-15 04:00:00,31.674,69.281,1002.9
AWS_AP07,2025-04-15 04:15:00,31.396,72.585,1003.017
AWS_AP07,2025-04-15 04:30:00,31.704,69.185,1003.096
AWS_AP07,2025-04-15 04:45:00,32.134,69.685,1003.424
AWS_AP07,2025-04-15 05:00:00,31.598,70.635,1002.398
AWS_AP07,2025-04-15 05:15:00,32.268,70.518,1002.586
AWS_AP07,2025-04-15 05:30:00,32.544,68.387,1002.592
AWS_AP07,2025-04-15 05:45:00,32.238,68.936,1003.741
AWS_AP07,2025-04-15 06:00:00,33.042,69.292,1003.903
AWS_AP07,2025-04-15 06:15:00,32.952,67.791,1003.957
AWS_AP07,2025-04-15 06:30:00,32.742,64.488,1004.154
AWS_AP07,2025-04-15 06:45:00,33.284,66.529,1003.34
AWS_AP07,2025-04-15 07:00:00,32.873,65.016,1004.529
AWS_AP07,2025-04-15 07:15:00,33.25,68.051,1004.592
AWS_AP07,2025-04-15 07:30:00,33.928,60.139,1004.815
AWS_AP07,2025-04-15 07:45:00,34.294,63.288,1004.541
AWS_AP07,2025-04-15 08:00:00,34.744,60.164,1005.155
AWS_AP07,2025-04-15 08:15:00,34.353,63.398,1004.716
AWS_AP07,2025-04-15 08:30:00,35.367,58.338,1005.548
AWS_AP07,2025-04-15 08:45:00,34.751,58.198,1005.615
AWS_AP07,2025-04-15 09:00:00,35.251,59.579,1005.488
AWS_AP07,2025-04-15 09:15:00,35.916,58.404,1005.914
AWS_AP07,2025-04-15 09:30:00,36.186,57.688,1005.776
AWS_AP07,2025-04-15 09:45:00,36.368,57.357,1006.28
AWS_AP07,2025-04-15 10:00:00,36.379,55.781,1005.848
AWS_AP07,2025-04-15 10:15:00,36.594,53.743,1005.331
AWS_AP07,2025-04-15 10:30:00,37.154,51.721,1005.873
AWS_AP07,2025-04-15 10:45:00,37.323,53.303,1005.547
AWS_AP07,2025-04-15 11:00:00,37.259,54.072,1005.273
AWS_AP07,2025-04-15 11:15:00,37.6,51.693,1005.235
AWS_AP07,2025-04-15 11:30:00,37.677,52.507,1005.824
AWS_AP07,2025-04-15 11:45:00,37.737,51.74,1005.324
AWS_AP07,2025-04-15 12:00:00,38.447,49.97,1006.018
AWS_AP07,2025-04-15 12:15:00,38.037,53.489,1004.413
AWS_AP07,2025-04-15 12:30:00,38.828,48.026,1004.578
AWS_AP07,2025-04-15 12:45:00,38.272,50.003,1003.86
AWS_AP07,2025-04-15 13:00:00,39.105,51.694,1004.659
AWS_AP07,2025-04-15 13:15:00,38.812,49.823,1003.974
AWS_AP07,2025-04-15 13:30:00,38.829,50.917,1003.409
AWS_AP07,2025-04-15 13:45:00,39.377,52.351,1004.323
AWS_AP07,2025-04-15 14:00:00,39.337,50.102,1003.914
AWS_AP07,2025-04-15 14:15:00,39.205,50.137,1003.206
AWS_AP07,2025-04-15 14:30:00,39.228,49.022,1003.715
AWS_AP07,2025-04-15 14:45:00,39.503,44.655,1003.024
AWS_AP07,2025-04-15 15:00:00,38.941,49.638,1003.645
AWS_AP07,2025-04-15 15:15:00,39.839,49.454,1003.594
AWS_AP07,2025-04-15 15:30:00,39.479,46.358,1003.288
AWS_AP07,2025-04-15 15:45:00,39.472,48.132,1003.11
AWS_AP07,2025-04-15 16:00:00,39.653,47.397,1002.668
AWS_AP07,2025-04-15 16:15:00,39.918,49.75,1002.406
AWS_AP07,2025-04-15 16:30:00,39.349,48.937,1003.263
AWS_AP07,2025-04-15 16:45:00,38.677,49.759,1002.282
AWS_AP07,2025-04-15 17:00:00,38.682,48.102,1003.295
AWS_AP07,2025-04-15 17:15:00,38.164,50.076,1003.745
AWS_AP07,2025-04-15 17:30:00,38.271,51.466,1003.809
AWS_AP07,2025-04-15 17:45:00,38.561,46.517,1003.896
AWS_AP07,2025-04-15 18:00:00,38.28,51.31,1003.749
AWS_AP07,2025-04-15 18:15:00,38.202,52.084,1004.53
AWS_AP07,2025-04-15 18:30:00,37.911,51.699,1003.411
AWS_AP07,2025-04-15 18:45:00,37.564,54.42,1004.05
AWS_AP07,2025-04-15 19:00:00,37.64,54.147,1005.055
AWS_AP07,2025-04-15 19:15:00,36.851,51.548,1004.687
AWS_AP07,2025-04-15 19:30:00,37.269,53.384,1005.495
AWS_AP07,2025-04-15 19:45:00,36.956,55.289,1005.198
AWS_AP07,2025-04-15 20:00:00,36.418,56.577,1004.451
AWS_AP07,2025-04-15 20:15:00,36.124,56.824,1005.231
AWS_AP07,2025-04-15 20:30:00,36.157,55.474,1004.534
AWS_AP07,2025-04-15 20:45:00,35.707,60.815,1006.235
AWS_AP07,2025-04-15 21:00:00,35.331,58.643,1005.318
AWS_AP07,2025-04-15 21:15:00,35.253,58.897,1005.847
AWS_AP07,2025-04-15 21:30:00,35.144,60.584,1005.597
AWS_AP07,2025-04-15 21:45:00,34.392,60.009,1004.913
AWS_AP07,2025-04-15 22:00:00,34.5,65.533,1005.781
AWS_AP07,2025-04-15 22:15:00,33.978,63.57,1005.5
AWS_AP07,2025-04-15 22:30:00,33.888,63.714,1005.478
AWS_AP07,2025-04-15 22:45:00,33.374,68.453,1005.362
AWS_AP07,2025-04-15 23:00:00,33.336,67.779,1005.387
AWS_AP07,2025-04-15 23:15:00,33.303,65.475,1005.454
AWS_AP07,2025-04-15 23:30:00,33.293,66.161,1006.063
AWS_AP07,2025-04-15 23:45:00,32.757,64.96,1005.262
AWS_AP07,2025-04-16 00:00:00,33.596,70.844,1005.239
AWS_AP07,2025-04-16 00:15:00,33.051,67.043,1005.271
AWS_AP07,2025-04-16 00:30:00,32.987,71.221,1005.212
AWS_AP07,2025-04-16 00:45:00,32.837,72.388,1005.272
AWS_AP07,2025-04-16 01:00:00,32.581,72.197,1004.256
AWS_AP07,2025-04-16 01:15:00,32.472,74.118,1004.111
AWS_AP07,2025-04-16 01:30:00,32.641,72.066,1004.09
AWS_AP07,2025-04-16 01:45:00,32.03,74.869,1004.089
AWS_AP07,2025-04-16 02:00:00,32.498,69.678,1003.71
AWS_AP07,2025-04-16 02:15:00,31.963,72.592,1004.095
AWS_AP07,2025-04-16 02:30:00,32.181,73.115,1003.535
AWS_AP07,2025-04-16 02:45:00,46.782,75.791,1003.509
AWS_AP07,2025-04-21 13:00:00,33.282,51.652,1003.947
AWS_AP07,2025-04-21 13:15:00,33.104,51.392,1003.496
AWS_AP07,2025-04-22 02:00:00,26.787,79.166,1003.738
AWS_AP07,2025-04-22 02:15:00,26.68,73.56,1003.543
AWS_AP07,2025-05-07 17:45:00,34.802,60.538,1001.129
AWS_AP07,2025-05-07 18:00:00,34.637,58.949,1000.925
AWS_AP07,2025-05-07 21:30:00,30.703,69.727,1003.782
AWS_AP07,2025-05-07 21:45:00,30.445,75.243,1003.425
AWS_AP07,2025-05-10 14:45:00,34.898,57.029,1000.257
AWS_AP07,2025-05-10 15:00:00,35.086,58.54,999.682
AWS_AP07,2025-05-13 03:00:00,26.61,80.502,1001.081
AWS_AP07,2025-05-13 03:15:00,26.831,79.252,1001.244
AWS_AP07,2025-05-16 09:30:00,32.921,66.978,1004.119
AWS_AP07,2025-05-16 09:45:00,33.324,70.205,1005.0
AWS_AP07,2025-05-17 00:45:00,29.368,81.917,1001.201
AWS_AP07,2025-05-17 01:00:00,28.742,79.819,1001.018
AWS_AP07,2025-05-18 17:00:00,33.661,58.237,1000.771
AWS_AP07,2025-05-18 17:15:00,33.309,57.304,1000.303
AWS_AP07,2025-05-21 13:30:00,36.622,57.197,999.847
AWS_AP07,2025-05-21 13:45:00,36.932,53.467,1000.664
AWS_AP07,2025-05-31 15:00:00,33.343,63.947,999.673
AWS_AP07,2025-05-31 15:15:00,33.854,62.899,999.121
AWS_AP07,2025-05-31 23:00:00,27.861,84.443,1001.83
AWS_AP07,2025-05-31 23:15:00,28.183,82.03,1001.538
AWS_AP07,2025-06-19 10:45:00,30.731,76.814,1000.112
AWS_AP07,2025-06-19 11:00:00,31.798,79.0,1001.163
AWS_AP07,2025-06-22 11:00:00,31.143,70.513,1001.232
AWS_AP07,2025-06-22 11:15:00,30.914,73.267,1001.159
AWS_AP07,2025-06-23 01:45:00,25.585,92.015,1000.451
AWS_AP07,2025-06-23 02:00:00,26.023,92.845,1000.603
AWS_AP07,2025-06-26 11:45:00,31.395,71.937,1000.929
AWS_AP07,2025-06-26 12:00:00,31.215,71.892,1000.817
AWS_AP07,2025-06-27 00:45:00,26.862,91.329,1000.402
AWS_AP07,2025-06-27 01:00:00,27.085,92.607,1000.21
AWS_AP07,2025-07-04 06:30:00,24.96,85.175,1000.947
AWS_AP07,2025-07-04 06:45:00,24.974,87.951,1001.313
AWS_AP07,2025-07-10 05:45:00,26.848,93.104,999.635
AWS_AP07,2025-07-10 06:00:00,26.739,92.085,1000.024
AWS_AP07,2025-07-10 14:30:00,33.044,68.592,999.268
AWS_AP07,2025-07-10 14:45:00,32.332,72.134,999.316
AWS_AP07,2025-07-15 03:15:00,23.268,96.554,998.742
AWS_AP07,2025-07-15 03:30:00,23.386,90.719,998.781
AWS_AP07,2025-07-15 11:45:00,28.557,69.688,1001.494
AWS_AP07,2025-07-15 12:00:00,27.82,73.72,1001.472
AWS_AP07,2025-07-21 23:15:00,27.493,82.97,1001.173
AWS_AP07,2025-07-21 23:30:00,27.303,86.916,1001.162
AWS_AP07,2025-07-22 08:00:00,28.887,83.504,999.095
AWS_AP07,2025-07-22 08:15:00,29.73,81.265,1000.235
AWS_AP07,2025-08-12 04:15:00,24.95,88.322,1001.279
AWS_AP07,2025-08-12 04:30:00,24.748,91.529,1001.333
AWS_AP07,2025-08-12 20:45:00,27.997,79.119,1003.072
AWS_AP07,2025-08-12 21:00:00,27.6,81.278,1003.78
AWS_AP07,2025-08-15 10:30:00,28.339,80.355,1002.592
AWS_AP07,2025-08-15 10:45:00,29.521,78.07,1002.852
AWS_AP07,2025-09-20 00:15:00,24.768,88.051,1003.673
AWS_AP07,2025-09-20 00:30:00,24.515,88.711,1004.918
AWS_AP07,2025-10-04 10:30:00,28.602,70.757,1005.435
AWS_AP07,2025-10-04 10:45:00,29.094,73.211,1006.102
AWS_AP07,2025-10-06 22:30:00,26.244,80.213,1005.28
AWS_AP07,2025-10-06 22:45:00,26.314,81.283,1005.508
AWS_AP07,2025-10-10 19:45:00,29.341,71.842,1005.318
AWS_AP07,2025-10-10 20:00:00,29.033,69.604,1005.569
AWS_AP07,2025-10-17 17:15:00,29.553,67.277,1004.089
AWS_AP07,2025-10-17 17:30:00,29.476,64.554,1004.167
AWS_AP07,2025-10-23 13:00:00,27.734,64.764,1004.832
AWS_AP07,2025-10-23 13:15:00,28.107,58.582,1005.48
AWS_AP07,2025-10-26 21:00:00,25.961,71.863,1007.608
AWS_AP07,2025-10-26 21:15:00,25.643,72.671,1007.162
AWS_AP07,2025-11-02 11:45:00,27.302,66.221,1008.407
AWS_AP07,2025-11-02 12:00:00,27.179,63.783,1007.136
AWS_AP07,2025-11-06 17:30:00,28.183,62.076,1005.905
AWS_AP07,2025-11-06 17:45:00,28.14,62.871,1006.301
AWS_AP07,2025-11-10 03:00:00,20.622,83.136,1007.711
AWS_AP07,2025-11-10 03:15:00,20.612,86.673,1007.472
AWS_AP07,2025-12-03 02:00:00,20.134,84.941,1009.108
AWS_AP07,2025-12-03 02:15:00,20.276,83.513,1008.184
AWS_AP07,2025-12-21 01:15:00,20.507,80.787,1010.855
AWS_AP07,2025-12-21 01:30:00,20.763,81.454,1009.454
AWS_AP07,2025-12-23 17:45:00,25.606,62.768,1008.947
AWS_AP07,2025-12-23 18:00:00,25.76,65.467,1008.917
AWS_AP07,2025-12-24 22:30:00,23.124,74.561,1011.99
AWS_AP07,2025-12-24 22:45:00,22.686,77.633,1011.59
AWS_AP08,2025-01-14 13:30:00,25.423,41.407,995.261
AWS_AP08,2025-01-14 13:45:00,25.551,43.746,994.893
AWS_AP08,2025-01-15 02:30:00,17.853,75.772,994.163
AWS_AP08,2025-01-15 02:45:00,17.751,76.037,994.425
AWS_AP08,2025-01-17 15:45:00,28.679,35.046,995.224
AWS_AP08,2025-01-17 16:00:00,28.769,32.189,995.226
AWS_AP08,2025-01-20 05:00:00,18.812,68.317,994.693
AWS_AP08,2025-01-20 05:15:00,19.469,58.646,995.058
AWS_AP08,2025-01-24 02:30:00,17.968,72.178,994.431
AWS_AP08,2025-01-24 02:45:00,17.607,72.655,994.581
AWS_AP08,2025-01-26 00:00:00,18.767,63.727,995.534
AWS_AP08,2025-01-26 00:15:00,18.296,66.618,995.932
AWS_AP08,2025-01-26 00:30:00,17.752,68.399,995.747
AWS_AP08,2025-01-26 00:45:00,17.665,67.321,995.746
AWS_AP08,2025-01-26 01:00:00,17.834,68.82,996.039
AWS_AP08,2025-01-26 01:15:00,17.379,70.116,995.328
AWS_AP08,2025-01-26 01:30:00,17.405,71.334,995.186
AWS_AP08,2025-01-26 01:45:00,17.113,73.316,994.824
AWS_AP08,2025-01-26 02:00:00,16.237,72.343,995.664
AWS_AP08,2025-01-26 02:15:00,16.4,71.558,993.893
AWS_AP08,2025-01-26 02:30:00,16.565,70.215,994.599
AWS_AP08,2025-01-26 02:45:00,16.525,75.332,994.728
AWS_AP08,2025-01-26 03:00:00,16.49,72.74,993.98
AWS_AP08,2025-01-26 03:15:00,16.943,72.462,994.339
AWS_AP08,2025-01-26 03:30:00,17.171,70.537,993.991
AWS_AP08,2025-01-26 03:45:00,16.729,72.712,994.199
AWS_AP08,2025-01-26 04:00:00,17.139,69.713,994.977
AWS_AP08,2025-01-26 04:15:00,17.357,68.817,994.427
AWS_AP08,2025-01-26 04:30:00,17.095,65.856,994.288
AWS_AP08,2025-01-26 04:45:00,17.278,68.617,993.886
AWS_AP08,2025-01-26 05:00:00,17.146,66.384,994.121
AWS_AP08,2025-01-26 05:15:00,17.533,70.522,994.769
AWS_AP08,2025-01-26 05:30:00,18.183,68.912,994.024
AWS_AP08,2025-01-26 05:45:00,18.234,68.665,995.056
AWS_AP08,2025-01-26 06:00:00,18.531,65.468,994.784
AWS_AP08,2025-01-26 06:15:00,18.729,64.068,994.781
AWS_AP08,2025-01-26 06:30:00,18.813,66.164,995.142
AWS_AP08,2025-01-26 06:45:00,19.003,63.313,995.443
AWS_AP08,2025-01-26 07:00:00,19.854,61.683,995.407
AWS_AP08,2025-01-26 07:15:00,19.853,55.497,995.28
AWS_AP08,2025-01-26 07:30:00,20.554,61.987,995.575
AWS_AP08,2025-01-26 07:45:00,20.759,61.707,995.902
AWS_AP08,2025-01-26 08:00:00,21.318,59.011,996.301
AWS_AP08,2025-01-26 08:15:00,21.367,52.336,995.594
AWS_AP08,2025-01-26 08:30:00,22.064,53.63,996.544
AWS_AP08,2025-01-26 08:45:00,22.219,52.695,996.514
AWS_AP08,2025-01-26 09:00:00,22.709,58.409,997.143
AWS_AP08,2025-01-26 09:15:00,23.134,51.092,996.013
AWS_AP08,2025-01-26 09:30:00,23.403,47.974,996.069
AWS_AP08,2025-01-26 09:45:00,24.365,47.189,996.969
AWS_AP08,2025-01-26 10:00:00,23.66,50.577,996.845
AWS_AP08,2025-01-26 10:15:00,24.717,46.403,996.754
AWS_AP08,2025-01-26 10:30:00,25.394,40.804,996.389
AWS_AP08,2025-01-26 10:45:00,25.795,46.842,997.326
AWS_AP08,2025-01-26 11:00:00,25.317,42.38,996.844
AWS_AP08,2025-01-26 11:15:00,26.216,40.915,996.176
AWS_AP08,2025-01-26 11:30:00,25.833,38.519,996.413
AWS_AP08,2025-01-26 11:45:00,26.933,40.011,996.488
AWS_AP08,2025-01-26 12:00:00,27.309,38.062,996.472
AWS_AP08,2025-01-26 12:15:00,27.639,39.282,995.679
AWS_AP08,2025-01-26 12:30:00,28.308,38.545,995.554
AWS_AP08,2025-01-26 12:45:00,27.604,35.785,995.189
AWS_AP08,2025-01-26 13:00:00,27.812,33.492,995.919
AWS_AP08,2025-01-26 13:15:00,28.031,33.428,995.456
AWS_AP08,2025-01-26 13:30:00,28.723,37.413,995.504
AWS_AP08,2025-01-26 13:45:00,28.795,30.616,994.902
AWS_AP08,2025-01-26 14:00:00,28.22,26.822,994.848
AWS_AP08,2025-01-26 14:15:00,29.45,32.483,994.25
AWS_AP08,2025-01-26 14:30:00,28.708,35.037,994.259
AWS_AP08,2025-01-26 14:45:00,29.071,33.911,994.267
AWS_AP08,2025-01-26 15:00:00,28.921,30.233,993.77
AWS_AP08,2025-01-26 15:15:00,29.087,31.896,993.752
AWS_AP08,2025-01-26 15:30:00,29.179,35.469,993.974
AWS_AP08,2025-01-26 15:45:00,28.832,34.013,994.51
AWS_AP08,2025-01-26 16:00:00,28.941,26.499,994.499
AWS_AP08,2025-01-26 16:15:00,28.795,32.676,994.019
AWS_AP08,2025-01-26 16:30:00,28.675,35.121,994.292
AWS_AP08,2025-01-26 16:45:00,28.146,37.908,994.39
AWS_AP08,2025-01-26 17:00:00,27.874,31.434,994.534
AWS_AP08,2025-01-26 17:15:00,28.405,34.552,994.766
AWS_AP08,2025-01-26 17:30:00,28.317,38.078,995.114
AWS_AP08,2025-01-26 17:45:00,27.179,37.154,993.954
AWS_AP08,2025-01-26 18:00:00,27.312,37.469,994.708
AWS_AP08,2025-01-26 18:15:00,27.099,40.172,995.185
AWS_AP08,2025-01-26 18:30:00,26.443,38.518,994.163
AWS_AP08,2025-01-26 18:45:00,26.354,40.204,995.288
AWS_AP08,2025-01-26 19:00:00,25.839,41.105,995.237
AWS_AP08,2025-01-26 19:15:00,25.653,40.753,995.306
AWS_AP08,2025-01-26 19:30:00,24.948,46.015,995.178
AWS_AP08,2025-01-26 19:45:00,24.71,45.952,995.668
AWS_AP08,2025-01-26 20:00:00,24.105,47.215,995.792
AWS_AP08,2025-01-26 20:15:00,23.951,48.381,996.635
AWS_AP08,2025-01-26 20:30:00,23.49,51.251,996.314
AWS_AP08,2025-01-26 20:45:00,23.063,47.474,996.102
AWS_AP08,2025-01-26 21:00:00,23.083,54.18,996.938
AWS_AP08,2025-01-26 21:15:00,22.467,53.427,996.185
AWS_AP08,2025-01-26 21:30:00,22.173,55.237,996.796
AWS_AP08,2025-01-26 21:45:00,21.752,53.173,996.268
AWS_AP08,2025-01-26 22:00:00,20.777,58.22,996.326
AWS_AP08,2025-01-26 22:15:00,21.222,56.395,996.922
AWS_AP08,2025-01-26 22:30:00,20.217,59.437,996.57
AWS_AP08,2025-01-26 22:45:00,20.13,64.814,996.917
AWS_AP08,2025-01-26 23:00:00,19.598,66.411,996.542
AWS_AP08,2025-01-26 23:15:00,19.535,63.687,996.201
AWS_AP08,2025-01-26 23:30:00,19.269,64.635,996.393
AWS_AP08,2025-01-26 23:45:00,18.978,63.273,996.132
AWS_AP08,2025-01-27 00:00:00,19.5,65.084,995.757
AWS_AP08,2025-01-27 00:15:00,18.694,62.275,995.828
AWS_AP08,2025-01-27 00:30:00,18.805,65.736,994.832
AWS_AP08,2025-02-01 08:45:00,24.369,55.261,995.595
AWS_AP08,2025-02-01 09:00:00,24.435,52.229,995.472
AWS_AP08,2025-02-08 18:00:00,31.556,37.517,995.384
AWS_AP08,2025-02-08 18:15:00,30.903,35.174,995.624
AWS_AP08,2025-02-14 14:15:00,32.331,26.488,993.987
AWS_AP08,2025-02-14 14:30:00,32.158,24.625,994.516
AWS_AP08,2025-02-25 11:30:00,32.577,26.301,995.386
AWS_AP08,2025-02-25 11:45:00,33.213,27.903,995.229
AWS_AP08,2025-02-25 20:15:00,29.604,36.016,994.514
AWS_AP08,2025-02-25 20:30:00,29.188,39.616,994.908
AWS_AP08,2025-03-06 12:30:00,32.693,27.424,994.29
AWS_AP08,2025-03-06 12:45:00,33.139,23.904,994.211
AWS_AP08,2025-03-08 11:30:00,31.998,27.011,993.478
AWS_AP08,2025-03-08 11:45:00,32.3,26.148,995.109
AWS_AP08,2025-03-10 03:15:00,25.704,51.023,991.993
AWS_AP08,2025-03-10 03:30:00,25.654,50.072,991.899
AWS_AP08,2025-03-11 12:15:00,37.652,13.552,994.523
AWS_AP08,2025-03-11 12:30:00,38.167,11.361,994.639
AWS_AP08,2025-03-13 15:00:00,38.955,9.395,993.078
AWS_AP08,2025-03-13 15:15:00,39.492,9.971,993.037
AWS_AP08,2025-03-13 15:30:00,40.362,5.0,992.364
AWS_AP08,2025-03-13 15:45:00,39.463,8.034,993.01
AWS_AP08,2025-03-13 16:00:00,39.902,11.284,992.552
AWS_AP08,2025-03-13 16:15:00,39.028,7.957,993.036
AWS_AP08,2025-03-13 16:30:00,39.43,7.284,992.847
AWS_AP08,2025-03-13 16:45:00,38.806,7.176,992.949
AWS_AP08,2025-03-13 17:00:00,38.682,12.682,993.02
AWS_AP08,2025-03-13 17:15:00,38.108,8.929,993.057
AWS_AP08,2025-03-13 17:30:00,38.425,11.833,992.271
AWS_AP08,2025-03-13 17:45:00,37.897,11.138,993.055
AWS_AP08,2025-03-13 18:00:00,37.375,13.251,992.944
AWS_AP08,2025-03-13 18:15:00,37.714,13.376,992.786
AWS_AP08,2025-03-13 18:30:00,36.76,16.936,993.476
AWS_AP08,2025-03-13 18:45:00,36.292,18.487,993.959
AWS_AP08,2025-03-13 19:00:00,35.754,20.608,993.627
AWS_AP08,2025-03-13 19:15:00,35.406,17.218,994.044
AWS_AP08,2025-03-13 19:30:00,35.286,19.972,993.693
AWS_AP08,2025-03-13 19:45:00,34.787,21.45,994.675
AWS_AP08,2025-03-13 20:00:00,34.756,20.942,994.355
AWS_AP08,2025-03-13 20:15:00,34.273,21.031,994.733
AWS_AP08,2025-03-13 20:30:00,33.333,24.379,994.198
AWS_AP08,2025-03-13 20:45:00,33.045,25.19,994.261
AWS_AP08,2025-03-13 21:00:00,32.192,30.09,994.762
AWS_AP08,2025-03-13 21:15:00,31.614,28.804,995.519
AWS_AP08,2025-03-13 21:30:00,31.682,29.921,995.354
AWS_AP08,2025-03-13 21:45:00,31.042,30.895,994.894
AWS_AP08,2025-03-13 22:00:00,30.874,31.911,994.903
AWS_AP08,2025-03-13 22:15:00,30.228,34.301,995.042
AWS_AP08,2025-03-13 22:30:00,30.443,34.002,995.332
AWS_AP08,2025-03-13 22:45:00,29.219,35.841,994.721
AWS_AP08,2025-03-13 23:00:00,28.926,38.573,994.704
AWS_AP08,2025-03-13 23:15:00,28.713,38.996,995.521
AWS_AP08,2025-03-13 23:30:00,28.681,41.375,994.363
AWS_AP08,2025-03-13 23:45:00,27.91,42.969,994.262
AWS_AP08,2025-03-14 00:00:00,27.603,42.062,993.938
AWS_AP08,2025-03-14 00:15:00,28.031,42.062,993.737
AWS_AP08,2025-03-14 00:30:00,27.945,41.497,992.864
AWS_AP08,2025-03-14 00:45:00,26.857,42.423,992.873
AWS_AP08,2025-03-14 01:00:00,27.228,46.309,993.234
AWS_AP08,2025-03-14 01:15:00,26.292,44.014,993.392
AWS_AP08,2025-03-14 01:30:00,25.772,47.022,992.666
AWS_AP08,2025-03-14 01:45:00,26.131,47.471,992.046
AWS_AP08,2025-03-14 02:00:00,26.099,42.044,992.555
AWS_AP08,2025-03-14 02:15:00,26.389,45.987,991.956
AWS_AP08,2025-03-14 02:30:00,26.2,43.172,991.748
AWS_AP08,2025-03-14 02:45:00,25.814,44.193,991.742
AWS_AP08,2025-03-14 03:00:00,25.747,51.139,992.745
AWS_AP08,2025-03-14 03:15:00,26.047,46.42,991.946
AWS_AP08,2025-03-14 03:30:00,25.151,45.981,992.241
AWS_AP08,2025-03-14 03:45:00,25.896,45.145,992.126
AWS_AP08,2025-03-14 04:00:00,25.828,46.562,992.103
AWS_AP08,2025-03-14 04:15:00,26.822,47.517,991.979
AWS_AP08,2025-03-14 04:30:00,25.923,43.344,992.34
AWS_AP08,2025-03-14 04:45:00,26.862,41.874,991.332
AWS_AP08,2025-03-14 05:00:00,27.037,41.051,992.017
AWS_AP08,2025-03-14 05:15:00,27.199,39.035,991.897
AWS_AP08,2025-03-14 05:30:00,27.222,43.772,992.439
AWS_AP08,2025-03-14 05:45:00,27.864,45.432,991.225
AWS_AP08,2025-03-14 06:00:00,28.437,40.933,992.972
AWS_AP08,2025-03-14 06:15:00,28.167,36.858,992.695
AWS_AP08,2025-03-14 06:30:00,28.21,42.459,992.32
AWS_AP08,2025-03-14 06:45:00,28.899,39.203,992.476
AWS_AP08,2025-03-14 07:00:00,29.432,36.688,993.526
AWS_AP08,2025-03-14 07:15:00,29.595,34.081,993.605
AWS_AP08,2025-03-14 07:30:00,30.405,31.45,993.394
AWS_AP08,2025-03-14 07:45:00,30.728,30.482,993.939
AWS_AP08,2025-03-14 08:00:00,30.705,30.93,993.905
AWS_AP08,2025-03-14 08:15:00,31.674,32.028,993.774
AWS_AP08,2025-03-14 08:30:00,31.937,31.044,994.211
AWS_AP08,2025-03-14 08:45:00,32.633,29.656,994.094
AWS_AP08,2025-03-14 09:00:00,32.425,23.197,994.285
AWS_AP08,2025-03-14 09:15:00,33.791,26.552,994.866
AWS_AP08,2025-03-14 09:30:00,34.141,24.821,994.837
AWS_AP08,2025-03-14 09:45:00,34.698,24.094,994.792
AWS_AP08,2025-03-14 10:00:00,34.875,20.736,994.735
AWS_AP08,2025-03-14 10:15:00,35.146,15.208,994.403
AWS_AP08,2025-03-14 10:30:00,35.578,17.94,994.749
AWS_AP08,2025-03-14 10:45:00,35.367,17.186,994.062
AWS_AP08,2025-03-14 11:00:00,36.294,18.453,994.418
AWS_AP08,2025-03-14 11:15:00,36.722,17.024,994.067
AWS_AP08,2025-03-14 11:30:00,36.881,16.178,993.537
AWS_AP08,2025-03-14 11:45:00,37.792,16.087,993.425
AWS_AP08,2025-03-14 12:00:00,37.86,10.697,993.449
AWS_AP08,2025-03-14 12:15:00,37.7,11.122,993.492
AWS_AP08,2025-03-14 12:30:00,38.104,8.358,993.256
AWS_AP08,2025-03-14 12:45:00,39.013,10.98,993.536
AWS_AP08,2025-03-14 13:00:00,39.331,12.154,992.803
AWS_AP08,2025-03-14 13:15:00,39.148,10.81,993.12
AWS_AP08,2025-03-14 13:30:00,39.186,8.229,992.436
AWS_AP08,2025-03-14 13:45:00,39.106,8.91,992.465
AWS_AP08,2025-03-14 14:00:00,39.575,5.0,992.489
AWS_AP08,2025-03-14 14:15:00,39.877,7.484,992.576
AWS_AP08,2025-03-14 14:30:00,39.68,6.617,992.649
AWS_AP08,2025-03-14 14:45:00,39.4,7.827,991.772
AWS_AP08,2025-03-14 15:00:00,40.042,5.106,991.357
AWS_AP08,2025-03-28 06:00:00,25.487,45.442,990.471
AWS_AP08,2025-03-28 06:15:00,26.583,41.556,991.004
AWS_AP08,2025-04-01 12:00:00,36.4,13.206,991.436
AWS_AP08,2025-04-01 12:15:00,36.052,14.892,991.463
AWS_AP08,2025-04-03 09:15:00,31.422,32.432,991.247
AWS_AP08,2025-04-03 09:30:00,32.164,30.282,991.447
AWS_AP08,2025-04-16 02:30:00,27.31,44.342,987.969
AWS_AP08,2025-04-16 02:45:00,26.789,48.548,988.414
AWS_AP08,2025-04-21 13:00:00,38.117,12.937,987.451
AWS_AP08,2025-04-21 13:15:00,38.479,9.048,987.128
AWS_AP08,2025-04-22 02:00:00,26.247,49.318,990.144
AWS_AP08,2025-04-22 02:15:00,27.311,47.909,990.56
AWS_AP08,2025-05-07 17:45:00,39.597,11.752,986.233
AWS_AP08,2025-05-07 18:00:00,39.093,14.104,986.381
AWS_AP08,2025-05-07 21:30:00,33.119,31.956,988.103
AWS_AP08,2025-05-07 21:45:00,32.059,31.417,988.574
AWS_AP08,2025-05-10 14:45:00,42.155,8.383,986.839
AWS_AP08,2025-05-10 15:00:00,41.852,11.626,986.117
AWS_AP08,2025-05-13 03:00:00,27.601,53.77,984.657
AWS_AP08,2025-05-13 03:15:00,28.069,49.113,984.955
AWS_AP08,2025-05-16 09:30:00,34.567,29.162,987.649
AWS_AP08,2025-05-16 09:45:00,35.165,28.284,987.966
AWS_AP08,2025-05-17 00:45:00,28.266,44.674,988.038
AWS_AP08,2025-05-17 01:00:00,28.142,47.265,986.799
AWS_AP08,2025-05-18 17:00:00,46.546,8.509,985.963
AWS_AP08,2025-05-18 17:15:00,47.008,9.175,985.647
AWS_AP08,2025-05-21 13:30:00,46.706,8.089,985.496
AWS_AP08,2025-05-21 13:45:00,46.242,11.402,986.076
AWS_AP08,2025-05-31 15:00:00,40.614,23.677,985.354
AWS_AP08,2025-05-31 15:15:00,40.467,20.117,984.751
AWS_AP08,2025-05-31 23:00:00,31.152,50.325,988.156
AWS_AP08,2025-05-31 23:15:00,31.04,55.105,986.719
AWS_AP08,2025-06-19 10:45:00,33.998,47.704,987.061
AWS_AP08,2025-06-19 11:00:00,34.983,41.078,986.146
AWS_AP08,2025-06-22 11:00:00,32.135,44.333,986.58
AWS_AP08,2025-06-22 11:15:00,32.519,47.214,986.319
AWS_AP08,2025-06-23 01:45:00,25.011,73.303,984.595
AWS_AP08,2025-06-23 02:00:00,25.839,73.351,984.295
AWS_AP08,2025-06-26 11:45:00,33.356,45.487,985.958
AWS_AP08,2025-06-26 12:00:00,33.884,46.684,985.843
AWS_AP08,2025-06-27 00:45:00,24.695,73.557,984.505
AWS_AP08,2025-06-27 01:00:00,23.878,72.713,984.291
AWS_AP08,2025-07-04 06:30:00,26.312,67.487,986.241
AWS_AP08,2025-07-04 06:45:00,26.337,64.827,986.442
AWS_AP08,2025-07-10 05:45:00,24.117,72.605,984.968
AWS_AP08,2025-07-10 06:00:00,24.213,76.587,984.872
AWS_AP08,2025-07-10 14:30:00,32.6,40.743,984.52
AWS_AP08,2025-07-10 14:45:00,32.701,41.447,984.547
AWS_AP08,2025-07-15 03:15:00,24.203,76.398,985.424
AWS_AP08,2025-07-15 03:30:00,23.541,84.999,985.514
AWS_AP08,2025-07-15 11:45:00,30.937,45.186,987.346
AWS_AP08,2025-07-15 12:00:00,31.193,48.56,986.692
AWS_AP08,2025-07-21 23:15:00,26.119,68.808,986.73
AWS_AP08,2025-07-21 23:30:00,26.07,72.48,986.434
AWS_AP08,2025-07-22 08:00:00,26.089,68.457,984.84
AWS_AP08,2025-07-22 08:15:00,26.879,60.902,985.383
AWS_AP08,2025-08-12 04:15:00,22.132,78.711,985.053
AWS_AP08,2025-08-12 04:30:00,22.573,78.681,984.779
AWS_AP08,2025-08-12 20:45:00,27.152,55.553,987.248
AWS_AP08,2025-08-12 21:00:00,27.011,61.06,987.127
AWS_AP08,2025-08-15 10:30:00,28.563,53.399,989.07
AWS_AP08,2025-08-15 10:45:00,28.465,51.365,988.686
AWS_AP08,2025-09-20 00:15:00,24.271,74.905,988.348
AWS_AP08,2025-09-20 00:30:00,24.492,77.469,988.481
AWS_AP08,2025-10-04 10:30:00,26.796,43.781,991.066
AWS_AP08,2025-10-04 10:45:00,27.417,41.902,990.359
AWS_AP08,2025-10-06 22:30:00,25.442,59.348,991.5
AWS_AP08,2025-10-06 22:45:00,24.909,61.746,990.989
AWS_AP08,2025-10-09 20:00:00,26.5,48.091,989.59
AWS_AP08,2025-10-09 20:15:00,25.954,44.758,989.542
AWS_AP08,2025-10-09 20:30:00,25.245,49.551,990.478
AWS_AP08,2025-10-09 20:45:00,24.363,49.56,990.286
AWS_AP08,2025-10-09 21:00:00,23.907,49.867,990.388
AWS_AP08,2025-10-09 21:15:00,23.669,51.137,990.397
AWS_AP08,2025-10-09 21:30:00,24.264,51.666,989.779
AWS_AP08,2025-10-09 21:45:00,23.349,55.274,990.188
AWS_AP08,2025-10-09 22:00:00,23.019,61.28,990.632
AWS_AP08,2025-10-09 22:15:00,22.4,57.991,990.461
AWS_AP08,2025-10-09 22:30:00,22.492,59.093,990.144
AWS_AP08,2025-10-09 22:45:00,22.288,58.674,990.712
AWS_AP08,2025-10-09 23:00:00,22.285,61.916,990.031
AWS_AP08,2025-10-09 23:15:00,21.423,60.918,989.64
AWS_AP08,2025-10-09 23:30:00,20.869,64.121,989.918
AWS_AP08,2025-10-09 23:45:00,20.446,65.415,989.79
AWS_AP08,2025-10-10 00:00:00,21.864,66.792,990.825
AWS_AP08,2025-10-10 00:15:00,21.37,68.33,990.386
AWS_AP08,2025-10-10 00:30:00,20.982,63.099,990.7
AWS_AP08,2025-10-10 00:45:00,21.32,67.735,990.423
AWS_AP08,2025-10-10 01:00:00,21.158,66.581,990.402
AWS_AP08,2025-10-10 01:15:00,21.151,68.533,990.453
AWS_AP08,2025-10-10 01:30:00,20.761,68.81,989.833
AWS_AP08,2025-10-10 01:45:00,20.591,69.432,990.011
AWS_AP08,2025-10-10 02:00:00,20.756,69.412,989.567
AWS_AP08,2025-10-10 02:15:00,20.455,70.901,990.198
AWS_AP08,2025-10-10 02:30:00,20.822,70.132,989.447
AWS_AP08,2025-10-10 02:45:00,20.26,70.436,989.544
AWS_AP08,2025-10-10 03:00:00,20.035,71.275,989.457
AWS_AP08,2025-10-10 03:15:00,20.627,69.12,989.126
AWS_AP08,2025-10-10 03:30:00,20.469,66.321,989.411
AWS_AP08,2025-10-10 03:45:00,20.156,72.017,989.046
AWS_AP08,2025-10-10 04:00:00,20.859,69.949,989.629
AWS_AP08,2025-10-10 04:15:00,20.35,68.361,988.726
AWS_AP08,2025-10-10 04:30:00,20.613,70.343,989.199
AWS_AP08,2025-10-10 04:45:00,20.223,75.703,989.278
AWS_AP08,2025-10-10 05:00:00,21.344,70.773,990.14
AWS_AP08,2025-10-10 05:15:00,21.327,65.272,989.942
AWS_AP08,2025-10-10 05:30:00,21.543,66.03,989.56
AWS_AP08,2025-10-10 05:45:00,21.489,62.421,990.087
AWS_AP08,2025-10-10 06:00:00,21.907,65.511,989.44
AWS_AP08,2025-10-10 06:15:00,22.191,61.272,990.205
AWS_AP08,2025-10-10 06:30:00,22.521,61.171,990.379
AWS_AP08,2025-10-10 06:45:00,22.358,61.624,990.377
AWS_AP08,2025-10-10 07:00:00,22.745,60.418,991.321
AWS_AP08,2025-10-10 07:15:00,22.64,59.818,990.665
AWS_AP08,2025-10-10 07:30:00,23.696,58.459,991.194
AWS_AP08,2025-10-10 07:45:00,23.563,57.933,991.068
AWS_AP08,2025-10-10 08:00:00,23.712,54.851,991.055
AWS_AP08,2025-10-10 08:15:00,24.142,55.882,991.287
AWS_AP08,2025-10-10 08:30:00,24.245,54.703,991.304
AWS_AP08,2025-10-10 08:45:00,24.778,50.978,992.043
AWS_AP08,2025-10-10 09:00:00,25.202,49.548,991.502
AWS_AP08,2025-10-10 09:15:00,25.939,49.732,991.618
AWS_AP08,2025-10-10 09:30:00,25.454,47.23,991.988
AWS_AP08,2025-10-10 09:45:00,26.421,50.466,992.604
AWS_AP08,2025-10-10 10:00:00,26.707,47.401,992.785
AWS_AP08,2025-10-10 10:15:00,27.207,44.117,990.981
AWS_AP08,2025-10-10 10:30:00,27.088,45.571,992.519
AWS_AP08,2025-10-10 10:45:00,27.401,39.009,991.581
AWS_AP08,2025-10-10 11:00:00,27.423,39.134,991.473
AWS_AP08,2025-10-10 11:15:00,28.106,39.175,991.699
AWS_AP08,2025-10-10 11:30:00,28.512,37.566,991.817
AWS_AP08,2025-10-10 11:45:00,28.708,39.728,991.519
AWS_AP08,2025-10-10 12:00:00,28.999,38.737,991.764
AWS_AP08,2025-10-10 12:15:00,29.028,37.09,991.021
AWS_AP08,2025-10-10 12:30:00,28.892,35.935,990.362
AWS_AP08,2025-10-10 12:45:00,28.969,35.057,990.232
AWS_AP08,2025-10-10 13:00:00,29.285,36.484,990.555
AWS_AP08,2025-10-10 13:15:00,29.87,34.577,989.948
AWS_AP08,2025-10-10 13:30:00,29.593,33.558,990.461
AWS_AP08,2025-10-10 13:45:00,30.352,30.175,989.992
AWS_AP08,2025-10-10 14:00:00,29.959,34.117,989.977
AWS_AP08,2025-10-10 14:15:00,30.645,31.369,990.162
AWS_AP08,2025-10-10 14:30:00,29.536,28.026,988.979
AWS_AP08,2025-10-10 14:45:00,29.998,28.014,989.814
AWS_AP08,2025-10-10 15:00:00,29.709,35.271,988.799
AWS_AP08,2025-10-10 15:15:00,30.312,28.394,989.908
AWS_AP08,2025-10-10 15:30:00,30.009,31.216,989.681
AWS_AP08,2025-10-10 15:45:00,29.706,34.058,989.399
AWS_AP08,2025-10-10 16:00:00,30.332,33.076,988.467
AWS_AP08,2025-10-10 16:15:00,30.127,32.122,989.652
AWS_AP08,2025-10-10 16:30:00,30.298,32.605,989.531
AWS_AP08,2025-10-10 16:45:00,29.122,34.729,988.848
AWS_AP08,2025-10-10 17:00:00,29.483,34.836,989.358
AWS_AP08,2025-10-10 17:15:00,30.005,36.864,988.99
AWS_AP08,2025-10-10 17:30:00,29.99,38.224,989.154
AWS_AP08,2025-10-10 17:45:00,29.409,36.284,989.319
AWS_AP08,2025-10-10 18:00:00,28.916,34.866,989.093
AWS_AP08,2025-10-10 18:15:00,28.918,35.209,990.462
AWS_AP08,2025-10-10 18:30:00,28.395,42.041,990.344
AWS_AP08,2025-10-10 18:45:00,28.285,38.611,990.018
AWS_AP08,2025-10-10 19:00:00,27.643,41.977,990.954
AWS_AP08,2025-10-10 19:15:00,27.338,46.781,990.277
AWS_AP08,2025-10-10 19:30:00,26.678,45.02,990.963
AWS_AP08,2025-10-10 19:45:00,26.789,45.778,991.439
AWS_AP08,2025-10-10 20:00:00,13.136,45.589,991.254
AWS_AP08,2025-10-17 17:15:00,28.565,36.652,989.485
AWS_AP08,2025-10-17 17:30:00,28.63,38.783,989.949
AWS_AP08,2025-10-23 13:00:00,29.171,29.55,992.026
AWS_AP08,2025-10-23 13:15:00,29.788,30.495,991.465
AWS_AP08,2025-10-26 21:00:00,24.452,49.038,991.864
AWS_AP08,2025-10-26 21:15:00,25.022,46.604,992.087
AWS_AP08,2025-11-01 12:00:00,27.288,32.705,992.711
AWS_AP08,2025-11-01 12:15:00,27.569,37.059,992.404
AWS_AP08,2025-11-01 12:30:00,27.387,34.258,992.724
AWS_AP08,2025-11-01 12:45:00,27.922,34.382,991.694
AWS_AP08,2025-11-01 13:00:00,28.563,31.86,991.832
AWS_AP08,2025-11-01 13:15:00,27.673,32.359,991.835
AWS_AP08,2025-11-01 13:30:00,28.024,31.544,991.722
AWS_AP08,2025-11-01 13:45:00,28.987,31.639,991.896
AWS_AP08,2025-11-01 14:00:00,28.764,29.449,991.412
AWS_AP08,2025-11-01 14:15:00,28.875,30.775,991.156
AWS_AP08,2025-11-01 14:30:00,28.48,28.333,990.186
AWS_AP08,2025-11-01 14:45:00,28.753,30.199,990.729
AWS_AP08,2025-11-01 15:00:00,28.856,32.955,989.917
AWS_AP08,2025-11-01 15:15:00,29.12,32.048,990.467
AWS_AP08,2025-11-01 15:30:00,28.542,31.011,990.581
AWS_AP08,2025-11-01 15:45:00,28.467,28.857,990.802
AWS_AP08,2025-11-01 16:00:00,28.261,29.834,990.429
AWS_AP08,2025-11-01 16:15:00,28.334,31.548,991.222
AWS_AP08,2025-11-01 16:30:00,28.027,31.06,991.185
AWS_AP08,2025-11-01 16:45:00,28.604,28.906,990.716
AWS_AP08,2025-11-01 17:00:00,27.812,32.204,990.243
AWS_AP08,2025-11-01 17:15:00,28.245,32.527,990.525
AWS_AP08,2025-11-01 17:30:00,28.228,34.311,992.079
AWS_AP08,2025-11-01 17:45:00,27.641,31.62,991.966
AWS_AP08,2025-11-01 18:00:00,27.936,35.706,991.53
AWS_AP08,2025-11-01 18:15:00,26.908,33.253,991.232
AWS_AP08,2025-11-01 18:30:00,26.655,35.44,991.823
AWS_AP08,2025-11-01 18:45:00,26.237,36.013,991.852
AWS_AP08,2025-11-01 19:00:00,26.337,40.455,991.811
AWS_AP08,2025-11-01 19:15:00,25.781,42.575,992.183
AWS_AP08,2025-11-01 19:30:00,25.694,42.578,992.655
AWS_AP08,2025-11-01 19:45:00,25.189,45.091,992.306
AWS_AP08,2025-11-01 20:00:00,25.155,45.887,993.759
AWS_AP08,2025-11-01 20:15:00,24.582,49.047,993.267
AWS_AP08,2025-11-01 20:30:00,24.463,47.863,993.433
AWS_AP08,2025-11-01 20:45:00,24.251,47.881,993.277
AWS_AP08,2025-11-01 21:00:00,23.629,51.18,993.038
AWS_AP08,2025-11-01 21:15:00,23.026,48.614,993.102
AWS_AP08,2025-11-01 21:30:00,23.316,52.166,992.905
AWS_AP08,2025-11-01 21:45:00,22.155,54.626,993.648
AWS_AP08,2025-11-01 22:00:00,22.099,58.287,992.741
AWS_AP08,2025-11-01 22:15:00,22.536,55.588,993.745
AWS_AP08,2025-11-01 22:30:00,21.743,58.704,994.242
AWS_AP08,2025-11-01 22:45:00,20.823,59.479,993.646
AWS_AP08,2025-11-01 23:00:00,21.383,61.336,993.507
AWS_AP08,2025-11-01 23:15:00,20.877,60.497,992.922
AWS_AP08,2025-11-01 23:30:00,19.784,66.39,993.183
AWS_AP08,2025-11-01 23:45:00,20.581,65.179,992.994
AWS_AP08,2025-11-02 00:00:00,19.897,60.016,993.119
AWS_AP08,2025-11-02 00:15:00,19.622,64.581,992.91
AWS_AP08,2025-11-02 00:30:00,19.562,62.914,992.6
AWS_AP08,2025-11-02 00:45:00,19.028,62.973,992.563
AWS_AP08,2025-11-02 01:00:00,18.98,63.864,992.703
AWS_AP08,2025-11-02 01:15:00,18.222,63.819,992.816
AWS_AP08,2025-11-02 01:30:00,18.162,61.141,992.214
AWS_AP08,2025-11-02 01:45:00,18.521,66.247,991.95
AWS_AP08,2025-11-02 02:00:00,18.14,65.061,991.641
AWS_AP08,2025-11-02 02:15:00,18.277,63.194,991.26
AWS_AP08,2025-11-02 02:30:00,18.106,66.396,991.609
AWS_AP08,2025-11-02 02:45:00,18.419,65.531,992.452
AWS_AP08,2025-11-02 03:00:00,18.239,65.397,991.899
AWS_AP08,2025-11-02 03:15:00,17.872,67.246,991.227
AWS_AP08,2025-11-02 03:30:00,18.442,68.541,992.18
AWS_AP08,2025-11-02 03:45:00,18.647,61.695,991.503
AWS_AP08,2025-11-02 04:00:00,18.385,65.316,991.056
AWS_AP08,2025-11-02 04:15:00,18.253,62.025,991.938
AWS_AP08,2025-11-02 04:30:00,18.451,66.179,990.863
AWS_AP08,2025-11-02 04:45:00,18.526,64.784,991.464
AWS_AP08,2025-11-02 05:00:00,18.747,59.562,991.574
AWS_AP08,2025-11-02 05:15:00,19.292,64.611,990.889
AWS_AP08,2025-11-02 05:30:00,19.11,59.454,991.629
AWS_AP08,2025-11-02 05:45:00,19.128,60.534,991.835
AWS_AP08,2025-11-02 06:00:00,20.08,64.853,992.264
AWS_AP08,2025-11-02 06:15:00,20.274,64.043,991.487
AWS_AP08,2025-11-02 06:30:00,19.977,55.02,991.872
AWS_AP08,2025-11-02 06:45:00,20.274,57.584,992.732
AWS_AP08,2025-11-02 07:00:00,20.903,57.329,992.565
AWS_AP08,2025-11-02 07:15:00,21.032,55.396,992.745
AWS_AP08,2025-11-02 07:30:00,21.436,55.129,993.552
AWS_AP08,2025-11-02 07:45:00,21.777,53.966,992.977
AWS_AP08,2025-11-02 08:00:00,22.589,54.362,993.547
AWS_AP08,2025-11-02 08:15:00,22.304,50.082,993.267
AWS_AP08,2025-11-02 08:30:00,22.355,50.615,994.198
AWS_AP08,2025-11-02 08:45:00,22.811,49.41,994.054
AWS_AP08,2025-11-02 09:00:00,23.081,44.704,993.792
AWS_AP08,2025-11-02 09:15:00,24.085,46.668,994.103
AWS_AP08,2025-11-02 09:30:00,24.375,44.826,994.598
AWS_AP08,2025-11-02 09:45:00,24.661,44.793,993.698
AWS_AP08,2025-11-02 10:00:00,25.044,43.465,993.903
AWS_AP08,2025-11-02 10:15:00,25.399,38.27,993.984
AWS_AP08,2025-11-02 10:30:00,25.153,40.049,994.021
AWS_AP08,2025-11-02 10:45:00,26.13,35.919,994.317
AWS_AP08,2025-11-02 11:00:00,26.097,34.613,993.794
AWS_AP08,2025-11-02 11:15:00,26.37,37.583,993.392
AWS_AP08,2025-11-02 11:30:00,27.115,33.368,993.31
AWS_AP08,2025-11-02 11:45:00,26.797,32.77,992.828
AWS_AP08,2025-11-02 12:00:00,44.864,31.44,992.534
AWS_AP08,2025-11-06 17:30:00,26.792,30.309,992.058
AWS_AP08,2025-11-06 17:45:00,26.664,30.909,992.182
AWS_AP08,2025-11-10 03:00:00,18.624,69.913,993.12
AWS_AP08,2025-11-10 03:15:00,18.4,70.224,993.225
AWS_AP08,2025-12-03 02:00:00,13.547,72.267,994.596
AWS_AP08,2025-12-03 02:15:00,13.603,77.079,994.65
AWS_AP08,2025-12-20 01:30:00,16.008,72.722,996.345
AWS_AP08,2025-12-20 01:45:00,15.66,65.65,995.676
AWS_AP08,2025-12-20 02:00:00,16.069,72.15,995.632
AWS_AP08,2025-12-20 02:15:00,15.71,72.384,994.841
AWS_AP08,2025-12-20 02:30:00,15.881,75.15,995.208
AWS_AP08,2025-12-20 02:45:00,15.784,76.446,994.653
AWS_AP08,2025-12-20 03:00:00,16.297,71.751,994.468
AWS_AP08,2025-12-20 03:15:00,15.165,70.147,994.644
AWS_AP08,2025-12-20 03:30:00,15.611,73.979,994.712
AWS_AP08,2025-12-20 03:45:00,16.276,73.547,994.78
AWS_AP08,2025-12-20 04:00:00,15.301,74.337,993.836
AWS_AP08,2025-12-20 04:15:00,16.044,69.523,994.583
AWS_AP08,2025-12-20 04:30:00,15.89,73.227,994.764
AWS_AP08,2025-12-20 04:45:00,16.415,68.731,995.369
AWS_AP08,2025-12-20 05:00:00,16.758,67.049,994.568
AWS_AP08,2025-12-20 05:15:00,17.075,65.624,994.803
AWS_AP08,2025-12-20 05:30:00,17.023,64.836,995.321
AWS_AP08,2025-12-20 05:45:00,17.021,68.123,994.882
AWS_AP08,2025-12-20 06:00:00,16.501,64.705,995.2
AWS_AP08,2025-12-20 06:15:00,17.78,64.547,995.835
AWS_AP08,2025-12-20 06:30:00,18.058,61.83,995.161
AWS_AP08,2025-12-20 06:45:00,18.79,60.841,996.023
AWS_AP08,2025-12-20 07:00:00,18.797,62.217,996.19
AWS_AP08,2025-12-20 07:15:00,19.129,57.827,996.709
AWS_AP08,2025-12-20 07:30:00,19.484,56.899,996.329
AWS_AP08,2025-12-20 07:45:00,19.868,61.258,996.872
AWS_AP08,2025-12-20 08:00:00,20.344,58.872,996.766
AWS_AP08,2025-12-20 08:15:00,20.266,55.501,996.69
AWS_AP08,2025-12-20 08:30:00,20.433,56.721,996.269
AWS_AP08,2025-12-20 08:45:00,21.369,53.596,997.58
AWS_AP08,2025-12-20 09:00:00,21.599,51.405,997.202
AWS_AP08,2025-12-20 09:15:00,22.047,49.845,997.051
AWS_AP08,2025-12-20 09:30:00,23.178,52.081,998.364
AWS_AP08,2025-12-20 09:45:00,23.388,50.912,996.985
AWS_AP08,2025-12-20 10:00:00,22.859,43.665,997.345
AWS_AP08,2025-12-20 10:15:00,23.752,44.873,997.204
AWS_AP08,2025-12-20 10:30:00,23.671,43.866,996.941
AWS_AP08,2025-12-20 10:45:00,24.241,42.369,997.378
AWS_AP08,2025-12-20 11:00:00,25.004,37.722,997.271
AWS_AP08,2025-12-20 11:15:00,25.043,39.557,996.915
AWS_AP08,2025-12-20 11:30:00,25.531,41.967,996.318
AWS_AP08,2025-12-20 11:45:00,25.227,33.975,996.063
AWS_AP08,2025-12-20 12:00:00,26.016,39.123,996.496
AWS_AP08,2025-12-20 12:15:00,25.92,33.406,996.377
AWS_AP08,2025-12-20 12:30:00,26.313,37.756,996.602
AWS_AP08,2025-12-20 12:45:00,26.644,34.365,995.822
AWS_AP08,2025-12-20 13:00:00,27.286,34.898,996.597
AWS_AP08,2025-12-20 13:15:00,27.327,34.112,995.846
AWS_AP08,2025-12-20 13:30:00,26.949,31.652,995.899
AWS_AP08,2025-12-20 13:45:00,27.588,33.539,995.947
AWS_AP08,2025-12-20 14:00:00,27.942,33.127,995.355
AWS_AP08,2025-12-20 14:15:00,27.323,31.499,995.122
AWS_AP08,2025-12-20 14:30:00,28.187,30.688,995.289
AWS_AP08,2025-12-20 14:45:00,27.817,35.046,995.208
AWS_AP08,2025-12-20 15:00:00,27.912,33.784,994.89
AWS_AP08,2025-12-20 15:15:00,27.578,29.945,994.46
AWS_AP08,2025-12-20 15:30:00,27.047,30.949,994.48
AWS_AP08,2025-12-20 15:45:00,28.004,30.032,994.488
AWS_AP08,2025-12-20 16:00:00,27.831,33.26,993.761
AWS_AP08,2025-12-20 16:15:00,26.954,33.591,994.124
AWS_AP08,2025-12-20 16:30:00,26.941,33.986,994.337
AWS_AP08,2025-12-20 16:45:00,27.199,33.637,995.624
AWS_AP08,2025-12-20 17:00:00,26.795,36.15,995.03
AWS_AP08,2025-12-20 17:15:00,26.877,34.946,995.097
AWS_AP08,2025-12-20 17:30:00,26.304,35.336,994.779
AWS_AP08,2025-12-20 17:45:00,26.258,36.282,995.019
AWS_AP08,2025-12-20 18:00:00,26.043,36.849,994.96
AWS_AP08,2025-12-20 18:15:00,25.315,38.447,994.915
AWS_AP08,2025-12-20 18:30:00,25.478,38.454,994.668
AWS_AP08,2025-12-20 18:45:00,24.667,44.398,995.931
AWS_AP08,2025-12-20 19:00:00,24.823,40.368,996.404
AWS_AP08,2025-12-20 19:15:00,23.932,41.102,995.66
AWS_AP08,2025-12-20 19:30:00,23.871,43.41,996.523
AWS_AP08,2025-12-20 19:45:00,23.803,46.919,996.403
AWS_AP08,2025-12-20 20:00:00,23.121,49.111,996.618
AWS_AP08,2025-12-20 20:15:00,23.401,50.205,997.297
AWS_AP08,2025-12-20 20:30:00,22.916,52.319,996.307
AWS_AP08,2025-12-20 20:45:00,22.199,51.07,996.911
AWS_AP08,2025-12-20 21:00:00,22.556,52.514,997.996
AWS_AP08,2025-12-20 21:15:00,21.075,54.778,996.974
AWS_AP08,2025-12-20 21:30:00,20.836,55.782,997.306
AWS_AP08,2025-12-20 21:45:00,21.011,59.702,997.493
AWS_AP08,2025-12-20 22:00:00,19.892,56.77,997.558
AWS_AP08,2025-12-20 22:15:00,19.564,60.909,997.058
AWS_AP08,2025-12-20 22:30:00,19.262,59.348,997.286
AWS_AP08,2025-12-20 22:45:00,19.031,65.795,997.84
AWS_AP08,2025-12-20 23:00:00,18.592,60.192,996.916
AWS_AP08,2025-12-20 23:15:00,18.58,63.081,997.318
AWS_AP08,2025-12-20 23:30:00,18.131,63.41,996.368
AWS_AP08,2025-12-20 23:45:00,17.467,65.157,996.8
AWS_AP08,2025-12-21 00:00:00,17.534,63.834,994.852
AWS_AP08,2025-12-21 00:15:00,17.181,66.743,995.668
AWS_AP08,2025-12-21 00:30:00,16.905,67.043,995.933
AWS_AP08,2025-12-21 00:45:00,16.368,71.668,995.121
AWS_AP08,2025-12-21 01:00:00,16.521,71.212,994.809
AWS_AP08,2025-12-21 01:15:00,16.215,71.647,994.575
AWS_AP08,2025-12-21 01:30:00,15.77,70.062,1008.805
AWS_AP08,2025-12-23 17:45:00,26.436,32.165,994.58
AWS_AP08,2025-12-23 18:00:00,25.93,32.234,995.186
AWS_AP08,2025-12-24 22:30:00,21.467,61.891,997.916
AWS_AP08,2025-12-24 22:45:00,20.783,59.896,996.871
AWS_AP09,2025-01-14 13:30:00,23.587,40.795,969.958
AWS_AP09,2025-01-14 13:45:00,23.056,39.626,969.498
AWS_AP09,2025-01-15 02:30:00,17.257,75.139,968.175
AWS_AP09,2025-01-15 02:45:00,17.77,74.958,968.765
AWS_AP09,2025-01-17 15:45:00,28.825,35.13,969.536
AWS_AP09,2025-01-17 16:00:00,28.341,35.209,969.257
AWS_AP09,2025-01-20 05:00:00,16.696,69.955,967.862
AWS_AP09,2025-01-20 05:15:00,16.577,72.926,968.638
AWS_AP09,2025-01-24 02:30:00,16.714,73.607,968.547
AWS_AP09,2025-01-24 02:45:00,16.618,73.477,969.482
AWS_AP09,2025-01-26 00:00:00,20.594,67.678,970.439
AWS_AP09,2025-01-26 00:15:00,19.883,66.842,971.616
AWS_AP09,2025-01-26 00:30:00,19.713,75.11,971.094
AWS_AP09,2025-01-26 00:45:00,19.608,68.961,971.449
AWS_AP09,2025-01-26 01:00:00,19.639,69.993,970.528
AWS_AP09,2025-01-26 01:15:00,19.441,74.821,970.442
AWS_AP09,2025-01-26 01:30:00,18.85,69.706,970.554
AWS_AP09,2025-01-26 01:45:00,18.615,73.126,969.72
AWS_AP09,2025-01-26 02:00:00,18.418,72.926,968.416
AWS_AP09,2025-01-26 02:15:00,18.863,75.954,969.582
AWS_AP09,2025-01-26 02:30:00,18.394,70.035,969.814
AWS_AP09,2025-01-26 02:45:00,18.772,72.326,968.948
AWS_AP09,2025-01-26 03:00:00,18.134,72.107,969.503
AWS_AP09,2025-01-26 03:15:00,18.255,74.089,969.703
AWS_AP09,2025-01-26 03:30:00,18.696,72.935,968.958
AWS_AP09,2025-01-26 03:45:00,18.414,72.952,969.019
AWS_AP09,2025-01-26 04:00:00,19.052,73.199,969.097
AWS_AP09,2025-01-26 04:15:00,19.123,70.98,968.88
AWS_AP09,2025-01-26 04:30:00,19.29,73.772,969.001
AWS_AP09,2025-01-26 04:45:00,19.329,74.241,968.587
AWS_AP09,2025-01-26 05:00:00,19.123,65.993,969.601
AWS_AP09,2025-01-26 05:15:00,19.784,71.227,968.808
AWS_AP09,2025-01-26 05:30:00,20.174,73.298,970.136
AWS_AP09,2025-01-26 05:45:00,20.074,68.734,970.256
AWS_AP09,2025-01-26 06:00:00,20.701,69.2,969.635
AWS_AP09,2025-01-26 06:15:00,20.658,66.109,970.067
AWS_AP09,2025-01-26 06:30:00,20.973,66.21,970.431
AWS_AP09,2025-01-26 06:45:00,21.499,65.431,970.515
AWS_AP09,2025-01-26 07:00:00,22.305,62.558,970.861
AWS_AP09,2025-01-26 07:15:00,22.298,63.31,970.782
AWS_AP09,2025-01-26 07:30:00,22.521,61.76,970.995
AWS_AP09,2025-01-26 07:45:00,22.589,57.73,970.809
AWS_AP09,2025-01-26 08:00:00,23.601,59.483,970.891
AWS_AP09,2025-01-26 08:15:00,23.618,61.069,971.305
AWS_AP09,2025-01-26 08:30:00,24.038,56.352,971.867
AWS_AP09,2025-01-26 08:45:00,24.223,55.97,971.331
AWS_AP09,2025-01-26 09:00:00,24.637,54.166,971.485
AWS_AP09,2025-01-26 09:15:00,25.188,51.311,971.877
AWS_AP09,2025-01-26 09:30:00,25.792,51.508,971.393
AWS_AP09,2025-01-26 09:45:00,25.428,49.672,971.006
AWS_AP09,2025-01-26 10:00:00,26.166,51.534,971.952
AWS_AP09,2025-01-26 10:15:00,26.386,48.334,971.323
AWS_AP09,2025-01-26 10:30:00,27.028,46.872,972.134
AWS_AP09,2025-01-26 10:45:00,27.559,42.73,972.344
AWS_AP09,2025-01-26 11:00:00,27.928,44.683,971.859
AWS_AP09,2025-01-26 11:15:00,28.383,41.287,972.068
AWS_AP09,2025-01-26 11:30:00,28.697,40.473,971.402
AWS_AP09,2025-01-26 11:45:00,28.802,40.616,971.291
AWS_AP09,2025-01-26 12:00:00,29.266,41.575,971.105
AWS_AP09,2025-01-26 12:15:00,29.305,37.534,971.358
AWS_AP09,2025-01-26 12:30:00,30.091,39.159,971.249
AWS_AP09,2025-01-26 12:45:00,29.915,37.148,970.214
AWS_AP09,2025-01-26 13:00:00,30.087,34.195,970.481
AWS_AP09,2025-01-26 13:15:00,29.67,33.706,970.187
AWS_AP09,2025-01-26 13:30:00,30.571,37.054,970.521
AWS_AP09,2025-01-26 13:45:00,30.685,34.804,970.228
AWS_AP09,2025-01-26 14:00:00,31.211,36.858,969.405
AWS_AP09,2025-01-26 14:15:00,30.465,37.461,969.693
AWS_AP09,2025-01-26 14:30:00,30.884,34.881,969.56
AWS_AP09,2025-01-26 14:45:00,31.341,36.873,969.271
AWS_AP09,2025-01-26 15:00:00,30.482,31.814,969.742
AWS_AP09,2025-01-26 15:15:00,30.642,34.9,968.828
AWS_AP09,2025-01-26 15:30:00,30.752,29.649,969.36
AWS_AP09,2025-01-26 15:45:00,31.307,37.672,969.603
AWS_AP09,2025-01-26 16:00:00,30.829,34.516,968.783
AWS_AP09,2025-01-26 16:15:00,30.635,38.301,968.955
AWS_AP09,2025-01-26 16:30:00,30.59,36.695,968.886
AWS_AP09,2025-01-26 16:45:00,30.413,40.257,968.902
AWS_AP09,2025-01-26 17:00:00,30.308,37.29,969.292
AWS_AP09,2025-01-26 17:15:00,29.726,36.881,969.249
AWS_AP09,2025-01-26 17:30:00,29.741,38.558,969.806
AWS_AP09,2025-01-26 17:45:00,29.753,40.766,970.363
AWS_AP09,2025-01-26 18:00:00,29.475,40.767,969.972
AWS_AP09,2025-01-26 18:15:00,28.092,42.344,970.192
AWS_AP09,2025-01-26 18:30:00,28.388,40.769,970.457
AWS_AP09,2025-01-26 18:45:00,28.386,44.742,970.477
AWS_AP09,2025-01-26 19:00:00,27.965,41.438,970.791
AWS_AP09,2025-01-26 19:15:00,27.937,45.859,970.943
AWS_AP09,2025-01-26 19:30:00,26.69,45.745,970.781
AWS_AP09,2025-01-26 19:45:00,27.186,46.904,970.624
AWS_AP09,2025-01-26 20:00:00,25.766,45.946,971.207
AWS_AP09,2025-01-26 20:15:00,25.851,51.238,971.36
AWS_AP09,2025-01-26 20:30:00,25.978,49.06,971.301
AWS_AP09,2025-01-26 20:45:00,25.151,50.243,971.56
AWS_AP09,2025-01-26 21:00:00,24.951,54.143,972.305
AWS_AP09,2025-01-26 21:15:00,24.356,57.025,971.573
AWS_AP09,2025-01-26 21:30:00,23.913,57.742,972.356
AWS_AP09,2025-01-26 21:45:00,23.619,51.784,971.917
AWS_AP09,2025-01-26 22:00:00,23.386,56.472,971.525
AWS_AP09,2025-01-26 22:15:00,22.483,63.532,972.229
AWS_AP09,2025-01-26 22:30:00,22.625,63.54,972.006
AWS_AP09,2025-01-26 22:45:00,21.955,65.343,972.274
AWS_AP09,2025-01-26 23:00:00,21.642,63.195,971.165
AWS_AP09,2025-01-26 23:15:00,21.308,62.392,971.561
AWS_AP09,2025-01-26 23:30:00,20.854,69.633,971.625
AWS_AP09,2025-01-26 23:45:00,20.523,63.617,971.108
AWS_AP09,2025-01-27 00:00:00,18.573,64.731,970.027
AWS_AP09,2025-01-27 00:15:00,18.383,61.512,970.04
AWS_AP09,2025-01-27 00:30:00,18.29,67.878,969.284
AWS_AP09,2025-02-01 08:45:00,23.286,49.079,970.233
AWS_AP09,2025-02-01 09:00:00,23.072,48.908,970.287
AWS_AP09,2025-02-08 18:00:00,28.681,32.355,967.899
AWS_AP09,2025-02-08 18:15:00,28.227,36.958,969.033
AWS_AP09,2025-02-14 14:15:00,31.327,27.274,967.149
AWS_AP09,2025-02-14 14:30:00,32.063,21.008,967.904
AWS_AP09,2025-02-25 11:30:00,30.549,29.425,969.531
AWS_AP09,2025-02-25 11:45:00,31.4,29.084,968.842
AWS_AP09,2025-02-25 20:15:00,27.371,41.4,968.881
AWS_AP09,2025-02-25 20:30:00,27.218,37.206,969.601
AWS_AP09,2025-03-06 12:30:00,32.948,20.583,968.926
AWS_AP09,2025-03-06 12:45:00,32.352,23.226,968.381
AWS_AP09,2025-03-08 11:30:00,29.604,27.013,968.429
AWS_AP09,2025-03-08 11:45:00,30.652,27.444,967.636
AWS_AP09,2025-03-10 03:15:00,25.057,49.557,966.713
AWS_AP09,2025-03-10 03:30:00,24.629,48.538,965.909
AWS_AP09,2025-03-11 12:15:00,36.721,14.259,968.025
AWS_AP09,2025-03-11 12:30:00,36.826,11.027,968.066
AWS_AP09,2025-03-13 15:00:00,39.077,5.0,964.183
AWS_AP09,2025-03-13 15:15:00,38.793,6.186,964.351
AWS_AP09,2025-03-13 15:30:00,38.797,6.773,964.671
AWS_AP09,2025-03-13 15:45:00,39.322,7.116,965.296
AWS_AP09,2025-03-13 16:00:00,38.611,10.964,965.024
AWS_AP09,2025-03-13 16:15:00,38.224,9.428,964.569
AWS_AP09,2025-03-13 16:30:00,38.655,6.652,965.285
AWS_AP09,2025-03-13 16:45:00,38.151,9.717,964.875
AWS_AP09,2025-03-13 17:00:00,37.87,11.738,964.429
AWS_AP09,2025-03-13 17:15:00,37.824,13.01,965.117
AWS_AP09,2025-03-13 17:30:00,37.572,12.41,964.872
AWS_AP09,2025-03-13 17:45:00,37.024,10.92,965.667
AWS_AP09,2025-03-13 18:00:00,36.786,12.16,965.557
AWS_AP09,2025-03-13 18:15:00,36.449,12.137,965.585
AWS_AP09,2025-03-13 18:30:00,35.831,10.4,965.521
AWS_AP09,2025-03-13 18:45:00,36.298,15.849,965.842
AWS_AP09,2025-03-13 19:00:00,35.359,14.188,966.074
AWS_AP09,2025-03-13 19:15:00,35.059,15.468,965.607
AWS_AP09,2025-03-13 19:30:00,34.983,19.676,966.774
AWS_AP09,2025-03-13 19:45:00,34.116,20.424,966.545
AWS_AP09,2025-03-13 20:00:00,33.181,17.95,965.922
AWS_AP09,2025-03-13 20:15:00,33.347,21.789,966.505
AWS_AP09,2025-03-13 20:30:00,32.866,22.865,966.653
AWS_AP09,2025-03-13 20:45:00,32.645,24.13,967.654
AWS_AP09,2025-03-13 21:00:00,32.163,21.088,967.522
AWS_AP09,2025-03-13 21:15:00,32.016,24.853,967.143
AWS_AP09,2025-03-13 21:30:00,30.875,29.225,966.741
AWS_AP09,2025-03-13 21:45:00,30.358,26.928,968.073
AWS_AP09,2025-03-13 22:00:00,30.17,33.241,967.611
AWS_AP09,2025-03-13 22:15:00,29.141,35.26,967.366
AWS_AP09,2025-03-13 22:30:00,28.993,33.38,967.423
AWS_AP09,2025-03-13 22:45:00,28.987,34.34,967.563
AWS_AP09,2025-03-13 23:00:00,27.965,31.117,967.038
AWS_AP09,2025-03-13 23:15:00,28.012,37.625,967.324
AWS_AP09,2025-03-13 23:30:00,27.506,39.017,967.236
AWS_AP09,2025-03-13 23:45:00,27.783,35.657,966.377
AWS_AP09,2025-03-14 00:00:00,27.848,45.486,967.365
AWS_AP09,2025-03-14 00:15:00,27.234,45.779,967.478
AWS_AP09,2025-03-14 00:30:00,26.829,45.502,967.252
AWS_AP09,2025-03-14 00:45:00,26.844,49.437,966.865
AWS_AP09,2025-03-14 01:00:00,26.696,48.632,966.321
AWS_AP09,2025-03-14 01:15:00,26.653,45.384,967.179
AWS_AP09,2025-03-14 01:30:00,25.993,47.534,966.82
AWS_AP09,2025-03-14 01:45:00,26.158,47.653,966.694
AWS_AP09,2025-03-14 02:00:00,25.98,52.009,966.316
AWS_AP09,2025-03-14 02:15:00,26.29,54.099,966.75
AWS_AP09,2025-03-14 02:30:00,25.818,46.796,966.558
AWS_AP09,2025-03-14 02:45:00,25.891,55.017,966.236
AWS_AP09,2025-03-14 03:00:00,24.981,49.0,965.717
AWS_AP09,2025-03-14 03:15:00,25.695,48.393,964.796
AWS_AP09,2025-03-14 03:30:00,25.461,47.603,966.437
AWS_AP09,2025-03-14 03:45:00,25.75,52.045,965.371
AWS_AP09,2025-03-14 04:00:00,25.817,50.823,965.297
AWS_AP09,2025-03-14 04:15:00,25.956,49.753,965.012
AWS_AP09,2025-03-14 04:30:00,26.417,44.883,964.953
AWS_AP09,2025-03-14 04:45:00,27.039,46.875,966.167
AWS_AP09,2025-03-14 05:00:00,26.656,49.172,965.669
AWS_AP09,2025-03-14 05:15:00,26.668,46.909,965.811
AWS_AP09,2025-03-14 05:30:00,27.381,44.561,965.624
AWS_AP09,2025-03-14 05:45:00,27.859,42.838,965.803
AWS_AP09,2025-03-14 06:00:00,27.792,45.053,966.838
AWS_AP09,2025-03-14 06:15:00,28.272,40.782,965.88
AWS_AP09,2025-03-14 06:30:00,28.61,38.62,966.875
AWS_AP09,2025-03-14 06:45:00,28.615,41.541,966.821
AWS_AP09,2025-03-14 07:00:00,29.571,40.132,967.128
AWS_AP09,2025-03-14 07:15:00,29.324,40.748,967.035
AWS_AP09,2025-03-14 07:30:00,30.192,37.429,967.074
AWS_AP09,2025-03-14 07:45:00,30.052,37.145,967.243
AWS_AP09,2025-03-14 08:00:00,30.962,37.151,967.753
AWS_AP09,2025-03-14 08:15:00,30.716,35.604,967.121
AWS_AP09,2025-03-14 08:30:00,31.942,30.909,967.518
AWS_AP09,2025-03-14 08:45:00,32.413,29.483,967.879
AWS_AP09,2025-03-14 09:00:00,32.787,29.168,967.988
AWS_AP09,2025-03-14 09:15:00,33.177,26.527,968.242
AWS_AP09,2025-03-14 09:30:00,33.401,28.233,968.611
AWS_AP09,2025-03-14 09:45:00,34.426,26.307,967.454
AWS_AP09,2025-03-14 10:00:00,34.422,27.016,968.075
AWS_AP09,2025-03-14 10:15:00,35.037,24.057,968.54
AWS_AP09,2025-03-14 10:30:00,35.705,20.087,968.448
AWS_AP09,2025-03-14 10:45:00,35.409,19.573,968.1
AWS_AP09,2025-03-14 11:00:00,36.379,18.453,968.384
AWS_AP09,2025-03-14 11:15:00,37.04,16.752,967.929
AWS_AP09,2025-03-14 11:30:00,36.795,18.405,967.596
AWS_AP09,2025-03-14 11:45:00,37.44,16.733,967.968
AWS_AP09,2025-03-14 12:00:00,37.473,15.458,967.473
AWS_AP09,2025-03-14 12:15:00,37.404,15.108,967.438
AWS_AP09,2025-03-14 12:30:00,38.303,11.323,967.161
AWS_AP09,2025-03-14 12:45:00,38.257,13.645,967.38
AWS_AP09,2025-03-14 13:00:00,39.321,14.288,966.881
AWS_AP09,2025-03-14 13:15:00,38.635,12.245,966.691
AWS_AP09,2025-03-14 13:30:00,39.323,9.275,966.845
AWS_AP09,2025-03-14 13:45:00,39.104,10.657,966.546
AWS_AP09,2025-03-14 14:00:00,39.421,11.23,966.694
AWS_AP09,2025-03-14 14:15:00,38.963,13.843,965.705
AWS_AP09,2025-03-14 14:30:00,39.691,10.592,966.222
AWS_AP09,2025-03-14 14:45:00,39.642,13.464,966.112
AWS_AP09,2025-03-14 15:00:00,39.545,7.77,965.764
AWS_AP09,2025-03-28 06:00:00,24.962,45.085,965.338
AWS_AP09,2025-03-28 06:15:00,25.934,48.13,965.25
AWS_AP09,2025-04-01 12:00:00,34.901,14.752,965.961
AWS_AP09,2025-04-01 12:15:00,34.806,15.163,965.619
AWS_AP09,2025-04-02 09:30:00,30.31,30.111,965.615
AWS_AP09,2025-04-02 09:45:00,31.125,24.4,966.026
AWS_AP09,2025-04-02 10:00:00,31.131,25.712,965.906
AWS_AP09,2025-04-02 10:15:00,31.259,22.531,966.054
AWS_AP09,2025-04-02 10:30:00,31.933,22.573,965.896
AWS_AP09,2025-04-02 10:45:00,32.515,20.805,965.965
AWS_AP09,2025-04-02 11:00:00,33.546,18.382,965.449
AWS_AP09,2025-04-02 11:15:00,33.59,20.372,966.182
AWS_AP09,2025-04-02 11:30:00,34.376,19.903,965.616
AWS_AP09,2025-04-02 11:45:00,33.972,16.849,965.674
AWS_AP09,2025-04-02 12:00:00,33.978,16.675,965.082
AWS_AP09,2025-04-02 12:15:00,34.428,18.784,965.19
AWS_AP09,2025-04-02 12:30:00,35.001,18.585,964.144
AWS_AP09,2025-04-02 12:45:00,35.028,14.587,964.715
AWS_AP09,2025-04-02 13:00:00,35.64,9.969,965.241
AWS_AP09,2025-04-02 13:15:00,35.34,11.046,963.905
AWS_AP09,2025-04-02 13:30:00,35.608,8.971,964.16
AWS_AP09,2025-04-02 13:45:00,35.609,11.891,963.607
AWS_AP09,2025-04-02 14:00:00,36.032,8.725,963.864
AWS_AP09,2025-04-02 14:15:00,35.602,9.913,964.342
AWS_AP09,2025-04-02 14:30:00,36.325,8.653,962.639
AWS_AP09,2025-04-02 14:45:00,36.731,10.063,963.007
AWS_AP09,2025-04-02 15:00:00,36.082,11.196,963.439
AWS_AP09,2025-04-02 15:15:00,36.8,9.682,962.981
AWS_AP09,2025-04-02 15:30:00,36.829,12.095,962.655
AWS_AP09,2025-04-02 15:45:00,36.588,8.951,963.643
AWS_AP09,2025-04-02 16:00:00,36.038,8.753,963.403
AWS_AP09,2025-04-02 16:15:00,36.132,5.0,963.311
AWS_AP09,2025-04-02 16:30:00,35.864,12.803,963.367
AWS_AP09,2025-04-02 16:45:00,35.882,13.136,962.624
AWS_AP09,2025-04-02 17:00:00,35.673,13.315,963.984
AWS_AP09,2025-04-02 17:15:00,35.494,14.0,963.682
AWS_AP09,2025-04-02 17:30:00,35.701,11.826,964.071
AWS_AP09,2025-04-02 17:45:00,34.9,16.345,963.056
AWS_AP09,2025-04-02 18:00:00,34.494,15.256,963.583
AWS_AP09,2025-04-02 18:15:00,34.141,13.015,964.426
AWS_AP09,2025-04-02 18:30:00,33.631,15.303,964.297
AWS_AP09,2025-04-02 18:45:00,33.47,19.566,964.196
AWS_AP09,2025-04-02 19:00:00,32.843,22.302,963.815
AWS_AP09,2025-04-02 19:15:00,32.633,20.6,964.484
AWS_AP09,2025-04-02 19:30:00,32.189,24.034,964.649
AWS_AP09,2025-04-02 19:45:00,31.834,22.81,965.261
AWS_AP09,2025-04-02 20:00:00,31.568,22.455,965.389
AWS_AP09,2025-04-02 20:15:00,30.863,26.121,965.544
AWS_AP09,2025-04-02 20:30:00,30.068,28.178,965.435
AWS_AP09,2025-04-02 20:45:00,30.01,27.434,965.152
AWS_AP09,2025-04-02 21:00:00,29.372,26.117,965.983
AWS_AP09,2025-04-02 21:15:00,29.356,31.668,966.225
AWS_AP09,2025-04-02 21:30:00,28.554,33.017,966.535
AWS_AP09,2025-04-02 21:45:00,28.634,32.304,966.082
AWS_AP09,2025-04-02 22:00:00,27.673,34.013,966.333
AWS_AP09,2025-04-02 22:15:00,27.327,36.826,965.669
AWS_AP09,2025-04-02 22:30:00,26.706,36.162,966.511
AWS_AP09,2025-04-02 22:45:00,26.055,38.786,966.09
AWS_AP09,2025-04-02 23:00:00,25.705,41.337,965.809
AWS_AP09,2025-04-02 23:15:00,25.123,40.541,965.568
AWS_AP09,2025-04-02 23:30:00,25.029,41.497,965.454
AWS_AP09,2025-04-02 23:45:00,24.988,41.972,965.088
AWS_AP09,2025-04-03 00:00:00,25.237,43.827,965.24
AWS_AP09,2025-04-03 00:15:00,24.894,45.385,965.092
AWS_AP09,2025-04-03 00:30:00,24.529,40.624,965.048
AWS_AP09,2025-04-03 00:45:00,24.124,47.504,964.82
AWS_AP09,2025-04-03 01:00:00,23.895,46.27,965.098
AWS_AP09,2025-04-03 01:15:00,23.59,45.829,964.477
AWS_AP09,2025-04-03 01:30:00,23.655,47.958,965.244
AWS_AP09,2025-04-03 01:45:00,23.757,48.469,964.321
AWS_AP09,2025-04-03 02:00:00,23.316,48.989,964.762
AWS_AP09,2025-04-03 02:15:00,23.54,47.125,963.058
AWS_AP09,2025-04-03 02:30:00,23.129,50.706,963.758
AWS_AP09,2025-04-03 02:45:00,23.326,46.079,963.815
AWS_AP09,2025-04-03 03:00:00,23.249,49.916,964.095
AWS_AP09,2025-04-03 03:15:00,23.278,46.729,963.258
AWS_AP09,2025-04-03 03:30:00,23.56,48.019,963.471
AWS_AP09,2025-04-03 03:45:00,23.213,47.965,963.916
AWS_AP09,2025-04-03 04:00:00,23.506,49.71,964.07
AWS_AP09,2025-04-03 04:15:00,23.627,49.699,963.535
AWS_AP09,2025-04-03 04:30:00,23.708,46.863,964.374
AWS_AP09,2025-04-03 04:45:00,23.844,46.219,964.166
AWS_AP09,2025-04-03 05:00:00,24.027,44.28,963.897
AWS_AP09,2025-04-03 05:15:00,24.275,42.569,964.051
AWS_AP09,2025-04-03 05:30:00,24.461,42.589,963.834
AWS_AP09,2025-04-03 05:45:00,24.429,48.216,964.304
AWS_AP09,2025-04-03 06:00:00,25.63,41.254,964.681
AWS_AP09,2025-04-03 06:15:00,25.262,44.549,964.787
AWS_AP09,2025-04-03 06:30:00,25.89,39.912,964.518
AWS_AP09,2025-04-03 06:45:00,26.396,39.055,964.893
AWS_AP09,2025-04-03 07:00:00,26.377,38.66,964.777
AWS_AP09,2025-04-03 07:15:00,27.044,35.587,965.157
AWS_AP09,2025-04-03 07:30:00,27.86,34.237,965.094
AWS_AP09,2025-04-03 07:45:00,27.845,35.91,965.51
AWS_AP09,2025-04-03 08:00:00,28.555,36.532,965.593
AWS_AP09,2025-04-03 08:15:00,28.839,36.752,965.958
AWS_AP09,2025-04-03 08:30:00,29.379,32.099,966.197
AWS_AP09,2025-04-03 08:45:00,30.1,34.316,965.866
AWS_AP09,2025-04-03 09:00:00,30.0,27.611,966.416
AWS_AP09,2025-04-03 09:15:00,30.868,26.78,965.412
AWS_AP09,2025-04-03 09:30:00,12.748,27.709,966.619
AWS_AP09,2025-04-16 02:30:00,24.152,49.158,964.006
AWS_AP09,2025-04-16 02:45:00,23.614,50.709,963.094
AWS_AP09,2025-04-21 13:00:00,37.661,15.615,962.854
AWS_AP09,2025-04-21 13:15:00,37.821,7.758,962.452
AWS_AP09,2025-04-22 02:00:00,24.777,48.478,963.522
AWS_AP09,2025-04-22 02:15:00,24.332,53.881,961.731
AWS_AP09,2025-05-07 17:45:00,37.346,9.098,961.356
AWS_AP09,2025-05-07 18:00:00,36.95,13.84,961.709
AWS_AP09,2025-05-07 21:30:00,30.837,30.266,961.992
AWS_AP09,2025-05-07 21:45:00,30.489,33.164,963.459
AWS_AP09,2025-05-10 14:45:00,39.663,12.209,959.68
AWS_AP09,2025-05-10 15:00:00,38.844,13.907,960.725
AWS_AP09,2025-05-13 03:00:00,25.04,48.058,960.206
AWS_AP09,2025-05-13 03:15:00,25.284,46.875,960.818
AWS_AP09,2025-05-16 09:30:00,34.281,26.273,962.002
AWS_AP09,2025-05-16 09:45:00,35.279,25.34,961.748
AWS_AP09,2025-05-17 00:45:00,27.871,52.126,961.151
AWS_AP09,2025-05-17 01:00:00,27.991,48.79,961.079
AWS_AP09,2025-05-18 17:00:00,45.506,7.789,958.557
AWS_AP09,2025-05-18 17:15:00,46.158,9.406,959.466
AWS_AP09,2025-05-21 13:30:00,48.078,9.735,959.721
AWS_AP09,2025-05-21 13:45:00,47.684,12.448,959.43
AWS_AP09,2025-05-30 23:15:00,28.936,46.909,960.853
AWS_AP09,2025-05-30 23:30:00,29.353,49.564,960.324
AWS_AP09,2025-05-30 23:45:00,29.179,52.802,959.95
AWS_AP09,2025-05-31 00:00:00,27.235,54.739,960.71
AWS_AP09,2025-05-31 00:15:00,27.294,54.053,960.378
AWS_AP09,2025-05-31 00:30:00,27.247,54.737,960.539
AWS_AP09,2025-05-31 00:45:00,25.915,58.79,959.621
AWS_AP09,2025-05-31 01:00:00,26.578,57.837,960.72
AWS_AP09,2025-05-31 01:15:00,26.355,61.083,960.266
AWS_AP09,2025-05-31 01:30:00,26.217,64.549,960.089
AWS_AP09,2025-05-31 01:45:00,25.842,60.394,959.542
AWS_AP09,2025-05-31 02:00:00,25.724,62.39,958.977
AWS_AP09,2025-05-31 02:15:00,25.637,61.762,959.427
AWS_AP09,2025-05-31 02:30:00,25.777,58.808,958.889
AWS_AP09,2025-05-31 02:45:00,24.7,59.804,959.391
AWS_AP09,2025-05-31 03:00:00,25.934,61.908,959.086
AWS_AP09,2025-05-31 03:15:00,25.682,61.895,959.387
AWS_AP09,2025-05-31 03:30:00,25.498,62.196,958.738
AWS_AP09,2025-05-31 03:45:00,25.53,60.974,958.897
AWS_AP09,2025-05-31 04:00:00,25.535,60.711,958.755
AWS_AP09,2025-05-31 04:15:00,26.057,60.819,958.858
AWS_AP09,2025-05-31 04:30:00,25.527,58.79,958.219
AWS_AP09,2025-05-31 04:45:00,26.044,57.388,959.574
AWS_AP09,2025-05-31 05:00:00,26.451,58.843,959.166
AWS_AP09,2025-05-31 05:15:00,26.412,56.391,959.299
AWS_AP09,2025-05-31 05:30:00,26.375,58.827,958.947
AWS_AP09,2025-05-31 05:45:00,27.131,58.778,959.261
AWS_AP09,2025-05-31 06:00:00,27.464,56.244,959.554
AWS_AP09,2025-05-31 06:15:00,28.178,55.49,959.881
AWS_AP09,2025-05-31 06:30:00,27.941,54.976,959.967
AWS_AP09,2025-05-31 06:45:00,27.974,53.953,959.872
AWS_AP09,2025-05-31 07:00:00,28.483,52.987,960.016
AWS_AP09,2025-05-31 07:15:00,29.312,53.013,960.739
AWS_AP09,2025-05-31 07:30:00,29.255,49.283,960.144
AWS_AP09,2025-05-31 07:45:00,29.743,47.247,961.009
AWS_AP09,2025-05-31 08:00:00,30.414,46.411,961.005
AWS_AP09,2025-05-31 08:15:00,30.95,46.717,960.75
AWS_AP09,2025-05-31 08:30:00,30.814,43.542,961.115
AWS_AP09,2025-05-31 08:45:00,31.274,44.804,960.984
AWS_AP09,2025-05-31 09:00:00,31.509,42.222,961.65
AWS_AP09,2025-05-31 09:15:00,32.416,42.118,961.311
AWS_AP09,2025-05-31 09:30:00,32.4,37.047,961.684
AWS_AP09,2025-05-31 09:45:00,32.795,40.358,961.472
AWS_AP09,2025-05-31 10:00:00,33.458,35.392,961.844
AWS_AP09,2025-05-31 10:15:00,34.515,34.577,961.18
AWS_AP09,2025-05-31 10:30:00,34.152,36.451,961.25
AWS_AP09,2025-05-31 10:45:00,34.336,33.767,961.54
AWS_AP09,2025-05-31 11:00:00,35.148,30.522,961.132
AWS_AP09,2025-05-31 11:15:00,34.849,32.895,961.258
AWS_AP09,2025-05-31 11:30:00,35.482,27.901,960.719
AWS_AP09,2025-05-31 11:45:00,35.944,24.658,960.124
AWS_AP09,2025-05-31 12:00:00,35.562,25.103,961.15
AWS_AP09,2025-05-31 12:15:00,36.326,25.368,959.736
AWS_AP09,2025-05-31 12:30:00,36.617,24.02,960.531
AWS_AP09,2025-05-31 12:45:00,36.363,27.041,960.161
AWS_AP09,2025-05-31 13:00:00,36.539,26.045,959.607
AWS_AP09,2025-05-31 13:15:00,37.657,22.087,960.586
AWS_AP09,2025-05-31 13:30:00,37.12,22.721,960.284
AWS_AP09,2025-05-31 13:45:00,37.172,20.56,959.999
AWS_AP09,2025-05-31 14:00:00,37.52,23.79,959.064
AWS_AP09,2025-05-31 14:15:00,37.966,25.041,958.326
AWS_AP09,2025-05-31 14:30:00,37.753,21.85,959.05
AWS_AP09,2025-05-31 14:45:00,37.863,23.659,959.046
AWS_AP09,2025-05-31 15:00:00,38.252,21.791,958.057
AWS_AP09,2025-05-31 15:15:00,38.689,23.985,959.338
AWS_AP09,2025-05-31 15:30:00,37.914,18.168,958.71
AWS_AP09,2025-05-31 15:45:00,37.929,23.06,959.395
AWS_AP09,2025-05-31 16:00:00,38.282,18.65,958.955
AWS_AP09,2025-05-31 16:15:00,38.237,21.144,958.359
AWS_AP09,2025-05-31 16:30:00,37.41,19.394,959.278
AWS_AP09,2025-05-31 16:45:00,37.499,22.467,960.051
AWS_AP09,2025-05-31 17:00:00,37.276,27.704,958.848
AWS_AP09,2025-05-31 17:15:00,36.39,26.454,959.6
AWS_AP09,2025-05-31 17:30:00,36.566,22.242,959.57
AWS_AP09,2025-05-31 17:45:00,36.658,25.471,959.098
AWS_AP09,2025-05-31 18:00:00,36.622,23.898,959.669
AWS_AP09,2025-05-31 18:15:00,35.973,30.601,959.884
AWS_AP09,2025-05-31 18:30:00,35.591,24.706,959.092
AWS_AP09,2025-05-31 18:45:00,35.217,31.103,960.256
AWS_AP09,2025-05-31 19:00:00,35.073,32.373,960.287
AWS_AP09,2025-05-31 19:15:00,34.504,35.436,961.011
AWS_AP09,2025-05-31 19:30:00,34.673,36.073,960.254
AWS_AP09,2025-05-31 19:45:00,33.844,36.734,961.141
AWS_AP09,2025-05-31 20:00:00,33.213,33.745,960.746
AWS_AP09,2025-05-31 20:15:00,32.547,38.343,960.808
AWS_AP09,2025-05-31 20:30:00,32.713,38.614,961.325
AWS_AP09,2025-05-31 20:45:00,31.892,37.245,960.948
AWS_AP09,2025-05-31 21:00:00,31.394,38.821,960.905
AWS_AP09,2025-05-31 21:15:00,31.477,46.478,961.814
AWS_AP09,2025-05-31 21:30:00,31.017,40.745,961.415
AWS_AP09,2025-05-31 21:45:00,29.597,45.886,961.728
AWS_AP09,2025-05-31 22:00:00,29.775,47.035,961.13
AWS_AP09,2025-05-31 22:15:00,29.404,48.767,962.525
AWS_AP09,2025-05-31 22:30:00,29.532,46.088,962.129
AWS_AP09,2025-05-31 22:45:00,28.646,49.75,961.056
AWS_AP09,2025-05-31 23:00:00,29.338,53.442,960.879
AWS_AP09,2025-05-31 23:15:00,27.915,52.901,971.106
AWS_AP09,2025-06-19 10:45:00,32.933,45.12,960.164
AWS_AP09,2025-06-19 11:00:00,33.343,47.101,960.821
AWS_AP09,2025-06-22 11:00:00,32.674,47.57,961.351
AWS_AP09,2025-06-22 11:15:00,32.581,44.527,960.481
AWS_AP09,2025-06-23 01:45:00,25.394,78.537,958.264
AWS_AP09,2025-06-23 02:00:00,24.468,74.648,958.987
AWS_AP09,2025-06-26 11:45:00,33.268,45.9,959.869
AWS_AP09,2025-06-26 12:00:00,33.316,46.774,959.325
AWS_AP09,2025-06-27 00:45:00,24.286,73.814,960.517
AWS_AP09,2025-06-27 01:00:00,23.913,75.551,960.162
AWS_AP09,2025-07-04 06:30:00,25.782,68.793,958.5
AWS_AP09,2025-07-04 06:45:00,25.834,71.385,958.715
AWS_AP09,2025-07-10 05:45:00,23.457,76.675,960.614
AWS_AP09,2025-07-10 06:00:00,23.761,72.621,960.812
AWS_AP09,2025-07-10 14:30:00,31.361,42.664,960.19
AWS_AP09,2025-07-10 14:45:00,31.881,37.775,959.665
AWS_AP09,2025-07-15 03:15:00,22.411,86.536,958.715
AWS_AP09,2025-07-15 03:30:00,22.599,80.893,957.873
AWS_AP09,2025-07-15 11:45:00,30.074,51.141,960.642
AWS_AP09,2025-07-15 12:00:00,30.349,49.261,960.762
AWS_AP09,2025-07-21 23:15:00,22.944,74.122,960.544
AWS_AP09,2025-07-21 23:30:00,22.9,72.037,960.475
AWS_AP09,2025-07-22 08:00:00,27.296,67.597,961.173
AWS_AP09,2025-07-22 08:15:00,26.767,64.936,961.273
AWS_AP09,2025-08-12 04:15:00,21.237,79.546,960.461
AWS_AP09,2025-08-12 04:30:00,22.262,83.646,959.622
AWS_AP09,2025-08-12 20:45:00,26.074,62.446,962.292
AWS_AP09,2025-08-12 21:00:00,25.516,60.767,962.007
AWS_AP09,2025-08-15 10:30:00,26.154,53.089,962.113
AWS_AP09,2025-08-15 10:45:00,26.768,53.387,962.678
AWS_AP09,2025-09-20 00:15:00,20.892,68.875,963.204
AWS_AP09,2025-09-20 00:30:00,20.687,72.952,964.085
AWS_AP09,2025-10-04 10:30:00,26.766,48.582,965.286
AWS_AP09,2025-10-04 10:45:00,26.919,42.785,965.361
AWS_AP09,2025-10-06 22:30:00,22.004,62.569,964.485
AWS_AP09,2025-10-06 22:45:00,21.824,65.888,964.853
AWS_AP09,2025-10-10 19:45:00,27.22,43.565,965.495
AWS_AP09,2025-10-10 20:00:00,26.636,42.2,965.837
AWS_AP09,2025-10-16 17:30:00,27.785,35.555,963.309
AWS_AP09,2025-10-16 17:45:00,28.606,35.563,963.371
AWS_AP09,2025-10-16 18:00:00,27.262,38.213,961.623
AWS_AP09,2025-10-16 18:15:00,27.816,35.229,963.858
AWS_AP09,2025-10-16 18:30:00,27.852,35.916,963.777
AWS_AP09,2025-10-16 18:45:00,27.064,38.233,963.4
AWS_AP09,2025-10-16 19:00:00,26.916,39.86,964.236
AWS_AP09,2025-10-16 19:15:00,26.724,42.582,964.05
AWS_AP09,2025-10-16 19:30:00,25.756,42.062,964.367
AWS_AP09,2025-10-16 19:45:00,25.659,37.939,964.428
AWS_AP09,2025-10-16 20:00:00,25.711,48.377,965.136
AWS_AP09,2025-10-16 20:15:00,25.252,47.006,964.786
AWS_AP09,2025-10-16 20:30:00,24.847,46.682,965.081
AWS_AP09,2025-10-16 20:45:00,24.961,49.303,964.388
AWS_AP09,2025-10-16 21:00:00,24.326,52.249,965.152
AWS_AP09,2025-10-16 21:15:00,23.696,54.473,964.811
AWS_AP09,2025-10-16 21:30:00,24.048,53.953,965.289
AWS_AP09,2025-10-16 21:45:00,23.632,50.838,964.658
AWS_AP09,2025-10-16 22:00:00,23.351,57.532,964.738
AWS_AP09,2025-10-16 22:15:00,22.968,56.109,964.779
AWS_AP09,2025-10-16 22:30:00,22.104,57.64,964.537
AWS_AP09,2025-10-16 22:45:00,22.146,53.704,965.228
AWS_AP09,2025-10-16 23:00:00,21.853,58.761,964.577
AWS_AP09,2025-10-16 23:15:00,21.333,61.586,965.165
AWS_AP09,2025-10-16 23:30:00,21.184,64.86,964.759
AWS_AP09,2025-10-16 23:45:00,21.306,62.037,964.289
AWS_AP09,2025-10-17 00:00:00,20.763,62.922,965.388
AWS_AP09,2025-10-17 00:15:00,20.479,66.527,965.785
AWS_AP09,2025-10-17 00:30:00,20.002,65.11,964.719
AWS_AP09,2025-10-17 00:45:00,19.976,65.722,964.553
AWS_AP09,2025-10-17 01:00:00,20.042,71.095,964.482
AWS_AP09,2025-10-17 01:15:00,20.097,67.602,964.847
AWS_AP09,2025-10-17 01:30:00,19.893,64.84,964.468
AWS_AP09,2025-10-17 01:45:00,18.844,72.499,964.732
AWS_AP09,2025-10-17 02:00:00,19.288,68.192,964.08
AWS_AP09,2025-10-17 02:15:00,19.706,74.265,963.738
AWS_AP09,2025-10-17 02:30:00,19.576,69.316,963.847
AWS_AP09,2025-10-17 02:45:00,19.485,71.436,963.518
AWS_AP09,2025-10-17 03:00:00,18.826,70.649,964.075
AWS_AP09,2025-10-17 03:15:00,18.948,70.704,962.66
AWS_AP09,2025-10-17 03:30:00,19.278,72.332,964.33
AWS_AP09,2025-10-17 03:45:00,19.076,69.311,963.32
AWS_AP09,2025-10-17 04:00:00,19.173,73.103,963.603
AWS_AP09,2025-10-17 04:15:00,19.813,65.589,963.232
AWS_AP09,2025-10-17 04:30:00,19.566,69.153,963.076
AWS_AP09,2025-10-17 04:45:00,19.667,67.758,964.092
AWS_AP09,2025-10-17 05:00:00,19.838,72.554,963.225
AWS_AP09,2025-10-17 05:15:00,20.592,70.301,963.783
AWS_AP09,2025-10-17 05:30:00,20.217,66.601,963.877
AWS_AP09,2025-10-17 05:45:00,20.689,67.867,964.447
AWS_AP09,2025-10-17 06:00:00,21.137,65.917,964.278
AWS_AP09,2025-10-17 06:15:00,20.682,64.556,964.594
AWS_AP09,2025-10-17 06:30:00,21.361,65.333,964.61
AWS_AP09,2025-10-17 06:45:00,21.343,61.877,964.677
AWS_AP09,2025-10-17 07:00:00,21.786,62.844,965.214
AWS_AP09,2025-10-17 07:15:00,22.087,59.973,965.015
AWS_AP09,2025-10-17 07:30:00,22.195,61.684,965.584
AWS_AP09,2025-10-17 07:45:00,22.644,58.447,964.878
AWS_AP09,2025-10-17 08:00:00,22.551,55.325,965.068
AWS_AP09,2025-10-17 08:15:00,23.05,54.633,966.063
AWS_AP09,2025-10-17 08:30:00,23.471,54.539,966.084
AWS_AP09,2025-10-17 08:45:00,24.126,55.169,965.705
AWS_AP09,2025-10-17 09:00:00,24.112,50.086,965.329
AWS_AP09,2025-10-17 09:15:00,24.239,51.093,965.98
AWS_AP09,2025-10-17 09:30:00,25.13,46.135,965.912
AWS_AP09,2025-10-17 09:45:00,24.923,49.922,966.184
AWS_AP09,2025-10-17 10:00:00,25.022,47.19,965.732
AWS_AP09,2025-10-17 10:15:00,26.129,48.437,966.076
AWS_AP09,2025-10-17 10:30:00,25.913,42.092,965.533
AWS_AP09,2025-10-17 10:45:00,26.858,40.706,965.888
AWS_AP09,2025-10-17 11:00:00,26.867,43.316,965.915
AWS_AP09,2025-10-17 11:15:00,27.13,41.008,965.307
AWS_AP09,2025-10-17 11:30:00,27.408,38.99,965.503
AWS_AP09,2025-10-17 11:45:00,27.696,35.72,966.176
AWS_AP09,2025-10-17 12:00:00,27.531,38.237,965.223
AWS_AP09,2025-10-17 12:15:00,28.097,35.028,966.061
AWS_AP09,2025-10-17 12:30:00,27.991,36.728,965.531
AWS_AP09,2025-10-17 12:45:00,28.266,35.608,965.631
AWS_AP09,2025-10-17 13:00:00,28.773,34.976,964.471
AWS_AP09,2025-10-17 13:15:00,28.805,34.055,964.851
AWS_AP09,2025-10-17 13:30:00,29.216,30.886,964.625
AWS_AP09,2025-10-17 13:45:00,28.888,33.665,963.875
AWS_AP09,2025-10-17 14:00:00,29.343,31.402,964.275
AWS_AP09,2025-10-17 14:15:00,29.358,32.369,964.68
AWS_AP09,2025-10-17 14:30:00,28.831,31.005,964.231
AWS_AP09,2025-10-17 14:45:00,29.704,34.587,963.972
AWS_AP09,2025-10-17 15:00:00,28.847,33.473,963.726
AWS_AP09,2025-10-17 15:15:00,29.325,32.571,963.277
AWS_AP09,2025-10-17 15:30:00,29.059,32.374,963.828
AWS_AP09,2025-10-17 15:45:00,28.829,33.093,962.978
AWS_AP09,2025-10-17 16:00:00,28.72,31.083,963.527
AWS_AP09,2025-10-17 16:15:00,28.579,30.303,963.742
AWS_AP09,2025-10-17 16:30:00,28.88,35.297,963.629
AWS_AP09,2025-10-17 16:45:00,28.863,32.562,963.671
AWS_AP09,2025-10-17 17:00:00,28.455,38.711,963.211
AWS_AP09,2025-10-17 17:15:00,28.563,36.06,964.172
AWS_AP09,2025-10-17 17:30:00,42.474,36.053,964.15
AWS_AP09,2025-10-23 13:00:00,27.546,28.709,966.842
AWS_AP09,2025-10-23 13:15:00,28.505,30.719,965.234
AWS_AP09,2025-10-26 21:00:00,22.198,46.943,966.692
AWS_AP09,2025-10-26 21:15:00,22.195,50.586,966.823
AWS_AP09,2025-11-02 11:45:00,25.543,32.455,966.803
AWS_AP09,2025-11-02 12:00:00,26.309,33.073,967.244
AWS_AP09,2025-11-06 17:30:00,27.388,33.716,966.729
AWS_AP09,2025-11-06 17:45:00,27.871,35.69,966.752
AWS_AP09,2025-11-10 03:00:00,16.507,69.401,966.355
AWS_AP09,2025-11-10 03:15:00,16.448,74.336,967.114
AWS_AP09,2025-12-03 02:00:00,11.782,69.535,967.933
AWS_AP09,2025-12-03 02:15:00,11.446,69.142,966.86
AWS_AP09,2025-12-21 01:15:00,14.278,71.142,968.618
AWS_AP09,2025-12-21 01:30:00,13.945,71.617,968.56
AWS_AP09,2025-12-23 17:45:00,24.854,36.139,968.238
AWS_AP09,2025-12-23 18:00:00,24.333,38.535,968.169
AWS_AP09,2025-12-24 22:30:00,18.908,57.229,971.174
AWS_AP09,2025-12-24 22:45:00,18.086,54.282,971.322
AWS_AP10,2025-01-14 13:30:00,26.661,58.691,1008.279
AWS_AP10,2025-01-14 13:45:00,26.047,58.342,1007.737
AWS_AP10,2025-01-15 02:30:00,19.618,87.093,1007.554
AWS_AP10,2025-01-15 02:45:00,19.849,88.027,1007.592
AWS_AP10,2025-01-17 15:45:00,27.461,58.039,1007.005
AWS_AP10,2025-01-17 16:00:00,27.561,55.222,1007.842
AWS_AP10,2025-01-20 05:00:00,19.864,82.465,1007.432
AWS_AP10,2025-01-20 05:15:00,19.522,80.914,1007.244
AWS_AP10,2025-01-24 02:30:00,21.908,76.281,1008.232
AWS_AP10,2025-01-24 02:45:00,21.756,80.417,1008.762
AWS_AP10,2025-01-26 00:00:00,20.849,78.009,1010.331
AWS_AP10,2025-01-26 00:15:00,20.394,78.333,1010.577
AWS_AP10,2025-01-26 00:30:00,20.809,81.341,1009.932
AWS_AP10,2025-01-26 00:45:00,20.386,76.878,1010.337
AWS_AP10,2025-01-26 01:00:00,19.889,78.0,1009.924
AWS_AP10,2025-01-26 01:15:00,19.794,81.616,1009.571
AWS_AP10,2025-01-26 01:30:00,19.648,79.884,1009.966
AWS_AP10,2025-01-26 01:45:00,19.579,81.006,1009.585
AWS_AP10,2025-01-26 02:00:00,19.807,82.845,1009.767
AWS_AP10,2025-01-26 02:15:00,19.57,82.814,1008.976
AWS_AP10,2025-01-26 02:30:00,19.656,82.706,1008.794
AWS_AP10,2025-01-26 02:45:00,19.428,76.449,1009.309
AWS_AP10,2025-01-26 03:00:00,19.224,81.89,1009.31
AWS_AP10,2025-01-26 03:15:00,19.72,84.054,1008.706
AWS_AP10,2025-01-26 03:30:00,19.348,81.403,1008.437
AWS_AP10,2025-01-26 03:45:00,19.496,81.276,1008.756
AWS_AP10,2025-01-26 04:00:00,19.878,79.811,1009.591
AWS_AP10,2025-01-26 04:15:00,19.547,81.538,1008.948
AWS_AP10,2025-01-26 04:30:00,19.849,74.589,1008.902
AWS_AP10,2025-01-26 04:45:00,19.701,81.332,1008.662
AWS_AP10,2025-01-26 05:00:00,19.767,81.957,1009.483
AWS_AP10,2025-01-26 05:15:00,20.103,82.014,1008.429
AWS_AP10,2025-01-26 05:30:00,20.238,77.381,1009.581
AWS_AP10,2025-01-26 05:45:00,20.909,78.063,1009.234
AWS_AP10,2025-01-26 06:00:00,20.657,78.402,1009.217
AWS_AP10,2025-01-26 06:15:00,20.424,76.582,1009.467
AWS_AP10,2025-01-26 06:30:00,20.753,76.827,1010.138
AWS_AP10,2025-01-26 06:45:00,21.585,74.799,1010.272
AWS_AP10,2025-01-26 07:00:00,21.641,77.117,1009.88
AWS_AP10,2025-01-26 07:15:00,21.319,74.766,1010.565
AWS_AP10,2025-01-26 07:30:00,22.145,74.037,1010.303
AWS_AP10,2025-01-26 07:45:00,22.375,75.256,1010.965
AWS_AP10,2025-01-26 08:00:00,23.458,75.688,1010.474
AWS_AP10,2025-01-26 08:15:00,22.984,72.38,1010.815
AWS_AP10,2025-01-26 08:30:00,22.923,70.694,1010.603
AWS_AP10,2025-01-26 08:45:00,22.967,68.739,1011.289
AWS_AP10,2025-01-26 09:00:00,23.3,69.262,1011.194
AWS_AP10,2025-01-26 09:15:00,24.055,73.059,1011.283
AWS_AP10,2025-01-26 09:30:00,23.989,69.84,1011.296
AWS_AP10,2025-01-26 09:45:00,24.634,67.229,1011.434
AWS_AP10,2025-01-26 10:00:00,24.365,66.796,1011.476
AWS_AP10,2025-01-26 10:15:00,24.877,69.442,1012.145
AWS_AP10,2025-01-26 10:30:00,24.73,62.434,1010.938
AWS_AP10,2025-01-26 10:45:00,25.536,65.71,1011.785
AWS_AP10,2025-01-26 11:00:00,25.942,65.502,1010.974
AWS_AP10,2025-01-26 11:15:00,26.395,62.929,1010.849
AWS_AP10,2025-01-26 11:30:00,26.311,67.032,1010.814
AWS_AP10,2025-01-26 11:45:00,25.88,62.88,1010.679
AWS_AP10,2025-01-26 12:00:00,27.129,61.828,1011.028
AWS_AP10,2025-01-26 12:15:00,26.717,58.399,1010.694
AWS_AP10,2025-01-26 12:30:00,26.459,61.816,1010.527
AWS_AP10,2025-01-26 12:45:00,27.108,57.805,1010.189
AWS_AP10,2025-01-26 13:00:00,27.109,58.302,1009.115
AWS_AP10,2025-01-26 13:15:00,27.105,59.382,1009.932
AWS_AP10,2025-01-26 13:30:00,27.305,63.025,1009.454
AWS_AP10,2025-01-26 13:45:00,27.25,61.004,1009.971
AWS_AP10,2025-01-26 14:00:00,27.993,55.925,1009.728
AWS_AP10,2025-01-26 14:15:00,27.372,60.286,1009.934
AWS_AP10,2025-01-26 14:30:00,27.901,56.332,1008.948
AWS_AP10,2025-01-26 14:45:00,27.959,61.487,1009.767
AWS_AP10,2025-01-26 15:00:00,27.701,58.715,1009.32
AWS_AP10,2025-01-26 15:15:00,27.212,61.628,1008.213
AWS_AP10,2025-01-26 15:30:00,27.313,55.794,1009.138
AWS_AP10,2025-01-26 15:45:00,27.353,57.658,1008.553
AWS_AP10,2025-01-26 16:00:00,27.051,58.08,1009.05
AWS_AP10,2025-01-26 16:15:00,26.485,62.158,1009.087
AWS_AP10,2025-01-26 16:30:00,27.482,55.887,1008.684
AWS_AP10,2025-01-26 16:45:00,27.682,59.735,1009.581
AWS_AP10,2025-01-26 17:00:00,27.012,60.666,1008.947
AWS_AP10,2025-01-26 17:15:00,26.303,62.013,1008.835
AWS_AP10,2025-01-26 17:30:00,26.609,62.221,1009.316
AWS_AP10,2025-01-26 17:45:00,26.81,59.547,1009.418
AWS_AP10,2025-01-26 18:00:00,26.72,61.764,1009.252
AWS_AP10,2025-01-26 18:15:00,26.112,60.003,1009.52
AWS_AP10,2025-01-26 18:30:00,25.907,60.203,1009.943
AWS_AP10,2025-01-26 18:45:00,25.727,62.494,1009.84
AWS_AP10,2025-01-26 19:00:00,25.507,65.423,1010.523
AWS_AP10,2025-01-26 19:15:00,25.428,63.667,1009.674
AWS_AP10,2025-01-26 19:30:00,24.846,65.236,1011.473
AWS_AP10,2025-01-26 19:45:00,24.766,67.423,1010.551
AWS_AP10,2025-01-26 20:00:00,24.458,64.676,1010.932
AWS_AP10,2025-01-26 20:15:00,24.517,65.018,1011.114
AWS_AP10,2025-01-26 20:30:00,24.082,67.34,1010.906
AWS_AP10,2025-01-26 20:45:00,23.972,66.419,1011.195
AWS_AP10,2025-01-26 21:00:00,23.628,67.846,1011.294
AWS_AP10,2025-01-26 21:15:00,23.515,75.814,1011.396
AWS_AP10,2025-01-26 21:30:00,22.739,69.173,1010.597
AWS_AP10,2025-01-26 21:45:00,22.459,72.485,1011.974
AWS_AP10,2025-01-26 22:00:00,21.941,74.203,1011.741
AWS_AP10,2025-01-26 22:15:00,21.953,73.882,1011.639
AWS_AP10,2025-01-26 22:30:00,22.153,73.885,1011.226
AWS_AP10,2025-01-26 22:45:00,21.868,74.086,1011.013
AWS_AP10,2025-01-26 23:00:00,21.414,73.168,1011.754
AWS_AP10,2025-01-26 23:15:00,20.983,75.95,1011.374
AWS_AP10,2025-01-26 23:30:00,20.693,75.47,1011.406
AWS_AP10,2025-01-26 23:45:00,21.28,76.265,1011.745
AWS_AP10,2025-01-27 00:00:00,16.941,82.995,1009.41
AWS_AP10,2025-01-27 00:15:00,15.931,90.229,1009.157
AWS_AP10,2025-01-27 00:30:00,16.192,84.85,1008.943
AWS_AP10,2025-02-01 08:45:00,24.787,66.051,1011.048
AWS_AP10,2025-02-01 09:00:00,25.589,60.977,1011.012
AWS_AP10,2025-02-08 18:00:00,28.497,63.187,1007.997
AWS_AP10,2025-02-08 18:15:00,28.009,62.036,1007.947
AWS_AP10,2025-02-14 14:15:00,29.504,54.93,1007.525
AWS_AP10,2025-02-14 14:30:00,30.243,48.627,1007.288
AWS_AP10,2025-02-25 11:30:00,29.181,63.133,1008.487
AWS_AP10,2025-02-25 11:45:00,29.848,61.147,1008.183
AWS_AP10,2025-02-25 20:15:00,27.226,62.456,1008.7
AWS_AP10,2025-02-25 20:30:00,26.306,62.528,1008.474
AWS_AP10,2025-03-06 12:30:00,30.639,57.198,1008.455
AWS_AP10,2025-03-06 12:45:00,29.835,58.415,1008.114
AWS_AP10,2025-03-08 11:30:00,30.116,61.792,1008.272
AWS_AP10,2025-03-08 11:45:00,30.862,55.399,1007.017
AWS_AP10,2025-03-10 03:15:00,27.783,68.849,1004.971
AWS_AP10,2025-03-10 03:30:00,27.317,70.684,1004.909
AWS_AP10,2025-03-11 12:15:00,33.99,46.236,1007.309
AWS_AP10,2025-03-11 12:30:00,33.845,45.969,1006.622
AWS_AP10,2025-03-13 15:00:00,35.153,45.753,1006.922
AWS_AP10,2025-03-13 15:15:00,35.056,47.422,1005.914
AWS_AP10,2025-03-13 15:30:00,34.732,43.899,1006.165
AWS_AP10,2025-03-13 15:45:00,35.603,48.426,1006.063
AWS_AP10,2025-03-13 16:00:00,35.534,48.523,1005.99
AWS_AP10,2025-03-13 16:15:00,35.285,41.713,1006.237
AWS_AP10,2025-03-13 16:30:00,34.856,46.546,1006.035
AWS_AP10,2025-03-13 16:45:00,35.115,50.404,1005.847
AWS_AP10,2025-03-13 17:00:00,34.597,53.661,1006.335
AWS_AP10,2025-03-13 17:15:00,35.041,49.153,1006.494
AWS_AP10,2025-03-13 17:30:00,34.132,47.626,1005.957
AWS_AP10,2025-03-13 17:45:00,34.761,50.19,1006.793
AWS_AP10,2025-03-13 18:00:00,33.648,49.298,1006.573
AWS_AP10,2025-03-13 18:15:00,33.869,51.906,1006.297
AWS_AP10,2025-03-13 18:30:00,33.577,48.559,1007.499
AWS_AP10,2025-03-13 18:45:00,33.826,50.632,1008.037
AWS_AP10,2025-03-13 19:00:00,33.412,56.497,1007.367
AWS_AP10,2025-03-13 19:15:00,33.003,53.025,1007.65
AWS_AP10,2025-03-13 19:30:00,32.684,54.526,1008.142
AWS_AP10,2025-03-13 19:45:00,32.284,55.44,1007.823
AWS_AP10,2025-03-13 20:00:00,32.284,54.408,1008.819
AWS_AP10,2025-03-13 20:15:00,32.371,54.689,1008.509
AWS_AP10,2025-03-13 20:30:00,31.999,54.698,1008.416
AWS_AP10,2025-03-13 20:45:00,30.725,61.485,1008.707
AWS_AP10,2025-03-13 21:00:00,31.656,56.589,1008.638
AWS_AP10,2025-03-13 21:15:00,31.888,60.73,1008.454
AWS_AP10,2025-03-13 21:30:00,30.799,59.4,1008.485
AWS_AP10,2025-03-13 21:45:00,30.605,59.412,1008.318
AWS_AP10,2025-03-13 22:00:00,29.844,58.543,1008.456
AWS_AP10,2025-03-13 22:15:00,30.03,61.265,1008.271
AWS_AP10,2025-03-13 22:30:00,29.722,64.882,1008.616
AWS_AP10,2025-03-13 22:45:00,28.888,63.979,1007.968
AWS_AP10,2025-03-13 23:00:00,29.726,63.541,1008.815
AWS_AP10,2025-03-13 23:15:00,29.031,67.151,1008.49
AWS_AP10,2025-03-13 23:30:00,29.592,62.117,1008.115
AWS_AP10,2025-03-13 23:45:00,28.907,65.597,1008.18
AWS_AP10,2025-03-14 00:00:00,27.895,60.152,1006.724
AWS_AP10,2025-03-14 00:15:00,27.986,62.504,1007.046
AWS_AP10,2025-03-14 00:30:00,27.727,62.758,1006.214
AWS_AP10,2025-03-14 00:45:00,27.228,63.419,1006.822
AWS_AP10,2025-03-14 01:00:00,26.837,66.738,1006.046
AWS_AP10,2025-03-14 01:15:00,27.733,64.926,1005.762
AWS_AP10,2025-03-14 01:30:00,26.944,67.532,1005.726
AWS_AP10,2025-03-14 01:45:00,27.067,64.085,1005.804
AWS_AP10,2025-03-14 02:00:00,26.924,68.267,1005.113
AWS_AP10,2025-03-14 02:15:00,26.426,70.229,1005.392
AWS_AP10,2025-03-14 02:30:00,26.781,66.713,1005.65
AWS_AP10,2025-03-14 02:45:00,27.085,65.013,1004.482
AWS_AP10,2025-03-14 03:00:00,26.764,68.869,1004.983
AWS_AP10,2025-03-14 03:15:00,26.854,67.583,1005.251
AWS_AP10,2025-03-14 03:30:00,26.784,68.237,1004.772
AWS_AP10,2025-03-14 03:45:00,26.811,64.708,1004.563
AWS_AP10,2025-03-14 04:00:00,27.467,66.555,1004.782
AWS_AP10,2025-03-14 04:15:00,27.16,66.107,1005.046
AWS_AP10,2025-03-14 04:30:00,27.615,65.974,1005.398
AWS_AP10,2025-03-14 04:45:00,27.322,64.998,1004.923
AWS_AP10,2025-03-14 05:00:00,27.356,64.74,1003.684
AWS_AP10,2025-03-14 05:15:00,27.545,64.768,1004.781
AWS_AP10,2025-03-14 05:30:00,27.438,64.575,1004.064
AWS_AP10,2025-03-14 05:45:00,27.917,63.625,1005.435
AWS_AP10,2025-03-14 06:00:00,28.382,66.862,1005.525
AWS_AP10,2025-03-14 06:15:00,28.384,64.032,1005.847
AWS_AP10,2025-03-14 06:30:00,28.617,57.169,1005.115
AWS_AP10,2025-03-14 06:45:00,28.668,65.778,1005.248
AWS_AP10,2025-03-14 07:00:00,29.374,57.462,1006.15
AWS_AP10,2025-03-14 07:15:00,29.092,61.299,1004.758
AWS_AP10,2025-03-14 07:30:00,29.383,63.47,1006.611
AWS_AP10,2025-03-14 07:45:00,29.566,60.839,1006.095
AWS_AP10,2025-03-14 08:00:00,29.346,54.583,1006.394
AWS_AP10,2025-03-14 08:15:00,30.506,56.826,1006.236
AWS_AP10,2025-03-14 08:30:00,30.376,57.361,1007.122
AWS_AP10,2025-03-14 08:45:00,30.763,56.942,1007.276
AWS_AP10,2025-03-14 09:00:00,31.107,57.462,1007.538
AWS_AP10,2025-03-14 09:15:00,31.051,55.934,1006.834
AWS_AP10,2025-03-14 09:30:00,31.582,52.476,1007.088
AWS_AP10,2025-03-14 09:45:00,31.815,54.375,1007.539
AWS_AP10,2025-03-14 10:00:00,31.689,54.282,1007.133
AWS_AP10,2025-03-14 10:15:00,32.615,49.724,1007.331
AWS_AP10,2025-03-14 10:30:00,32.022,51.9,1007.18
AWS_AP10,2025-03-14 10:45:00,32.513,52.355,1007.222
AWS_AP10,2025-03-14 11:00:00,33.322,46.799,1006.819
AWS_AP10,2025-03-14 11:15:00,33.149,50.171,1006.296
AWS_AP10,2025-03-14 11:30:00,33.421,46.187,1007.31
AWS_AP10,2025-03-14 11:45:00,33.582,44.652,1006.063
AWS_AP10,2025-03-14 12:00:00,33.954,48.527,1007.034
AWS_AP10,2025-03-14 12:15:00,33.839,47.506,1005.742
AWS_AP10,2025-03-14 12:30:00,34.44,48.055,1006.753
AWS_AP10,2025-03-14 12:45:00,34.289,44.144,1006.351
AWS_AP10,2025-03-14 13:00:00,35.215,44.846,1005.886
AWS_AP10,2025-03-14 13:15:00,34.125,43.173,1005.801
AWS_AP10,2025-03-14 13:30:00,34.511,40.377,1006.025
AWS_AP10,2025-03-14 13:45:00,34.86,42.004,1005.166
AWS_AP10,2025-03-14 14:00:00,34.158,42.823,1005.174
AWS_AP10,2025-03-14 14:15:00,34.46,41.221,1005.446
AWS_AP10,2025-03-14 14:30:00,35.098,41.841,1004.6
AWS_AP10,2025-03-14 14:45:00,35.303,45.876,1004.663
AWS_AP10,2025-03-14 15:00:00,35.277,40.821,1004.954
AWS_AP10,2025-03-28 06:00:00,25.43,72.644,1004.018
AWS_AP10,2025-03-28 06:15:00,25.422,67.577,1005.069
AWS_AP10,2025-04-01 12:00:00,31.807,55.208,1005.501
AWS_AP10,2025-04-01 12:15:00,32.485,54.877,1005.262
AWS_AP10,2025-04-03 09:15:00,27.903,62.639,1005.617
AWS_AP10,2025-04-03 09:30:00,28.626,62.795,1005.096
AWS_AP10,2025-04-16 02:30:00,33.645,68.68,1000.475
AWS_AP10,2025-04-16 02:45:00,33.746,70.226,1000.44
AWS_AP10,2025-04-20 13:15:00,35.4,52.888,1004.369
AWS_AP10,2025-04-20 13:30:00,35.744,49.338,1003.341
AWS_AP10,2025-04-20 13:45:00,35.471,48.411,1003.01
AWS_AP10,2025-04-20 14:00:00,35.554,48.084,1004.269
AWS_AP10,2025-04-20 14:15:00,35.568,52.071,1003.258
AWS_AP10,2025-04-20 14:30:00,36.182,50.397,1003.082
AWS_AP10,2025-04-20 14:45:00,35.516,49.919,1002.75
AWS_AP10,2025-04-20 15:00:00,35.506,50.849,1003.027
AWS_AP10,2025-04-20 15:15:00,35.544,52.441,1003.083
AWS_AP10,2025-04-20 15:30:00,35.614,51.776,1002.645
AWS_AP10,2025-04-20 15:45:00,35.485,49.088,1002.459
AWS_AP10,2025-04-20 16:00:00,35.631,49.97,1003.04
AWS_AP10,2025-04-20 16:15:00,36.21,51.287,1002.946
AWS_AP10,2025-04-20 16:30:00,35.505,47.791,1002.927
AWS_AP10,2025-04-20 16:45:00,35.332,50.762,1002.334
AWS_AP10,2025-04-20 17:00:00,35.6,53.794,1002.747
AWS_AP10,2025-04-20 17:15:00,35.49,55.033,1002.169
AWS_AP10,2025-04-20 17:30:00,34.414,51.085,1003.089
AWS_AP10,2025-04-20 17:45:00,35.224,51.418,1002.993
AWS_AP10,2025-04-20 18:00:00,34.344,52.883,1003.268
AWS_AP10,2025-04-20 18:15:00,34.49,53.707,1003.07
AWS_AP10,2025-04-20 18:30:00,34.44,55.162,1003.487
AWS_AP10,2025-04-20 18:45:00,33.932,52.029,1003.981
AWS_AP10,2025-04-20 19:00:00,33.623,55.973,1003.787
AWS_AP10,2025-04-20 19:15:00,34.231,57.03,1003.501
AWS_AP10,2025-04-20 19:30:00,33.102,58.052,1004.351
AWS_AP10,2025-04-20 19:45:00,32.826,61.0,1004.546
AWS_AP10,2025-04-20 20:00:00,32.39,58.674,1004.52
AWS_AP10,2025-04-20 20:15:00,32.387,61.038,1004.363
AWS_AP10,2025-04-20 20:30:00,32.098,59.428,1005.058
AWS_AP10,2025-04-20 20:45:00,31.902,58.354,1004.558
AWS_AP10,2025-04-20 21:00:00,32.185,62.245,1004.545
AWS_AP10,2025-04-20 21:15:00,31.153,64.52,1004.801
AWS_AP10,2025-04-20 21:30:00,31.827,62.641,1005.566
AWS_AP10,2025-04-20 21:45:00,31.267,60.337,1005.532
AWS_AP10,2025-04-20 22:00:00,30.817,64.17,1005.572
AWS_AP10,2025-04-20 22:15:00,30.213,67.441,1004.926
AWS_AP10,2025-04-20 22:30:00,30.127,65.328,1005.317
AWS_AP10,2025-04-20 22:45:00,29.699,68.922,1004.854
AWS_AP10,2025-04-20 23:00:00,29.709,68.108,1004.878
AWS_AP10,2025-04-20 23:15:00,29.324,68.966,1004.442
AWS_AP10,2025-04-20 23:30:00,29.102,68.717,1004.877
AWS_AP10,2025-04-20 23:45:00,30.019,74.372,1004.569
AWS_AP10,2025-04-21 00:00:00,27.841,69.578,1003.285
AWS_AP10,2025-04-21 00:15:00,28.439,67.972,1003.551
AWS_AP10,2025-04-21 00:30:00,28.007,71.655,1003.57
AWS_AP10,2025-04-21 00:45:00,28.01,70.21,1001.716
AWS_AP10,2025-04-21 01:00:00,27.437,69.989,1002.554
AWS_AP10,2025-04-21 01:15:00,27.376,70.349,1002.606
AWS_AP10,2025-04-21 01:30:00,27.524,72.983,1002.069
AWS_AP10,2025-04-21 01:45:00,26.908,67.587,1001.911
AWS_AP10,2025-04-21 02:00:00,26.835,70.294,1002.379
AWS_AP10,2025-04-21 02:15:00,26.919,76.185,1001.517
AWS_AP10,2025-04-21 02:30:00,26.926,94.358,1001.887
AWS_AP10,2025-04-21 02:45:00,27.04,75.31,1001.495
AWS_AP10,2025-04-21 03:00:00,26.758,77.373,1001.588
AWS_AP10,2025-04-21 03:15:00,26.812,77.011,1001.766
AWS_AP10,2025-04-21 03:30:00,26.701,69.297,1001.839
AWS_AP10,2025-04-21 03:45:00,27.296,71.333,1001.793
AWS_AP10,2025-04-21 04:00:00,27.422,73.045,1000.891
AWS_AP10,2025-04-21 04:15:00,27.174,72.428,1001.623
AWS_AP10,2025-04-21 04:30:00,27.108,77.332,1001.416
AWS_AP10,2025-04-21 04:45:00,27.402,71.565,1001.968
AWS_AP10,2025-04-21 05:00:00,27.359,71.875,1001.548
AWS_AP10,2025-04-21 05:15:00,27.733,75.794,1000.588
AWS_AP10,2025-04-21 05:30:00,27.632,70.969,1001.45
AWS_AP10,2025-04-21 05:45:00,27.92,71.517,1002.555
AWS_AP10,2025-04-21 06:00:00,28.01,71.058,1002.015
AWS_AP10,2025-04-21 06:15:00,28.781,67.226,1002.223
AWS_AP10,2025-04-21 06:30:00,28.38,68.206,1002.307
AWS_AP10,2025-04-21 06:45:00,28.546,70.629,1002.817
AWS_AP10,2025-04-21 07:00:00,29.332,67.703,1003.005
AWS_AP10,2025-04-21 07:15:00,29.075,70.622,1002.2
AWS_AP10,2025-04-21 07:30:00,29.157,67.8,1003.07
AWS_AP10,2025-04-21 07:45:00,29.941,64.54,1003.619
AWS_AP10,2025-04-21 08:00:00,29.803,67.084,1003.261
AWS_AP10,2025-04-21 08:15:00,30.272,61.881,1004.351
AWS_AP10,2025-04-21 08:30:00,29.865,64.11,1003.312
AWS_AP10,2025-04-21 08:45:00,30.556,62.075,1003.519
AWS_AP10,2025-04-21 09:00:00,30.928,61.412,1002.948
AWS_AP10,2025-04-21 09:15:00,31.185,61.396,1003.59
AWS_AP10,2025-04-21 09:30:00,31.392,58.709,1003.719
AWS_AP10,2025-04-21 09:45:00,32.044,58.408,1004.087
AWS_AP10,2025-04-21 10:00:00,32.566,59.933,1003.866
AWS_AP10,2025-04-21 10:15:00,33.174,58.392,1004.743
AWS_AP10,2025-04-21 10:30:00,32.31,56.368,1004.113
AWS_AP10,2025-04-21 10:45:00,32.249,56.5,1003.544
AWS_AP10,2025-04-21 11:00:00,32.845,60.215,1003.176
AWS_AP10,2025-04-21 11:15:00,33.386,57.799,1003.243
AWS_AP10,2025-04-21 11:30:00,33.448,48.135,1003.552
AWS_AP10,2025-04-21 11:45:00,33.752,49.991,1003.116
AWS_AP10,2025-04-21 12:00:00,33.531,52.113,1003.094
AWS_AP10,2025-04-21 12:15:00,33.693,52.786,1003.571
AWS_AP10,2025-04-21 12:30:00,34.342,50.419,1002.353
AWS_AP10,2025-04-21 12:45:00,34.455,51.564,1002.531
AWS_AP10,2025-04-21 13:00:00,34.546,52.34,1002.107
AWS_AP10,2025-04-21 13:15:00,34.271,51.586,1015.656
AWS_AP10,2025-04-22 02:00:00,25.47,72.289,1002.888
AWS_AP10,2025-04-22 02:15:00,24.868,75.358,1002.739
AWS_AP10,2025-05-07 17:45:00,33.457,60.156,1001.843
AWS_AP10,2025-05-07 18:00:00,33.295,59.244,1001.775
AWS_AP10,2025-05-07 21:30:00,29.819,65.325,1003.644
AWS_AP10,2025-05-07 21:45:00,29.662,68.778,1002.938
AWS_AP10,2025-05-10 14:45:00,34.775,56.264,998.39
AWS_AP10,2025-05-10 15:00:00,34.941,53.938,998.354
AWS_AP10,2025-05-13 03:00:00,27.581,76.673,999.885
AWS_AP10,2025-05-13 03:15:00,28.32,78.323,999.033
AWS_AP10,2025-05-16 09:30:00,32.829,69.436,1002.813
AWS_AP10,2025-05-16 09:45:00,32.826,69.839,1003.239
AWS_AP10,2025-05-17 00:45:00,26.999,79.944,1000.803
AWS_AP10,2025-05-17 01:00:00,26.313,76.893,1000.958
AWS_AP10,2025-05-18 17:00:00,34.633,60.886,999.01
AWS_AP10,2025-05-18 17:15:00,34.563,61.411,999.266
AWS_AP10,2025-05-20 13:45:00,34.684,56.354,999.049
AWS_AP10,2025-05-20 14:00:00,34.827,59.387,999.119
AWS_AP10,2025-05-20 14:15:00,34.593,54.057,998.342
AWS_AP10,2025-05-20 14:30:00,34.998,54.065,998.098
AWS_AP10,2025-05-20 14:45:00,34.748,56.053,997.759
AWS_AP10,2025-05-20 15:00:00,34.868,56.515,998.445
AWS_AP10,2025-05-20 15:15:00,34.776,58.808,998.543
AWS_AP10,2025-05-20 15:30:00,34.782,55.741,998.009
AWS_AP10,2025-05-20 15:45:00,34.432,56.623,997.89
AWS_AP10,2025-05-20 16:00:00,34.028,56.097,998.62
AWS_AP10,2025-05-20 16:15:00,34.306,52.949,997.957
AWS_AP10,2025-05-20 16:30:00,34.791,60.396,997.695
AWS_AP10,2025-05-20 16:45:00,34.426,54.612,997.977
AWS_AP10,2025-05-20 17:00:00,34.186,63.493,998.217
AWS_AP10,2025-05-20 17:15:00,34.256,59.95,998.121
AWS_AP10,2025-05-20 17:30:00,33.904,56.346,998.74
AWS_AP10,2025-05-20 17:45:00,33.612,58.835,998.079
AWS_AP10,2025-05-20 18:00:00,33.342,56.526,999.092
AWS_AP10,2025-05-20 18:15:00,32.965,59.32,998.601
AWS_AP10,2025-05-20 18:30:00,33.335,60.46,999.405
AWS_AP10,2025-05-20 18:45:00,32.773,58.851,999.214
AWS_AP10,2025-05-20 19:00:00,32.709,60.108,999.819
AWS_AP10,2025-05-20 19:15:00,32.389,59.9,999.227
AWS_AP10,2025-05-20 19:30:00,31.956,62.058,998.94
AWS_AP10,2025-05-20 19:45:00,32.596,67.201,998.96
AWS_AP10,2025-05-20 20:00:00,32.241,63.11,999.774
AWS_AP10,2025-05-20 20:15:00,32.144,66.842,1000.287
AWS_AP10,2025-05-20 20:30:00,31.453,63.531,999.922
AWS_AP10,2025-05-20 20:45:00,30.866,66.915,999.969
AWS_AP10,2025-05-20 21:00:00,30.843,69.643,1001.388
AWS_AP10,2025-05-20 21:15:00,30.678,69.562,1000.577
AWS_AP10,2025-05-20 21:30:00,30.378,66.984,1000.672
AWS_AP10,2025-05-20 21:45:00,29.676,69.376,999.593
AWS_AP10,2025-05-20 22:00:00,29.523,74.713,999.744
AWS_AP10,2025-05-20 22:15:00,29.088,76.154,1000.414
AWS_AP10,2025-05-20 22:30:00,28.644,74.957,999.963
AWS_AP10,2025-05-20 22:45:00,29.55,74.921,1001.041
AWS_AP10,2025-05-20 23:00:00,28.71,70.919,1001.001
AWS_AP10,2025-05-20 23:15:00,28.557,74.903,1000.502
AWS_AP10,2025-05-20 23:30:00,28.266,74.825,1000.2
AWS_AP10,2025-05-20 23:45:00,27.626,75.167,999.699
AWS_AP10,2025-05-21 00:00:00,28.898,75.464,1000.092
AWS_AP10,2025-05-21 00:15:00,28.796,78.575,999.97
AWS_AP10,2025-05-21 00:30:00,28.342,77.736,1000.337
AWS_AP10,2025-05-21 00:45:00,28.459,81.238,1000.0
AWS_AP10,2025-05-21 01:00:00,28.565,80.689,999.772
AWS_AP10,2025-05-21 01:15:00,27.901,81.676,999.195
AWS_AP10,2025-05-21 01:30:00,27.513,83.845,1000.164
AWS_AP10,2025-05-21 01:45:00,28.112,82.965,1000.538
AWS_AP10,2025-05-21 02:00:00,27.933,82.769,999.083
AWS_AP10,2025-05-21 02:15:00,27.837,80.533,999.597
AWS_AP10,2025-05-21 02:30:00,26.867,80.972,998.927
AWS_AP10,2025-05-21 02:45:00,27.788,83.793,999.33
AWS_AP10,2025-05-21 03:00:00,27.833,82.166,998.741
AWS_AP10,2025-05-21 03:15:00,27.612,80.802,998.317
AWS_AP10,2025-05-21 03:30:00,27.087,79.924,999.193
AWS_AP10,2025-05-21 03:45:00,27.404,82.89,998.934
AWS_AP10,2025-05-21 04:00:00,27.861,81.417,998.518
AWS_AP10,2025-05-21 04:15:00,28.026,82.493,998.702
AWS_AP10,2025-05-21 04:30:00,27.56,79.249,999.181
AWS_AP10,2025-05-21 04:45:00,27.835,78.569,999.544
AWS_AP10,2025-05-21 05:00:00,27.816,79.972,998.952
AWS_AP10,2025-05-21 05:15:00,28.873,81.495,999.189
AWS_AP10,2025-05-21 05:30:00,27.92,80.281,999.717
AWS_AP10,2025-05-21 05:45:00,28.715,80.758,999.145
AWS_AP10,2025-05-21 06:00:00,29.239,81.2,1000.103
AWS_AP10,2025-05-21 06:15:00,29.486,79.923,1000.106
AWS_AP10,2025-05-21 06:30:00,29.858,74.871,1000.016
AWS_AP10,2025-05-21 06:45:00,29.716,72.371,999.761
AWS_AP10,2025-05-21 07:00:00,29.877,75.412,999.962
AWS_AP10,2025-05-21 07:15:00,29.878,72.396,1000.749
AWS_AP10,2025-05-21 07:30:00,29.961,77.838,1001.441
AWS_AP10,2025-05-21 07:45:00,30.398,72.663,1000.115
AWS_AP10,2025-05-21 08:00:00,30.382,68.302,1001.026
AWS_AP10,2025-05-21 08:15:00,30.226,71.312,1001.159
AWS_AP10,2025-05-21 08:30:00,31.298,71.329,1001.446
AWS_AP10,2025-05-21 08:45:00,31.785,72.141,1001.278
AWS_AP10,2025-05-21 09:00:00,31.266,69.241,1000.934
AWS_AP10,2025-05-21 09:15:00,31.696,70.14,1000.801
AWS_AP10,2025-05-21 09:30:00,32.637,66.198,1001.61
AWS_AP10,2025-05-21 09:45:00,32.388,67.295,1001.563
AWS_AP10,2025-05-21 10:00:00,32.381,67.094,1001.006
AWS_AP10,2025-05-21 10:15:00,32.655,67.366,1001.743
AWS_AP10,2025-05-21 10:30:00,32.653,66.06,1001.366
AWS_AP10,2025-05-21 10:45:00,33.375,66.846,1000.934
AWS_AP10,2025-05-21 11:00:00,33.162,63.603,1001.003
AWS_AP10,2025-05-21 11:15:00,34.102,65.707,1001.727
AWS_AP10,2025-05-21 11:30:00,33.936,60.674,1000.833
AWS_AP10,2025-05-21 11:45:00,33.676,61.863,1001.003
AWS_AP10,2025-05-21 12:00:00,34.185,62.763,1000.695
AWS_AP10,2025-05-21 12:15:00,34.403,58.448,1001.139
AWS_AP10,2025-05-21 12:30:00,34.587,59.038,1000.576
AWS_AP10,2025-05-21 12:45:00,34.301,60.124,999.574
AWS_AP10,2025-05-21 13:00:00,35.24,61.162,1000.28
AWS_AP10,2025-05-21 13:15:00,34.891,61.878,999.564
AWS_AP10,2025-05-21 13:30:00,35.429,57.223,999.792
AWS_AP10,2025-05-21 13:45:00,54.763,56.454,999.286
AWS_AP10,2025-05-30 15:15:00,35.017,62.96,998.574
AWS_AP10,2025-05-30 15:30:00,35.168,62.599,998.564
AWS_AP10,2025-05-30 15:45:00,35.055,61.417,998.0
AWS_AP10,2025-05-30 16:00:00,35.387,61.377,998.425
AWS_AP10,2025-05-30 16:15:00,34.851,62.353,998.428
AWS_AP10,2025-05-30 16:30:00,35.344,63.458,997.664
AWS_AP10,2025-05-30 16:45:00,34.79,60.12,998.709
AWS_AP10,2025-05-30 17:00:00,34.9,63.104,998.701
AWS_AP10,2025-05-30 17:15:00,34.382,64.905,999.064
AWS_AP10,2025-05-30 17:30:00,34.133,62.492,998.671
AWS_AP10,2025-05-30 17:45:00,34.417,62.084,998.53
AWS_AP10,2025-05-30 18:00:00,34.288,67.54,999.159
AWS_AP10,2025-05-30 18:15:00,33.633,63.951,999.716
AWS_AP10,2025-05-30 18:30:00,33.835,65.825,999.205
AWS_AP10,2025-05-30 18:45:00,34.013,70.21,999.616
AWS_AP10,2025-05-30 19:00:00,33.115,64.525,999.247
AWS_AP10,2025-05-30 19:15:00,33.601,75.348,999.324
AWS_AP10,2025-05-30 19:30:00,33.269,69.401,999.813
AWS_AP10,2025-05-30 19:45:00,33.265,69.8,1000.273
AWS_AP10,2025-05-30 20:00:00,32.123,66.986,1000.18
AWS_AP10,2025-05-30 20:15:00,32.389,69.775,999.823
AWS_AP10,2025-05-30 20:30:00,32.182,72.515,1000.778
AWS_AP10,2025-05-30 20:45:00,31.568,76.242,1000.244
AWS_AP10,2025-05-30 21:00:00,31.276,74.184,1000.628
AWS_AP10,2025-05-30 21:15:00,31.357,74.232,1000.377
AWS_AP10,2025-05-30 21:30:00,30.813,76.114,1000.909
AWS_AP10,2025-05-30 21:45:00,30.655,78.722,1000.654
AWS_AP10,2025-05-30 22:00:00,30.589,80.385,1000.701
AWS_AP10,2025-05-30 22:15:00,30.073,77.787,1001.067
AWS_AP10,2025-05-30 22:30:00,30.245,76.821,1000.36
AWS_AP10,2025-05-30 22:45:00,29.967,78.581,1000.316
AWS_AP10,2025-05-30 23:00:00,29.686,81.555,1000.283
AWS_AP10,2025-05-30 23:15:00,29.021,78.022,1000.621
AWS_AP10,2025-05-30 23:30:00,29.168,79.892,1001.095
AWS_AP10,2025-05-30 23:45:00,29.278,80.677,1000.331
AWS_AP10,2025-05-31 00:00:00,28.288,81.159,1000.634
AWS_AP10,2025-05-31 00:15:00,28.634,83.866,1000.661
AWS_AP10,2025-05-31 00:30:00,28.046,82.594,999.636
AWS_AP10,2025-05-31 00:45:00,27.67,84.946,1000.24
AWS_AP10,2025-05-31 01:00:00,27.86,87.424,999.044
AWS_AP10,2025-05-31 01:15:00,27.122,82.03,999.336
AWS_AP10,2025-05-31 01:30:00,27.924,81.334,999.526
AWS_AP10,2025-05-31 01:45:00,27.524,84.599,999.478
AWS_AP10,2025-05-31 02:00:00,27.481,86.511,998.802
AWS_AP10,2025-05-31 02:15:00,27.4,84.214,999.138
AWS_AP10,2025-05-31 02:30:00,27.462,87.596,999.1
AWS_AP10,2025-05-31 02:45:00,27.893,80.826,998.822
AWS_AP10,2025-05-31 03:00:00,27.323,80.82,999.476
AWS_AP10,2025-05-31 03:15:00,27.253,86.737,998.663
AWS_AP10,2025-05-31 03:30:00,27.912,85.781,999.652
AWS_AP10,2025-05-31 03:45:00,27.783,83.877,998.365
AWS_AP10,2025-05-31 04:00:00,27.42,88.673,998.803
AWS_AP10,2025-05-31 04:15:00,27.316,84.919,998.36
AWS_AP10,2025-05-31 04:30:00,27.408,82.408,998.549
AWS_AP10,2025-05-31 04:45:00,27.816,83.862,998.845
AWS_AP10,2025-05-31 05:00:00,28.142,83.951,999.142
AWS_AP10,2025-05-31 05:15:00,28.221,86.058,998.319
AWS_AP10,2025-05-31 05:30:00,27.769,81.236,998.584
AWS_AP10,2025-05-31 05:45:00,28.587,81.139,999.471
AWS_AP10,2025-05-31 06:00:00,28.421,81.583,1000.084
AWS_AP10,2025-05-31 06:15:00,28.801,82.121,999.765
AWS_AP10,2025-05-31 06:30:00,28.723,80.81,999.585
AWS_AP10,2025-05-31 06:45:00,28.793,79.287,999.463
AWS_AP10,2025-05-31 07:00:00,29.547,79.734,999.768
AWS_AP10,2025-05-31 07:15:00,29.287,76.77,999.782
AWS_AP10,2025-05-31 07:30:00,29.879,79.217,1000.486
AWS_AP10,2025-05-31 07:45:00,29.9,75.029,1000.634
AWS_AP10,2025-05-31 08:00:00,30.045,76.296,1000.0
AWS_AP10,2025-05-31 08:15:00,30.19,77.982,1000.657
AWS_AP10,2025-05-31 08:30:00,30.558,73.62,1001.235
AWS_AP10,2025-05-31 08:45:00,30.646,75.699,1000.961
AWS_AP10,2025-05-31 09:00:00,31.186,71.753,1000.846
AWS_AP10,2025-05-31 09:15:00,31.403,70.247,1000.736
AWS_AP10,2025-05-31 09:30:00,31.364,73.789,1000.955
AWS_AP10,2025-05-31 09:45:00,31.803,73.785,1001.54
AWS_AP10,2025-05-31 10:00:00,32.198,72.071,1001.54
AWS_AP10,2025-05-31 10:15:00,32.77,70.94,1001.46
AWS_AP10,2025-05-31 10:30:00,32.604,69.36,1000.859
AWS_AP10,2025-05-31 10:45:00,33.091,65.037,1001.212
AWS_AP10,2025-05-31 11:00:00,33.113,69.382,1000.484
AWS_AP10,2025-05-31 11:15:00,33.393,66.617,1001.094
AWS_AP10,2025-05-31 11:30:00,33.11,65.258,1000.678
AWS_AP10,2025-05-31 11:45:00,33.641,67.01,1000.517
AWS_AP10,2025-05-31 12:00:00,33.548,64.955,1000.046
AWS_AP10,2025-05-31 12:15:00,33.743,66.627,1000.109
AWS_AP10,2025-05-31 12:30:00,33.687,65.589,1000.655
AWS_AP10,2025-05-31 12:45:00,35.049,62.623,999.987
AWS_AP10,2025-05-31 13:00:00,34.501,64.314,999.941
AWS_AP10,2025-05-31 13:15:00,34.25,65.436,999.83
AWS_AP10,2025-05-31 13:30:00,34.005,64.378,999.309
AWS_AP10,2025-05-31 13:45:00,34.458,63.117,999.404
AWS_AP10,2025-05-31 14:00:00,34.809,63.843,999.503
AWS_AP10,2025-05-31 14:15:00,34.748,59.356,998.979
AWS_AP10,2025-05-31 14:30:00,35.006,60.756,998.959
AWS_AP10,2025-05-31 14:45:00,34.723,64.785,998.43
AWS_AP10,2025-05-31 15:00:00,34.733,63.24,998.695
AWS_AP10,2025-05-31 15:15:00,20.385,65.008,999.385
AWS_AP10,2025-05-31 23:00:00,29.118,80.952,1001.338
AWS_AP10,2025-05-31 23:15:00,28.714,79.971,1000.688
AWS_AP10,2025-06-19 10:45:00,31.355,74.471,999.758
AWS_AP10,2025-06-19 11:00:00,31.531,69.859,1000.208
AWS_AP10,2025-06-22 11:00:00,30.349,68.391,999.538
AWS_AP10,2025-06-22 11:15:00,30.793,68.926,999.188
AWS_AP10,2025-06-23 01:45:00,25.57,90.524,998.761
AWS_AP10,2025-06-23 02:00:00,25.618,94.853,998.51
AWS_AP10,2025-06-26 11:45:00,30.67,71.353,999.834
AWS_AP10,2025-06-26 12:00:00,31.828,68.76,999.559
AWS_AP10,2025-06-27 00:45:00,26.782,88.191,1000.128
AWS_AP10,2025-06-27 01:00:00,27.006,90.417,999.552
AWS_AP10,2025-07-04 06:30:00,26.151,84.298,998.35
AWS_AP10,2025-07-04 06:45:00,26.254,86.745,998.189
AWS_AP10,2025-07-10 05:45:00,24.848,92.134,999.201
AWS_AP10,2025-07-10 06:00:00,25.719,92.498,999.363
AWS_AP10,2025-07-10 14:30:00,30.762,68.92,998.601
AWS_AP10,2025-07-10 14:45:00,30.925,70.327,998.526
AWS_AP10,2025-07-15 03:15:00,25.172,96.74,997.606
AWS_AP10,2025-07-15 03:30:00,25.32,97.603,998.027
AWS_AP10,2025-07-15 11:45:00,30.859,77.776,999.909
AWS_AP10,2025-07-15 12:00:00,30.267,78.797,1000.304
AWS_AP10,2025-07-21 23:15:00,25.627,86.566,1000.706
AWS_AP10,2025-07-21 23:30:00,26.105,90.806,1000.511
AWS_AP10,2025-07-22 08:00:00,26.903,90.958,1000.379
AWS_AP10,2025-07-22 08:15:00,27.947,88.985,1000.886
AWS_AP10,2025-08-12 04:15:00,25.198,100.0,998.553
AWS_AP10,2025-08-12 04:30:00,25.406,97.237,998.177
AWS_AP10,2025-08-12 20:45:00,28.292,86.59,1000.568
AWS_AP10,2025-08-12 21:00:00,27.93,84.835,1000.782
AWS_AP10,2025-08-15 10:30:00,29.096,77.081,1002.639
AWS_AP10,2025-08-15 10:45:00,28.76,74.416,1001.694
AWS_AP10,2025-09-20 00:15:00,26.215,91.57,1002.878
AWS_AP10,2025-09-20 00:30:00,26.161,95.202,1002.229
AWS_AP10,2025-10-04 10:30:00,30.241,75.059,1004.943
AWS_AP10,2025-10-04 10:45:00,30.786,74.593,1003.911
AWS_AP10,2025-10-06 22:30:00,24.456,79.669,1004.31
AWS_AP10,2025-10-06 22:45:00,24.843,82.735,1004.271
AWS_AP10,2025-10-10 19:45:00,29.629,71.392,1004.813
AWS_AP10,2025-10-10 20:00:00,29.583,75.943,1004.596
AWS_AP10,2025-10-17 17:15:00,29.841,64.164,1003.714
AWS_AP10,2025-10-17 17:30:00,30.555,65.812,1002.824
AWS_AP10,2025-10-23 13:00:00,27.994,66.936,1005.994
AWS_AP10,2025-10-23 13:15:00,27.751,64.546,1005.767
AWS_AP10,2025-10-26 21:00:00,24.863,79.29,1006.496
AWS_AP10,2025-10-26 21:15:00,25.318,75.492,1007.36
AWS_AP10,2025-11-02 11:45:00,28.023,71.008,1006.619
AWS_AP10,2025-11-02 12:00:00,28.05,63.452,1007.333
AWS_AP10,2025-11-06 17:30:00,29.464,63.861,1006.043
AWS_AP10,2025-11-06 17:45:00,28.541,59.425,1005.769
AWS_AP10,2025-11-10 03:00:00,21.195,80.079,1004.762
AWS_AP10,2025-11-10 03:15:00,21.035,82.947,1005.402
AWS_AP10,2025-12-03 02:00:00,20.167,86.43,1008.888
AWS_AP10,2025-12-03 02:15:00,20.234,85.646,1008.919
AWS_AP10,2025-12-21 01:15:00,18.098,84.689,1009.64
AWS_AP10,2025-12-21 01:30:00,17.965,83.233,1009.542
AWS_AP10,2025-12-23 17:45:00,27.998,63.178,1008.401
AWS_AP10,2025-12-23 18:00:00,27.982,64.184,1009.166
AWS_AP10,2025-12-24 22:30:00,21.074,78.428,1010.522
AWS_AP10,2025-12-24 22:45:00,21.199,78.072,1011.149
AWS_AP11,2025-01-13 13:45:00,23.731,40.855,970.829
AWS_AP11,2025-01-13 14:00:00,23.868,40.922,970.843
AWS_AP11,2025-01-13 14:15:00,23.184,42.763,970.643
AWS_AP11,2025-01-13 14:30:00,23.673,41.997,971.396
AWS_AP11,2025-01-13 14:45:00,23.971,43.56,971.123
AWS_AP11,2025-01-13 15:00:00,23.757,40.665,970.122
AWS_AP11,2025-01-13 15:15:00,23.753,42.016,970.338
AWS_AP11,2025-01-13 15:30:00,23.311,41.41,969.813
AWS_AP11,2025-01-13 15:45:00,23.579,45.19,970.76
AWS_AP11,2025-01-13 16:00:00,23.306,45.607,970.659
AWS_AP11,2025-01-13 16:15:00,23.218,45.355,970.523
AWS_AP11,2025-01-13 16:30:00,23.025,45.76,969.676
AWS_AP11,2025-01-13 16:45:00,22.667,45.148,970.91
AWS_AP11,2025-01-13 17:00:00,22.953,45.442,970.939
AWS_AP11,2025-01-13 17:15:00,22.751,46.968,970.717
AWS_AP11,2025-01-13 17:30:00,22.424,47.625,971.561
AWS_AP11,2025-01-13 17:45:00,22.581,48.038,970.453
AWS_AP11,2025-01-13 18:00:00,21.725,48.355,970.916
AWS_AP11,2025-01-13 18:15:00,21.996,48.435,971.496
AWS_AP11,2025-01-13 18:30:00,21.218,49.81,970.71
AWS_AP11,2025-01-13 18:45:00,20.555,49.454,971.887
AWS_AP11,2025-01-13 19:00:00,20.589,51.579,972.029
AWS_AP11,2025-01-13 19:15:00,20.192,53.66,972.199
AWS_AP11,2025-01-13 19:30:00,19.884,52.656,972.677
AWS_AP11,2025-01-13 19:45:00,19.924,54.204,972.362
AWS_AP11,2025-01-13 20:00:00,20.048,55.138,972.479
AWS_AP11,2025-01-13 20:15:00,18.783,61.349,972.551
AWS_AP11,2025-01-13 20:30:00,18.755,60.799,973.011
AWS_AP11,2025-01-13 20:45:00,17.779,60.344,972.162
AWS_AP11,2025-01-13 21:00:00,17.648,62.933,972.69
AWS_AP11,2025-01-13 21:15:00,17.143,62.254,972.821
AWS_AP11,2025-01-13 21:30:00,16.481,62.265,973.331
AWS_AP11,2025-01-13 21:45:00,16.776,62.937,973.192
AWS_AP11,2025-01-13 22:00:00,16.653,67.306,973.211
AWS_AP11,2025-01-13 22:15:00,15.817,67.39,973.493
AWS_AP11,2025-01-13 22:30:00,15.261,69.826,972.953
AWS_AP11,2025-01-13 22:45:00,15.214,71.957,973.067
AWS_AP11,2025-01-13 23:00:00,14.655,71.723,973.109
AWS_AP11,2025-01-13 23:15:00,14.118,71.819,972.216
AWS_AP11,2025-01-13 23:30:00,13.803,74.164,972.64
AWS_AP11,2025-01-13 23:45:00,13.581,76.113,972.751
AWS_AP11,2025-01-14 00:00:00,14.025,76.444,971.665
AWS_AP11,2025-01-14 00:15:00,13.491,79.308,971.277
AWS_AP11,2025-01-14 00:30:00,13.147,77.251,970.942
AWS_AP11,2025-01-14 00:45:00,13.291,80.833,970.794
AWS_AP11,2025-01-14 01:00:00,13.052,80.882,970.88
AWS_AP11,2025-01-14 01:15:00,12.975,81.335,970.208
AWS_AP11,2025-01-14 01:30:00,12.68,80.926,970.37
AWS_AP11,2025-01-14 01:45:00,12.339,84.765,970.234
AWS_AP11,2025-01-14 02:00:00,11.87,83.466,971.196
AWS_AP11,2025-01-14 02:15:00,11.839,80.318,970.396
AWS_AP11,2025-01-14 02:30:00,12.08,80.948,970.507
AWS_AP11,2025-01-14 02:45:00,12.024,84.057,970.367
AWS_AP11,2025-01-14 03:00:00,12.725,82.057,969.873
AWS_AP11,2025-01-14 03:15:00,12.015,85.569,969.536
AWS_AP11,2025-01-14 03:30:00,12.154,79.729,970.171
AWS_AP11,2025-01-14 03:45:00,12.788,83.264,969.854
AWS_AP11,2025-01-14 04:00:00,12.45,80.322,969.547
AWS_AP11,2025-01-14 04:15:00,12.591,83.037,969.787
AWS_AP11,2025-01-14 04:30:00,12.789,81.516,969.046
AWS_AP11,2025-01-14 04:45:00,12.298,81.274,969.585
AWS_AP11,2025-01-14 05:00:00,13.177,77.21,970.442
AWS_AP11,2025-01-14 05:15:00,13.486,78.937,970.412
AWS_AP11,2025-01-14 05:30:00,13.914,77.397,970.159
AWS_AP11,2025-01-14 05:45:00,13.777,78.443,970.169
AWS_AP11,2025-01-14 06:00:00,13.917,82.198,969.144
AWS_AP11,2025-01-14 06:15:00,13.672,76.817,970.748
AWS_AP11,2025-01-14 06:30:00,14.794,77.461,970.689
AWS_AP11,2025-01-14 06:45:00,14.953,75.344,970.765
AWS_AP11,2025-01-14 07:00:00,14.916,71.429,971.256
AWS_AP11,2025-01-14 07:15:00,15.618,69.778,971.197
AWS_AP11,2025-01-14 07:30:00,16.112,69.025,971.479
AWS_AP11,2025-01-14 07:45:00,16.386,68.06,971.225
AWS_AP11,2025-01-14 08:00:00,16.841,67.184,972.312
AWS_AP11,2025-01-14 08:15:00,17.386,61.859,971.897
AWS_AP11,2025-01-14 08:30:00,17.597,63.281,972.039
AWS_AP11,2025-01-14 08:45:00,18.023,63.271,971.717
AWS_AP11,2025-01-14 09:00:00,17.715,63.353,972.491
AWS_AP11,2025-01-14 09:15:00,18.592,60.887,972.216
AWS_AP11,2025-01-14 09:30:00,19.055,60.397,972.561
AWS_AP11,2025-01-14 09:45:00,19.723,58.045,971.952
AWS_AP11,2025-01-14 10:00:00,19.724,56.936,972.341
AWS_AP11,2025-01-14 10:15:00,20.249,55.343,972.426
AWS_AP11,2025-01-14 10:30:00,20.686,54.626,971.619
AWS_AP11,2025-01-14 10:45:00,20.669,54.878,971.49
AWS_AP11,2025-01-14 11:00:00,21.537,54.539,971.824
AWS_AP11,2025-01-14 11:15:00,21.396,50.292,972.179
AWS_AP11,2025-01-14 11:30:00,21.724,49.25,972.395
AWS_AP11,2025-01-14 11:45:00,21.966,47.601,971.762
AWS_AP11,2025-01-14 12:00:00,23.228,46.36,972.098
AWS_AP11,2025-01-14 12:15:00,22.954,46.924,972.465
AWS_AP11,2025-01-14 12:30:00,23.069,46.213,971.89
AWS_AP11,2025-01-14 12:45:00,22.617,46.313,971.895
AWS_AP11,2025-01-14 13:00:00,23.386,44.673,971.864
AWS_AP11,2025-01-14 13:15:00,23.48,44.84,970.744
AWS_AP11,2025-01-14 13:30:00,24.07,45.637,970.724
AWS_AP11,2025-01-14 13:45:00,23.636,43.524,980.806
AWS_AP11,2025-01-15 02:30:00,14.705,77.588,970.798
AWS_AP11,2025-01-15 02:45:00,15.087,74.366,970.783
AWS_AP11,2025-01-17 15:45:00,28.249,37.83,971.096
AWS_AP11,2025-01-17 16:00:00,27.432,32.465,970.994
AWS_AP11,2025-01-20 05:00:00,16.742,73.223,969.866
AWS_AP11,2025-01-20 05:15:00,16.517,69.369,970.094
AWS_AP11,2025-01-24 02:30:00,17.517,70.109,971.813
AWS_AP11,2025-01-24 02:45:00,17.015,71.189,971.351
AWS_AP11,2025-01-26 00:00:00,18.645,63.591,972.559
AWS_AP11,2025-01-26 00:15:00,17.827,68.047,972.498
AWS_AP11,2025-01-26 00:30:00,18.15,71.07,971.96
AWS_AP11,2025-01-26 00:45:00,17.924,70.139,972.081
AWS_AP11,2025-01-26 01:00:00,17.56,71.672,971.659
AWS_AP11,2025-01-26 01:15:00,17.529,73.158,972.582
AWS_AP11,2025-01-26 01:30:00,16.92,70.803,971.477
AWS_AP11,2025-01-26 01:45:00,16.487,68.555,972.008
AWS_AP11,2025-01-26 02:00:00,16.954,74.367,971.702
AWS_AP11,2025-01-26 02:15:00,16.747,74.168,970.987
AWS_AP11,2025-01-26 02:30:00,16.85,73.134,971.241
AWS_AP11,2025-01-26 02:45:00,16.859,71.585,971.537
AWS_AP11,2025-01-26 03:00:00,16.837,72.536,970.668
AWS_AP11,2025-01-26 03:15:00,16.855,70.861,970.699
AWS_AP11,2025-01-26 03:30:00,16.29,68.32,970.746
AWS_AP11,2025-01-26 03:45:00,16.546,70.303,970.997
AWS_AP11,2025-01-26 04:00:00,17.042,73.409,970.895
AWS_AP11,2025-01-26 04:15:00,16.797,73.69,971.048
AWS_AP11,2025-01-26 04:30:00,17.145,70.742,970.683
AWS_AP11,2025-01-26 04:45:00,17.25,73.728,971.238
AWS_AP11,2025-01-26 05:00:00,17.785,66.776,970.789
AWS_AP11,2025-01-26 05:15:00,17.798,72.087,970.819
AWS_AP11,2025-01-26 05:30:00,17.912,68.945,970.391
AWS_AP11,2025-01-26 05:45:00,18.438,66.712,970.562
AWS_AP11,2025-01-26 06:00:00,18.442,64.18,971.464
AWS_AP11,2025-01-26 06:15:00,18.892,64.907,972.069
AWS_AP11,2025-01-26 06:30:00,19.191,64.865,971.215
AWS_AP11,2025-01-26 06:45:00,19.322,63.616,972.035
AWS_AP11,2025-01-26 07:00:00,19.884,62.365,972.229
AWS_AP11,2025-01-26 07:15:00,20.431,59.675,972.651
AWS_AP11,2025-01-26 07:30:00,20.751,58.892,972.182
AWS_AP11,2025-01-26 07:45:00,20.785,55.483,972.84
AWS_AP11,2025-01-26 08:00:00,21.696,59.035,972.936
AWS_AP11,2025-01-26 08:15:00,21.343,57.954,973.098
AWS_AP11,2025-01-26 08:30:00,22.29,53.523,973.519
AWS_AP11,2025-01-26 08:45:00,22.961,49.41,973.03
AWS_AP11,2025-01-26 09:00:00,22.938,54.539,973.381
AWS_AP11,2025-01-26 09:15:00,22.85,51.096,973.168
AWS_AP11,2025-01-26 09:30:00,23.403,45.573,972.533
AWS_AP11,2025-01-26 09:45:00,23.937,51.025,973.324
AWS_AP11,2025-01-26 10:00:00,24.283,46.675,973.644
AWS_AP11,2025-01-26 10:15:00,24.954,47.508,973.491
AWS_AP11,2025-01-26 10:30:00,24.627,43.424,973.503
AWS_AP11,2025-01-26 10:45:00,25.493,44.382,974.176
AWS_AP11,2025-01-26 11:00:00,26.4,41.22,973.488
AWS_AP11,2025-01-26 11:15:00,26.371,41.854,973.271
AWS_AP11,2025-01-26 11:30:00,26.933,36.24,973.364
AWS_AP11,2025-01-26 11:45:00,26.493,39.448,972.628
AWS_AP11,2025-01-26 12:00:00,27.723,39.616,973.077
AWS_AP11,2025-01-26 12:15:00,27.338,34.139,972.848
AWS_AP11,2025-01-26 12:30:00,27.667,34.738,972.031
AWS_AP11,2025-01-26 12:45:00,28.12,36.508,972.699
AWS_AP11,2025-01-26 13:00:00,28.364,34.597,971.643
AWS_AP11,2025-01-26 13:15:00,28.5,36.045,971.776
AWS_AP11,2025-01-26 13:30:00,28.826,31.479,971.686
AWS_AP11,2025-01-26 13:45:00,27.937,34.13,971.022
AWS_AP11,2025-01-26 14:00:00,28.773,28.785,971.645
AWS_AP11,2025-01-26 14:15:00,29.332,34.056,971.115
AWS_AP11,2025-01-26 14:30:00,28.961,34.24,971.603
AWS_AP11,2025-01-26 14:45:00,28.887,31.236,970.676
AWS_AP11,2025-01-26 15:00:00,28.986,35.867,971.223
AWS_AP11,2025-01-26 15:15:00,29.008,33.311,971.002
AWS_AP11,2025-01-26 15:30:00,28.885,29.943,970.613
AWS_AP11,2025-01-26 15:45:00,29.176,30.018,970.433
AWS_AP11,2025-01-26 16:00:00,28.505,31.733,970.157
AWS_AP11,2025-01-26 16:15:00,28.942,34.329,971.491
AWS_AP11,2025-01-26 16:30:00,28.561,36.277,970.646
AWS_AP11,2025-01-26 16:45:00,28.289,34.54,970.134
AWS_AP11,2025-01-26 17:00:00,28.034,34.836,970.217
AWS_AP11,2025-01-26 17:15:00,27.884,38.454,970.682
AWS_AP11,2025-01-26 17:30:00,27.934,35.047,970.831
AWS_AP11,2025-01-26 17:45:00,27.679,36.982,971.282
AWS_AP11,2025-01-26 18:00:00,27.456,36.493,971.232
AWS_AP11,2025-01-26 18:15:00,26.639,37.03,971.747
AWS_AP11,2025-01-26 18:30:00,26.205,40.448,971.902
AWS_AP11,2025-01-26 18:45:00,26.309,44.91,971.712
AWS_AP11,2025-01-26 19:00:00,25.68,38.309,972.058
AWS_AP11,2025-01-26 19:15:00,25.491,42.807,972.733
AWS_AP11,2025-01-26 19:30:00,25.056,45.0,972.204
AWS_AP11,2025-01-26 19:45:00,24.685,48.001,972.215
AWS_AP11,2025-01-26 20:00:00,24.552,47.507,973.145
AWS_AP11,2025-01-26 20:15:00,23.963,49.502,972.836
AWS_AP11,2025-01-26 20:30:00,23.649,51.336,972.457
AWS_AP11,2025-01-26 20:45:00,22.248,52.584,973.315
AWS_AP11,2025-01-26 21:00:00,22.472,50.764,973.87
AWS_AP11,2025-01-26 21:15:00,22.53,53.277,973.696
AWS_AP11,2025-01-26 21:30:00,21.569,53.829,974.125
AWS_AP11,2025-01-26 21:45:00,21.309,55.893,973.858
AWS_AP11,2025-01-26 22:00:00,20.835,55.532,973.435
AWS_AP11,2025-01-26 22:15:00,20.712,59.614,973.105
AWS_AP11,2025-01-26 22:30:00,20.044,63.407,973.033
AWS_AP11,2025-01-26 22:45:00,20.109,64.123,973.123
AWS_AP11,2025-01-26 23:00:00,19.145,64.278,973.132
AWS_AP11,2025-01-26 23:15:00,19.877,62.723,973.28
AWS_AP11,2025-01-26 23:30:00,19.383,64.188,973.218
AWS_AP11,2025-01-26 23:45:00,18.899,65.846,972.562
AWS_AP11,2025-01-27 00:00:00,18.861,69.895,972.006
AWS_AP11,2025-01-27 00:15:00,18.843,65.501,971.983
AWS_AP11,2025-01-27 00:30:00,18.26,67.948,971.822
AWS_AP11,2025-02-01 08:45:00,22.838,49.814,973.344
AWS_AP11,2025-02-01 09:00:00,22.77,52.584,973.378
AWS_AP11,2025-02-08 18:00:00,29.396,30.94,970.753
AWS_AP11,2025-02-08 18:15:00,29.14,28.032,970.88
AWS_AP11,2025-02-14 14:15:00,31.484,30.752,970.84
AWS_AP11,2025-02-14 14:30:00,31.256,27.028,971.048
AWS_AP11,2025-02-25 11:30:00,29.726,30.486,971.354
AWS_AP11,2025-02-25 11:45:00,30.233,28.647,971.58
AWS_AP11,2025-02-25 20:15:00,26.897,36.543,970.973
AWS_AP11,2025-02-25 20:30:00,26.876,35.937,971.415
AWS_AP11,2025-03-06 12:30:00,31.748,22.905,970.399
AWS_AP11,2025-03-06 12:45:00,31.881,22.03,970.498
AWS_AP11,2025-03-08 11:30:00,31.202,19.767,970.252
AWS_AP11,2025-03-08 11:45:00,31.865,24.142,970.45
AWS_AP11,2025-03-10 03:15:00,24.648,48.894,967.437
AWS_AP11,2025-03-10 03:30:00,24.764,49.517,967.669
AWS_AP11,2025-03-11 12:15:00,37.785,15.922,970.417
AWS_AP11,2025-03-11 12:30:00,38.085,13.878,968.825
AWS_AP11,2025-03-13 15:00:00,38.582,10.176,968.411
AWS_AP11,2025-03-13 15:15:00,38.518,13.283,968.111
AWS_AP11,2025-03-13 15:30:00,38.844,9.791,968.311
AWS_AP11,2025-03-13 15:45:00,37.846,10.465,967.671
AWS_AP11,2025-03-13 16:00:00,38.208,9.088,968.126
AWS_AP11,2025-03-13 16:15:00,38.096,12.465,968.282
AWS_AP11,2025-03-13 16:30:00,38.217,13.42,968.607
AWS_AP11,2025-03-13 16:45:00,37.859,15.871,968.779
AWS_AP11,2025-03-13 17:00:00,37.95,18.117,968.263
AWS_AP11,2025-03-13 17:15:00,37.421,17.998,968.062
AWS_AP11,2025-03-13 17:30:00,37.145,18.161,969.236
AWS_AP11,2025-03-13 17:45:00,36.528,18.344,968.627
AWS_AP11,2025-03-13 18:00:00,36.703,17.213,969.183
AWS_AP11,2025-03-13 18:15:00,36.315,17.532,968.692
AWS_AP11,2025-03-13 18:30:00,35.86,21.23,968.949
AWS_AP11,2025-03-13 18:45:00,35.585,19.868,969.044
AWS_AP11,2025-03-13 19:00:00,34.956,21.595,969.567
AWS_AP11,2025-03-13 19:15:00,34.676,20.225,969.978
AWS_AP11,2025-03-13 19:30:00,34.462,21.464,970.393
AWS_AP11,2025-03-13 19:45:00,34.191,23.37,969.919
AWS_AP11,2025-03-13 20:00:00,33.355,24.753,970.29
AWS_AP11,2025-03-13 20:15:00,33.036,28.922,971.236
AWS_AP11,2025-03-13 20:30:00,33.131,30.544,970.303
AWS_AP11,2025-03-13 20:45:00,32.147,29.027,969.826
AWS_AP11,2025-03-13 21:00:00,31.919,28.725,970.917
AWS_AP11,2025-03-13 21:15:00,31.137,32.864,970.044
AWS_AP11,2025-03-13 21:30:00,30.519,32.883,970.872
AWS_AP11,2025-03-13 21:45:00,30.277,38.22,970.829
AWS_AP11,2025-03-13 22:00:00,30.072,36.54,970.129
AWS_AP11,2025-03-13 22:15:00,29.905,37.456,970.971
AWS_AP11,2025-03-13 22:30:00,28.99,39.005,970.678
AWS_AP11,2025-03-13 22:45:00,28.74,39.843,970.534
AWS_AP11,2025-03-13 23:00:00,28.411,42.153,970.126
AWS_AP11,2025-03-13 23:15:00,27.594,46.535,971.814
AWS_AP11,2025-03-13 23:30:00,27.147,44.964,970.705
AWS_AP11,2025-03-13 23:45:00,27.343,43.567,970.588
AWS_AP11,2025-03-14 00:00:00,27.364,42.907,969.621
AWS_AP11,2025-03-14 00:15:00,26.446,43.586,970.389
AWS_AP11,2025-03-14 00:30:00,26.994,42.249,969.783
AWS_AP11,2025-03-14 00:45:00,25.679,42.209,970.046
AWS_AP11,2025-03-14 01:00:00,26.283,47.122,969.812
AWS_AP11,2025-03-14 01:15:00,25.86,44.781,969.679
AWS_AP11,2025-03-14 01:30:00,25.152,47.168,969.261
AWS_AP11,2025-03-14 01:45:00,26.061,49.849,968.665
AWS_AP11,2025-03-14 02:00:00,25.053,47.018,969.193
AWS_AP11,2025-03-14 02:15:00,24.878,49.725,969.124
AWS_AP11,2025-03-14 02:30:00,25.286,45.411,969.176
AWS_AP11,2025-03-14 02:45:00,25.397,48.472,968.881
AWS_AP11,2025-03-14 03:00:00,24.859,47.562,969.087
AWS_AP11,2025-03-14 03:15:00,25.081,49.359,968.229
AWS_AP11,2025-03-14 03:30:00,25.022,47.611,968.346
AWS_AP11,2025-03-14 03:45:00,25.363,44.318,968.884
AWS_AP11,2025-03-14 04:00:00,25.196,49.95,968.612
AWS_AP11,2025-03-14 04:15:00,25.057,45.406,968.823
AWS_AP11,2025-03-14 04:30:00,25.532,41.451,968.944
AWS_AP11,2025-03-14 04:45:00,25.884,45.123,968.676
AWS_AP11,2025-03-14 05:00:00,26.368,47.648,968.635
AWS_AP11,2025-03-14 05:15:00,26.681,40.786,968.955
AWS_AP11,2025-03-14 05:30:00,26.102,45.164,969.005
AWS_AP11,2025-03-14 05:45:00,26.829,41.417,968.454
AWS_AP11,2025-03-14 06:00:00,27.104,41.101,968.998
AWS_AP11,2025-03-14 06:15:00,27.499,40.525,969.529
AWS_AP11,2025-03-14 06:30:00,27.314,41.014,969.302
AWS_AP11,2025-03-14 06:45:00,28.343,33.172,969.935
AWS_AP11,2025-03-14 07:00:00,28.521,36.864,970.522
AWS_AP11,2025-03-14 07:15:00,29.656,37.655,969.59
AWS_AP11,2025-03-14 07:30:00,29.867,37.658,970.356
AWS_AP11,2025-03-14 07:45:00,29.989,34.172,971.019
AWS_AP11,2025-03-14 08:00:00,30.357,30.732,970.224
AWS_AP11,2025-03-14 08:15:00,30.935,29.936,971.236
AWS_AP11,2025-03-14 08:30:00,30.746,30.22,971.023
AWS_AP11,2025-03-14 08:45:00,31.777,29.66,971.808
AWS_AP11,2025-03-14 09:00:00,31.549,27.18,970.683
AWS_AP11,2025-03-14 09:15:00,32.467,25.918,972.002
AWS_AP11,2025-03-14 09:30:00,32.713,24.553,970.739
AWS_AP11,2025-03-14 09:45:00,33.602,23.204,970.968
AWS_AP11,2025-03-14 10:00:00,33.813,22.952,971.227
AWS_AP11,2025-03-14 10:15:00,34.287,24.309,970.485
AWS_AP11,2025-03-14 10:30:00,35.39,20.534,971.542
AWS_AP11,2025-03-14 10:45:00,34.796,15.782,971.278
AWS_AP11,2025-03-14 11:00:00,35.561,20.833,970.6
AWS_AP11,2025-03-14 11:15:00,35.512,17.382,970.917
AWS_AP11,2025-03-14 11:30:00,36.512,15.027,971.161
AWS_AP11,2025-03-14 11:45:00,36.885,14.47,971.548
AWS_AP11,2025-03-14 12:00:00,37.134,13.656,970.569
AWS_AP11,2025-03-14 12:15:00,37.321,14.265,970.654
AWS_AP11,2025-03-14 12:30:00,38.029,11.226,970.03
AWS_AP11,2025-03-14 12:45:00,38.087,11.22,969.662
AWS_AP11,2025-03-14 13:00:00,37.856,9.924,969.967
AWS_AP11,2025-03-14 13:15:00,37.983,11.632,969.571
AWS_AP11,2025-03-14 13:30:00,38.551,11.3,969.546
AWS_AP11,2025-03-14 13:45:00,38.429,10.189,968.946
AWS_AP11,2025-03-14 14:00:00,38.867,7.07,969.75
AWS_AP11,2025-03-14 14:15:00,38.658,6.798,969.467
AWS_AP11,2025-03-14 14:30:00,39.314,7.812,968.614
AWS_AP11,2025-03-14 14:45:00,39.01,8.231,968.776
AWS_AP11,2025-03-14 15:00:00,38.964,9.583,968.539
AWS_AP11,2025-03-28 06:00:00,24.137,49.123,967.138
AWS_AP11,2025-03-28 06:15:00,24.715,45.22,967.309
AWS_AP11,2025-03-31 12:15:00,35.708,18.303,968.897
AWS_AP11,2025-03-31 12:30:00,35.282,21.285,967.853
AWS_AP11,2025-03-31 12:45:00,36.503,18.63,967.948
AWS_AP11,2025-03-31 13:00:00,36.542,19.898,967.076
AWS_AP11,2025-03-31 13:15:00,36.474,16.721,968.223
AWS_AP11,2025-03-31 13:30:00,36.719,19.181,967.853
AWS_AP11,2025-03-31 13:45:00,36.134,16.322,966.77
AWS_AP11,2025-03-31 14:00:00,36.768,14.942,966.823
AWS_AP11,2025-03-31 14:15:00,36.778,14.921,966.653
AWS_AP11,2025-03-31 14:30:00,36.917,14.13,966.039
AWS_AP11,2025-03-31 14:45:00,36.853,15.849,966.642
AWS_AP11,2025-03-31 15:00:00,37.165,16.174,965.92
AWS_AP11,2025-03-31 15:15:00,37.317,14.353,966.034
AWS_AP11,2025-03-31 15:30:00,36.803,13.274,965.908
AWS_AP11,2025-03-31 15:45:00,36.805,14.499,966.65
AWS_AP11,2025-03-31 16:00:00,36.381,15.06,966.251
AWS_AP11,2025-03-31 16:15:00,36.482,14.799,966.146
AWS_AP11,2025-03-31 16:30:00,36.537,14.85,966.534
AWS_AP11,2025-03-31 16:45:00,36.602,18.414,966.718
AWS_AP11,2025-03-31 17:00:00,35.677,17.193,966.764
AWS_AP11,2025-03-31 17:15:00,36.006,17.018,966.302
AWS_AP11,2025-03-31 17:30:00,35.078,16.351,966.972
AWS_AP11,2025-03-31 17:45:00,34.826,17.612,966.486
AWS_AP11,2025-03-31 18:00:00,34.901,20.911,966.316
AWS_AP11,2025-03-31 18:15:00,34.96,22.254,966.899
AWS_AP11,2025-03-31 18:30:00,34.268,23.227,967.191
AWS_AP11,2025-03-31 18:45:00,33.938,23.686,967.685
AWS_AP11,2025-03-31 19:00:00,33.142,27.649,966.999
AWS_AP11,2025-03-31 19:15:00,32.885,27.689,967.965
AWS_AP11,2025-03-31 19:30:00,32.523,27.134,968.082
AWS_AP11,2025-03-31 19:45:00,32.167,31.226,968.365
AWS_AP11,2025-03-31 20:00:00,32.05,29.105,967.968
AWS_AP11,2025-03-31 20:15:00,31.195,32.795,968.246
AWS_AP11,2025-03-31 20:30:00,31.477,33.168,968.442
AWS_AP11,2025-03-31 20:45:00,30.761,37.432,968.285
AWS_AP11,2025-03-31 21:00:00,29.905,32.903,969.296
AWS_AP11,2025-03-31 21:15:00,29.867,35.96,968.459
AWS_AP11,2025-03-31 21:30:00,29.195,38.989,969.385
AWS_AP11,2025-03-31 21:45:00,29.073,39.709,969.229
AWS_AP11,2025-03-31 22:00:00,28.254,42.2,968.768
AWS_AP11,2025-03-31 22:15:00,27.987,41.733,968.647
AWS_AP11,2025-03-31 22:30:00,26.601,43.323,969.099
AWS_AP11,2025-03-31 22:45:00,27.187,45.88,968.735
AWS_AP11,2025-03-31 23:00:00,26.808,46.411,967.892
AWS_AP11,2025-03-31 23:15:00,26.155,44.628,968.695
AWS_AP11,2025-03-31 23:30:00,26.314,46.325,967.815
AWS_AP11,2025-03-31 23:45:00,25.372,49.297,967.928
AWS_AP11,2025-04-01 00:00:00,25.887,43.854,967.3
AWS_AP11,2025-04-01 00:15:00,25.146,51.454,967.848
AWS_AP11,2025-04-01 00:30:00,25.336,45.749,968.284
AWS_AP11,2025-04-01 00:45:00,24.422,48.427,967.268
AWS_AP11,2025-04-01 01:00:00,24.72,49.416,967.142
AWS_AP11,2025-04-01 01:15:00,24.401,50.119,967.03
AWS_AP11,2025-04-01 01:30:00,24.206,53.651,966.928
AWS_AP11,2025-04-01 01:45:00,23.795,52.521,966.658
AWS_AP11,2025-04-01 02:00:00,23.683,48.942,967.122
AWS_AP11,2025-04-01 02:15:00,24.181,54.518,966.646
AWS_AP11,2025-04-01 02:30:00,23.834,52.744,967.035
AWS_AP11,2025-04-01 02:45:00,23.369,54.086,965.904
AWS_AP11,2025-04-01 03:00:00,23.809,49.389,966.454
AWS_AP11,2025-04-01 03:15:00,23.604,52.185,965.3
AWS_AP11,2025-04-01 03:30:00,23.787,45.728,966.021
AWS_AP11,2025-04-01 03:45:00,23.463,49.853,966.148
AWS_AP11,2025-04-01 04:00:00,23.811,48.371,965.596
AWS_AP11,2025-04-01 04:15:00,23.754,49.197,965.71
AWS_AP11,2025-04-01 04:30:00,23.678,55.305,965.643
AWS_AP11,2025-04-01 04:45:00,24.622,49.046,966.447
AWS_AP11,2025-04-01 05:00:00,24.408,49.687,966.052
AWS_AP11,2025-04-01 05:15:00,24.76,46.59,965.574
AWS_AP11,2025-04-01 05:30:00,25.34,47.572,966.765
AWS_AP11,2025-04-01 05:45:00,25.247,45.902,967.154
AWS_AP11,2025-04-01 06:00:00,25.22,46.297,967.155
AWS_AP11,2025-04-01 06:15:00,26.444,44.303,966.167
AWS_AP11,2025-04-01 06:30:00,26.475,47.671,966.868
AWS_AP11,2025-04-01 06:45:00,26.688,45.304,967.031
AWS_AP11,2025-04-01 07:00:00,26.688,41.759,967.451
AWS_AP11,2025-04-01 07:15:00,27.56,45.554,967.272
AWS_AP11,2025-04-01 07:30:00,27.638,36.484,967.922
AWS_AP11,2025-04-01 07:45:00,28.618,37.032,967.842
AWS_AP11,2025-04-01 08:00:00,28.679,38.141,967.638
AWS_AP11,2025-04-01 08:15:00,29.433,39.147,968.152
AWS_AP11,2025-04-01 08:30:00,29.214,33.551,967.553
AWS_AP11,2025-04-01 08:45:00,30.431,35.151,968.616
AWS_AP11,2025-04-01 09:00:00,30.351,31.411,968.972
AWS_AP11,2025-04-01 09:15:00,31.487,37.121,968.029
AWS_AP11,2025-04-01 09:30:00,32.075,28.632,968.298
AWS_AP11,2025-04-01 09:45:00,31.813,27.2,967.858
AWS_AP11,2025-04-01 10:00:00,32.696,28.637,968.451
AWS_AP11,2025-04-01 10:15:00,32.95,24.784,968.271
AWS_AP11,2025-04-01 10:30:00,33.135,27.128,968.477
AWS_AP11,2025-04-01 10:45:00,33.844,22.913,968.165
AWS_AP11,2025-04-01 11:00:00,34.605,24.393,968.844
AWS_AP11,2025-04-01 11:15:00,34.569,17.718,967.47
AWS_AP11,2025-04-01 11:30:00,34.72,20.91,967.179
AWS_AP11,2025-04-01 11:45:00,35.064,19.259,968.175
AWS_AP11,2025-04-01 12:00:00,34.761,12.738,967.192
AWS_AP11,2025-04-01 12:15:00,18.369,14.984,967.454
AWS_AP11,2025-04-03 09:15:00,30.176,34.109,969.321
AWS_AP11,2025-04-03 09:30:00,30.621,32.293,968.259
AWS_AP11,2025-04-16 02:30:00,23.841,45.14,966.122
AWS_AP11,2025-04-16 02:45:00,23.831,49.369,964.592
AWS_AP11,2025-04-21 13:00:00,36.74,13.29,967.43
AWS_AP11,2025-04-21 13:15:00,36.789,9.794,966.138
AWS_AP11,2025-04-22 02:00:00,25.288,47.114,964.328
AWS_AP11,2025-04-22 02:15:00,24.549,47.488,963.885
AWS_AP11,2025-05-07 17:45:00,37.854,19.272,963.374
AWS_AP11,2025-05-07 18:00:00,37.49,17.975,963.443
AWS_AP11,2025-05-07 21:30:00,31.533,36.219,966.049
AWS_AP11,2025-05-07 21:45:00,31.266,39.103,966.136
AWS_AP11,2025-05-10 14:45:00,39.4,5.447,963.163
AWS_AP11,2025-05-10 15:00:00,39.375,7.8,963.176
AWS_AP11,2025-05-13 03:00:00,26.185,48.981,962.077
AWS_AP11,2025-05-13 03:15:00,25.481,51.954,962.863
AWS_AP11,2025-05-16 09:30:00,33.802,29.233,964.852
AWS_AP11,2025-05-16 09:45:00,34.399,30.365,965.547
AWS_AP11,2025-05-17 00:45:00,28.806,48.28,962.498
AWS_AP11,2025-05-17 01:00:00,27.872,46.503,963.254
AWS_AP11,2025-05-18 17:00:00,47.116,8.268,962.139
AWS_AP11,2025-05-18 17:15:00,47.295,10.67,961.684
AWS_AP11,2025-05-21 13:30:00,46.473,8.195,961.833
AWS_AP11,2025-05-21 13:45:00,46.521,5.779,961.439
AWS_AP11,2025-05-31 15:00:00,39.556,22.122,959.22
AWS_AP11,2025-05-31 15:15:00,39.236,21.15,959.527
AWS_AP11,2025-05-31 23:00:00,30.272,48.807,962.359
AWS_AP11,2025-05-31 23:15:00,29.349,52.665,962.194
AWS_AP11,2025-06-19 10:45:00,32.067,49.002,960.915
AWS_AP11,2025-06-19 11:00:00,32.556,48.301,961.549
AWS_AP11,2025-06-22 11:00:00,31.923,42.684,962.843
AWS_AP11,2025-06-22 11:15:00,31.876,40.973,962.429
AWS_AP11,2025-06-23 01:45:00,24.535,77.066,959.605
AWS_AP11,2025-06-23 02:00:00,24.801,76.934,960.982
AWS_AP11,2025-06-26 11:45:00,31.419,46.24,963.205
AWS_AP11,2025-06-26 12:00:00,31.915,44.814,963.071
AWS_AP11,2025-06-27 00:45:00,25.368,83.371,962.035
AWS_AP11,2025-06-27 01:00:00,25.673,78.227,962.483
AWS_AP11,2025-07-03 06:45:00,26.315,74.209,962.28
AWS_AP11,2025-07-03 07:00:00,27.279,70.006,962.21
AWS_AP11,2025-07-03 07:15:00,27.668,68.713,962.211
AWS_AP11,2025-07-03 07:30:00,27.374,69.792,963.291
AWS_AP11,2025-07-03 07:45:00,27.784,67.639,962.37
AWS_AP11,2025-07-03 08:00:00,28.342,64.209,961.228
AWS_AP11,2025-07-03 08:15:00,28.489,62.732,962.783
AWS_AP11,2025-07-03 08:30:00,29.483,60.838,963.03
AWS_AP11,2025-07-03 08:45:00,29.129,60.484,962.882
AWS_AP11,2025-07-03 09:00:00,29.575,60.208,962.857
AWS_AP11,2025-07-03 09:15:00,30.556,58.278,962.497
AWS_AP11,2025-07-03 09:30:00,30.295,59.101,963.757
AWS_AP11,2025-07-03 09:45:00,30.632,56.105,963.662
AWS_AP11,2025-07-03 10:00:00,30.896,55.213,963.764
AWS_AP11,2025-07-03 10:15:00,31.282,52.172,963.146
AWS_AP11,2025-07-03 10:30:00,31.648,48.625,963.635
AWS_AP11,2025-07-03 10:45:00,31.717,49.848,964.109
AWS_AP11,2025-07-03 11:00:00,32.482,48.718,963.128
AWS_AP11,2025-07-03 11:15:00,32.814,47.472,963.628
AWS_AP11,2025-07-03 11:30:00,32.721,48.017,963.336
AWS_AP11,2025-07-03 11:45:00,33.03,47.013,963.404
AWS_AP11,2025-07-03 12:00:00,33.367,46.502,962.286
AWS_AP11,2025-07-03 12:15:00,33.277,48.408,962.625
AWS_AP11,2025-07-03 12:30:00,33.569,45.494,961.997
AWS_AP11,2025-07-03 12:45:00,33.814,44.134,962.796
AWS_AP11,2025-07-03 13:00:00,33.76,41.826,962.002
AWS_AP11,2025-07-03 13:15:00,34.065,44.996,962.665
AWS_AP11,2025-07-03 13:30:00,34.002,43.441,961.035
AWS_AP11,2025-07-03 13:45:00,34.566,41.969,962.21
AWS_AP11,2025-07-03 14:00:00,34.567,39.859,961.403
AWS_AP11,2025-07-03 14:15:00,34.601,41.497,961.289
AWS_AP11,2025-07-03 14:30:00,34.749,39.055,960.855
AWS_AP11,2025-07-03 14:45:00,34.7,39.812,961.402
AWS_AP11,2025-07-03 15:00:00,34.63,39.038,960.866
AWS_AP11,2025-07-03 15:15:00,34.655,45.348,961.271
AWS_AP11,2025-07-03 15:30:00,34.506,39.022,961.459
AWS_AP11,2025-07-03 15:45:00,34.876,41.575,961.179
AWS_AP11,2025-07-03 16:00:00,34.272,40.195,961.527
AWS_AP11,2025-07-03 16:15:00,34.2,40.672,961.18
AWS_AP11,2025-07-03 16:30:00,33.865,44.495,960.646
AWS_AP11,2025-07-03 16:45:00,34.347,43.9,961.179
AWS_AP11,2025-07-03 17:00:00,34.196,39.502,960.797
AWS_AP11,2025-07-03 17:15:00,34.428,42.434,961.014
AWS_AP11,2025-07-03 17:30:00,32.983,45.983,960.8
AWS_AP11,2025-07-03 17:45:00,33.919,45.31,961.481
AWS_AP11,2025-07-03 18:00:00,33.013,45.026,961.451
AWS_AP11,2025-07-03 18:15:00,33.092,45.285,961.86
AWS_AP11,2025-07-03 18:30:00,32.345,45.237,962.214
AWS_AP11,2025-07-03 18:45:00,32.693,47.824,962.807
AWS_AP11,2025-07-03 19:00:00,32.225,51.127,961.531
AWS_AP11,2025-07-03 19:15:00,32.172,51.019,962.622
AWS_AP11,2025-07-03 19:30:00,31.218,53.492,962.162
AWS_AP11,2025-07-03 19:45:00,31.779,54.802,963.005
AWS_AP11,2025-07-03 20:00:00,30.841,54.518,962.648
AWS_AP11,2025-07-03 20:15:00,30.735,57.041,963.174
AWS_AP11,2025-07-03 20:30:00,30.288,58.74,964.189
AWS_AP11,2025-07-03 20:45:00,30.203,62.332,963.334
AWS_AP11,2025-07-03 21:00:00,30.038,63.267,963.347
AWS_AP11,2025-07-03 21:15:00,29.62,62.283,963.496
AWS_AP11,2025-07-03 21:30:00,28.967,63.083,963.49
AWS_AP11,2025-07-03 21:45:00,29.297,63.68,963.114
AWS_AP11,2025-07-03 22:00:00,29.145,63.733,963.909
AWS_AP11,2025-07-03 22:15:00,27.737,63.88,963.07
AWS_AP11,2025-07-03 22:30:00,27.403,67.473,963.938
AWS_AP11,2025-07-03 22:45:00,27.248,71.221,963.985
AWS_AP11,2025-07-03 23:00:00,27.533,70.752,963.405
AWS_AP11,2025-07-03 23:15:00,27.03,70.976,963.516
AWS_AP11,2025-07-03 23:30:00,26.434,70.982,962.67
AWS_AP11,2025-07-03 23:45:00,26.71,72.991,963.993
AWS_AP11,2025-07-04 00:00:00,25.433,74.551,961.559
AWS_AP11,2025-07-04 00:15:00,24.921,72.192,961.617
AWS_AP11,2025-07-04 00:30:00,24.614,79.079,961.789
AWS_AP11,2025-07-04 00:45:00,24.276,71.753,961.408
AWS_AP11,2025-07-04 01:00:00,24.003,78.017,961.969
AWS_AP11,2025-07-04 01:15:00,23.88,75.482,961.124
AWS_AP11,2025-07-04 01:30:00,23.718,80.232,961.031
AWS_AP11,2025-07-04 01:45:00,23.195,80.523,960.662
AWS_AP11,2025-07-04 02:00:00,23.659,78.799,960.198
AWS_AP11,2025-07-04 02:15:00,23.33,79.179,959.992
AWS_AP11,2025-07-04 02:30:00,22.874,81.09,959.966
AWS_AP11,2025-07-04 02:45:00,23.524,78.092,959.623
AWS_AP11,2025-07-04 03:00:00,23.78,80.534,960.193
AWS_AP11,2025-07-04 03:15:00,23.398,82.292,959.74
AWS_AP11,2025-07-04 03:30:00,23.762,78.553,959.573
AWS_AP11,2025-07-04 03:45:00,23.572,79.74,959.633
AWS_AP11,2025-07-04 04:00:00,23.707,77.462,959.607
AWS_AP11,2025-07-04 04:15:00,24.267,82.976,959.735
AWS_AP11,2025-07-04 04:30:00,23.964,78.984,959.363
AWS_AP11,2025-07-04 04:45:00,24.383,79.399,959.788
AWS_AP11,2025-07-04 05:00:00,24.145,78.187,959.328
AWS_AP11,2025-07-04 05:15:00,24.333,76.855,960.226
AWS_AP11,2025-07-04 05:30:00,24.742,70.886,960.563
AWS_AP11,2025-07-04 05:45:00,24.888,74.649,960.242
AWS_AP11,2025-07-04 06:00:00,24.47,71.799,960.452
AWS_AP11,2025-07-04 06:15:00,25.518,72.478,960.361
AWS_AP11,2025-07-04 06:30:00,25.533,73.946,960.35
AWS_AP11,2025-07-04 06:45:00,41.264,72.485,961.296
AWS_AP11,2025-07-10 05:45:00,22.569,73.129,960.814
AWS_AP11,2025-07-10 06:00:00,22.948,68.6,962.463
AWS_AP11,2025-07-10 14:30:00,31.123,39.819,961.509
AWS_AP11,2025-07-10 14:45:00,30.984,35.605,961.576
AWS_AP11,2025-07-15 03:15:00,22.643,82.5,955.662
AWS_AP11,2025-07-15 03:30:00,22.629,82.004,955.83
AWS_AP11,2025-07-15 11:45:00,29.882,52.252,957.527
AWS_AP11,2025-07-15 12:00:00,30.038,49.757,963.07
AWS_AP11,2025-07-21 23:15:00,24.314,72.059,963.316
AWS_AP11,2025-07-21 23:30:00,23.955,74.436,963.176
AWS_AP11,2025-07-22 08:00:00,24.278,67.629,963.318
AWS_AP11,2025-07-22 08:15:00,24.633,67.171,964.467
AWS_AP11,2025-08-12 04:15:00,21.049,85.381,961.737
AWS_AP11,2025-08-12 04:30:00,20.5,82.55,961.974
AWS_AP11,2025-08-12 20:45:00,25.127,62.058,964.423
AWS_AP11,2025-08-12 21:00:00,24.645,59.8,964.932
AWS_AP11,2025-08-15 10:30:00,29.024,52.283,965.096
AWS_AP11,2025-08-15 10:45:00,28.619,54.48,965.402
AWS_AP11,2025-09-20 00:15:00,22.705,73.701,965.135
AWS_AP11,2025-09-20 00:30:00,22.995,73.001,965.172
AWS_AP11,2025-10-04 10:30:00,28.239,46.164,967.832
AWS_AP11,2025-10-04 10:45:00,28.122,42.869,968.125
AWS_AP11,2025-10-06 22:30:00,23.462,61.897,967.213
AWS_AP11,2025-10-06 22:45:00,23.311,63.272,967.281
AWS_AP11,2025-10-10 19:45:00,25.497,42.159,967.394
AWS_AP11,2025-10-10 20:00:00,25.36,41.635,967.165
AWS_AP11,2025-10-17 17:15:00,28.995,30.671,966.582
AWS_AP11,2025-10-17 17:30:00,29.441,36.066,967.657
AWS_AP11,2025-10-23 13:00:00,28.864,35.154,967.245
AWS_AP11,2025-10-23 13:15:00,28.921,32.148,967.864
AWS_AP11,2025-10-26 21:00:00,23.51,51.278,969.029
AWS_AP11,2025-10-26 21:15:00,23.174,48.363,969.51
AWS_AP11,2025-11-02 11:45:00,25.483,33.333,969.447
AWS_AP11,2025-11-02 12:00:00,25.486,30.562,969.473
AWS_AP11,2025-11-06 17:30:00,25.925,34.08,968.539
AWS_AP11,2025-11-06 17:45:00,25.824,32.2,968.212
AWS_AP11,2025-11-10 03:00:00,16.558,67.873,968.49
AWS_AP11,2025-11-10 03:15:00,16.808,68.79,968.275
AWS_AP11,2025-12-03 02:00:00,11.576,70.378,971.336
AWS_AP11,2025-12-03 02:15:00,11.725,70.446,970.89
AWS_AP11,2025-12-21 01:15:00,13.963,69.837,971.543
AWS_AP11,2025-12-21 01:30:00,14.648,71.387,970.811
AWS_AP11,2025-12-23 17:45:00,25.518,36.923,970.355
AWS_AP11,2025-12-23 18:00:00,25.356,38.469,969.965
AWS_AP11,2025-12-24 22:30:00,18.434,64.167,972.539
AWS_AP11,2025-12-24 22:45:00,18.208,60.287,972.311
AWS_AP12,2025-01-14 13:30:00,27.335,58.71,1009.02
AWS_AP12,2025-01-14 13:45:00,28.031,58.268,1008.65
AWS_AP12,2025-01-15 02:30:00,19.864,80.872,1007.495
AWS_AP12,2025-01-15 02:45:00,19.905,82.588,1007.482
AWS_AP12,2025-01-17 15:45:00,29.194,56.21,1008.014
AWS_AP12,2025-01-17 16:00:00,28.333,60.575,1007.785
AWS_AP12,2025-01-20 05:00:00,20.554,76.087,1007.902
AWS_AP12,2025-01-20 05:15:00,21.24,80.372,1008.013
AWS_AP12,2025-01-24 02:30:00,20.317,74.674,1008.499
AWS_AP12,2025-01-24 02:45:00,20.639,78.684,1009.342
AWS_AP12,2025-01-26 00:00:00,20.715,79.117,1011.406
AWS_AP12,2025-01-26 00:15:00,20.174,80.208,1010.824
AWS_AP12,2025-01-26 00:30:00,20.407,77.181,1010.409
AWS_AP12,2025-01-26 00:45:00,20.075,78.351,1010.386
AWS_AP12,2025-01-26 01:00:00,20.194,77.289,1009.863
AWS_AP12,2025-01-26 01:15:00,20.239,84.117,1010.603
AWS_AP12,2025-01-26 01:30:00,20.112,84.71,1010.088
AWS_AP12,2025-01-26 01:45:00,19.664,80.434,1009.927
AWS_AP12,2025-01-26 02:00:00,19.793,82.537,1009.62
AWS_AP12,2025-01-26 02:15:00,19.596,78.843,1009.086
AWS_AP12,2025-01-26 02:30:00,19.355,83.389,1009.559
AWS_AP12,2025-01-26 02:45:00,19.363,82.882,1008.832
AWS_AP12,2025-01-26 03:00:00,19.768,82.391,1008.834
AWS_AP12,2025-01-26 03:15:00,19.46,80.937,1009.123
AWS_AP12,2025-01-26 03:30:00,19.445,81.623,1008.805
AWS_AP12,2025-01-26 03:45:00,19.575,77.224,1009.009
AWS_AP12,2025-01-26 04:00:00,19.577,81.287,1009.265
AWS_AP12,2025-01-26 04:15:00,19.683,76.831,1008.922
AWS_AP12,2025-01-26 04:30:00,19.66,80.679,1008.466
AWS_AP12,2025-01-26 04:45:00,19.669,80.21,1008.715
AWS_AP12,2025-01-26 05:00:00,20.208,79.258,1009.023
AWS_AP12,2025-01-26 05:15:00,20.873,77.572,1008.813
AWS_AP12,2025-01-26 05:30:00,19.673,78.397,1008.962
AWS_AP12,2025-01-26 05:45:00,20.304,77.584,1009.36
AWS_AP12,2025-01-26 06:00:00,20.506,81.279,1009.357
AWS_AP12,2025-01-26 06:15:00,20.777,77.152,1009.405
AWS_AP12,2025-01-26 06:30:00,21.19,75.681,1010.255
AWS_AP12,2025-01-26 06:45:00,21.696,76.158,1009.845
AWS_AP12,2025-01-26 07:00:00,21.235,70.453,1010.4
AWS_AP12,2025-01-26 07:15:00,21.497,75.234,1010.382
AWS_AP12,2025-01-26 07:30:00,22.504,72.92,1011.089
AWS_AP12,2025-01-26 07:45:00,22.245,70.332,1010.995
AWS_AP12,2025-01-26 08:00:00,22.397,68.567,1011.157
AWS_AP12,2025-01-26 08:15:00,23.03,73.626,1010.62
AWS_AP12,2025-01-26 08:30:00,23.649,66.819,1011.9
AWS_AP12,2025-01-26 08:45:00,23.708,66.928,1011.06
AWS_AP12,2025-01-26 09:00:00,24.047,71.993,1010.951
AWS_AP12,2025-01-26 09:15:00,24.233,71.437,1011.528
AWS_AP12,2025-01-26 09:30:00,24.332,67.52,1011.42
AWS_AP12,2025-01-26 09:45:00,24.592,67.122,1010.962
AWS_AP12,2025-01-26 10:00:00,24.671,63.175,1011.291
AWS_AP12,2025-01-26 10:15:00,24.93,63.654,1010.918
AWS_AP12,2025-01-26 10:30:00,25.569,64.404,1011.529
AWS_AP12,2025-01-26 10:45:00,25.13,60.657,1010.959
AWS_AP12,2025-01-26 11:00:00,25.735,62.485,1010.418
AWS_AP12,2025-01-26 11:15:00,25.998,60.777,1011.311
AWS_AP12,2025-01-26 11:30:00,25.907,59.622,1010.771
AWS_AP12,2025-01-26 11:45:00,25.948,63.44,1009.981
AWS_AP12,2025-01-26 12:00:00,26.522,61.986,1010.572
AWS_AP12,2025-01-26 12:15:00,27.047,56.815,1009.999
AWS_AP12,2025-01-26 12:30:00,27.021,60.262,1010.733
AWS_AP12,2025-01-26 12:45:00,26.727,54.56,1010.405
AWS_AP12,2025-01-26 13:00:00,27.099,56.797,1008.701
AWS_AP12,2025-01-26 13:15:00,27.077,61.073,1009.927
AWS_AP12,2025-01-26 13:30:00,27.785,56.15,1010.34
AWS_AP12,2025-01-26 13:45:00,27.28,57.086,1009.53
AWS_AP12,2025-01-26 14:00:00,27.655,55.561,1009.024
AWS_AP12,2025-01-26 14:15:00,27.563,58.807,1009.345
AWS_AP12,2025-01-26 14:30:00,27.947,59.191,1008.822
AWS_AP12,2025-01-26 14:45:00,27.661,55.102,1009.398
AWS_AP12,2025-01-26 15:00:00,27.883,55.661,1008.706
AWS_AP12,2025-01-26 15:15:00,28.653,54.903,1009.205
AWS_AP12,2025-01-26 15:30:00,27.519,55.246,1008.276
AWS_AP12,2025-01-26 15:45:00,27.406,61.205,1009.083
AWS_AP12,2025-01-26 16:00:00,27.994,59.334,1008.566
AWS_AP12,2025-01-26 16:15:00,27.669,57.038,1008.385
AWS_AP12,2025-01-26 16:30:00,27.412,58.933,1008.951
AWS_AP12,2025-01-26 16:45:00,27.794,58.717,1008.737
AWS_AP12,2025-01-26 17:00:00,26.982,56.886,1008.212
AWS_AP12,2025-01-26 17:15:00,27.134,59.14,1009.429
AWS_AP12,2025-01-26 17:30:00,26.758,59.347,1008.803
AWS_AP12,2025-01-26 17:45:00,27.199,57.424,1009.594
AWS_AP12,2025-01-26 18:00:00,26.451,60.241,1009.332
AWS_AP12,2025-01-26 18:15:00,26.983,58.62,1010.482
AWS_AP12,2025-01-26 18:30:00,26.441,59.784,1009.979
AWS_AP12,2025-01-26 18:45:00,26.307,63.8,1009.412
AWS_AP12,2025-01-26 19:00:00,25.425,61.419,1009.92
AWS_AP12,2025-01-26 19:15:00,25.912,60.453,1010.139
AWS_AP12,2025-01-26 19:30:00,25.231,63.191,1010.636
AWS_AP12,2025-01-26 19:45:00,24.661,66.012,1010.281
AWS_AP12,2025-01-26 20:00:00,24.409,68.67,1010.689
AWS_AP12,2025-01-26 20:15:00,23.756,66.992,1010.88
AWS_AP12,2025-01-26 20:30:00,24.691,65.736,1011.287
AWS_AP12,2025-01-26 20:45:00,24.148,67.663,1011.016
AWS_AP12,2025-01-26 21:00:00,23.433,70.574,1011.693
AWS_AP12,2025-01-26 21:15:00,23.573,70.471,1011.706
AWS_AP12,2025-01-26 21:30:00,23.405,69.93,1011.501
AWS_AP12,2025-01-26 21:45:00,23.061,73.593,1010.887
AWS_AP12,2025-01-26 22:00:00,22.809,69.696,1011.078
AWS_AP12,2025-01-26 22:15:00,22.822,69.838,1010.927
AWS_AP12,2025-01-26 22:30:00,22.107,77.35,1011.706
AWS_AP12,2025-01-26 22:45:00,22.104,73.433,1011.488
AWS_AP12,2025-01-26 23:00:00,21.74,75.506,1011.198
AWS_AP12,2025-01-26 23:15:00,21.174,72.901,1011.281
AWS_AP12,2025-01-26 23:30:00,20.743,77.963,1010.927
AWS_AP12,2025-01-26 23:45:00,21.308,79.276,1010.5
AWS_AP12,2025-01-27 00:00:00,15.805,81.807,1010.027
AWS_AP12,2025-01-27 00:15:00,16.723,77.572,1009.597
AWS_AP12,2025-01-27 00:30:00,16.653,77.831,1009.992
AWS_AP12,2025-02-01 08:45:00,25.207,67.693,1009.768
AWS_AP12,2025-02-01 09:00:00,26.109,65.15,1009.346
AWS_AP12,2025-02-08 18:00:00,26.934,57.978,1008.413
AWS_AP12,2025-02-08 18:15:00,26.57,59.042,1008.328
AWS_AP12,2025-02-14 14:15:00,28.808,53.991,1006.893
AWS_AP12,2025-02-14 14:30:00,29.232,52.202,1006.674
AWS_AP12,2025-02-25 11:30:00,29.53,60.634,1008.499
AWS_AP12,2025-02-25 11:45:00,29.629,58.791,1008.641
AWS_AP12,2025-02-25 20:15:00,27.174,64.527,1009.045
AWS_AP12,2025-02-25 20:30:00,26.787,64.9,1008.502
AWS_AP12,2025-03-06 12:30:00,31.171,51.885,1006.854
AWS_AP12,2025-03-06 12:45:00,31.435,53.312,1007.199
AWS_AP12,2025-03-08 11:30:00,29.946,61.821,1007.516
AWS_AP12,2025-03-08 11:45:00,29.781,62.449,1006.695
AWS_AP12,2025-03-10 03:15:00,28.987,67.305,1005.836
AWS_AP12,2025-03-10 03:30:00,29.106,65.247,1006.098
AWS_AP12,2025-03-11 12:15:00,34.939,49.259,1008.007
AWS_AP12,2025-03-11 12:30:00,34.635,45.274,1008.188
AWS_AP12,2025-03-13 15:00:00,35.646,45.651,1005.796
AWS_AP12,2025-03-13 15:15:00,35.365,46.085,1004.865
AWS_AP12,2025-03-13 15:30:00,35.445,44.148,1005.593
AWS_AP12,2025-03-13 15:45:00,35.617,43.361,1004.819
AWS_AP12,2025-03-13 16:00:00,35.449,44.666,1005.242
AWS_AP12,2025-03-13 16:15:00,35.434,46.365,1005.139
AWS_AP12,2025-03-13 16:30:00,35.532,48.741,1004.689
AWS_AP12,2025-03-13 16:45:00,35.912,47.406,1005.219
AWS_AP12,2025-03-13 17:00:00,34.988,46.144,1005.368
AWS_AP12,2025-03-13 17:15:00,35.524,52.809,1005.283
AWS_AP12,2025-03-13 17:30:00,35.023,48.653,1005.65
AWS_AP12,2025-03-13 17:45:00,34.947,44.983,1006.014
AWS_AP12,2025-03-13 18:00:00,34.689,48.521,1006.225
AWS_AP12,2025-03-13 18:15:00,34.144,48.612,1005.578
AWS_AP12,2025-03-13 18:30:00,34.008,51.403,1006.403
AWS_AP12,2025-03-13 18:45:00,34.053,50.85,1006.294
AWS_AP12,2025-03-13 19:00:00,34.041,50.43,1007.11
AWS_AP12,2025-03-13 19:15:00,33.628,52.045,1006.561
AWS_AP12,2025-03-13 19:30:00,33.32,54.187,1006.304
AWS_AP12,2025-03-13 19:45:00,33.096,53.108,1005.863
AWS_AP12,2025-03-13 20:00:00,32.324,54.615,1006.952
AWS_AP12,2025-03-13 20:15:00,32.541,55.742,1007.072
AWS_AP12,2025-03-13 20:30:00,32.518,57.603,1007.481
AWS_AP12,2025-03-13 20:45:00,31.665,58.899,1007.099
AWS_AP12,2025-03-13 21:00:00,32.039,57.026,1007.554
AWS_AP12,2025-03-13 21:15:00,31.542,58.181,1007.297
AWS_AP12,2025-03-13 21:30:00,30.577,58.412,1008.312
AWS_AP12,2025-03-13 21:45:00,30.885,60.023,1008.053
AWS_AP12,2025-03-13 22:00:00,30.329,64.446,1007.766
AWS_AP12,2025-03-13 22:15:00,30.898,61.562,1007.3
AWS_AP12,2025-03-13 22:30:00,29.892,63.462,1007.069
AWS_AP12,2025-03-13 22:45:00,30.158,63.094,1007.463
AWS_AP12,2025-03-13 23:00:00,29.997,68.417,1007.182
AWS_AP12,2025-03-13 23:15:00,29.084,64.489,1007.812
AWS_AP12,2025-03-13 23:30:00,28.917,64.848,1006.532
AWS_AP12,2025-03-13 23:45:00,29.21,69.08,1007.577
AWS_AP12,2025-03-14 00:00:00,29.827,64.044,1006.414
AWS_AP12,2025-03-14 00:15:00,29.904,63.296,1006.66
AWS_AP12,2025-03-14 00:30:00,29.896,63.985,1007.036
AWS_AP12,2025-03-14 00:45:00,29.369,61.303,1006.996
AWS_AP12,2025-03-14 01:00:00,29.775,67.315,1006.151
AWS_AP12,2025-03-14 01:15:00,29.381,66.752,1006.637
AWS_AP12,2025-03-14 01:30:00,29.061,62.016,1006.483
AWS_AP12,2025-03-14 01:45:00,29.49,65.904,1005.78
AWS_AP12,2025-03-14 02:00:00,28.948,65.957,1005.254
AWS_AP12,2025-03-14 02:15:00,28.774,68.488,1005.273
AWS_AP12,2025-03-14 02:30:00,28.843,67.246,1004.881
AWS_AP12,2025-03-14 02:45:00,29.308,64.541,1005.074
AWS_AP12,2025-03-14 03:00:00,28.951,67.91,1005.772
AWS_AP12,2025-03-14 03:15:00,28.859,67.525,1005.276
AWS_AP12,2025-03-14 03:30:00,29.134,66.007,1003.717
AWS_AP12,2025-03-14 03:45:00,28.909,66.136,1005.061
AWS_AP12,2025-03-14 04:00:00,29.452,64.028,1005.281
AWS_AP12,2025-03-14 04:15:00,28.949,64.841,1004.609
AWS_AP12,2025-03-14 04:30:00,29.191,64.664,1005.151
AWS_AP12,2025-03-14 04:45:00,29.205,64.312,1005.297
AWS_AP12,2025-03-14 05:00:00,29.569,70.774,1005.601
AWS_AP12,2025-03-14 05:15:00,29.05,66.463,1005.452
AWS_AP12,2025-03-14 05:30:00,29.557,64.074,1005.462
AWS_AP12,2025-03-14 05:45:00,29.875,64.963,1005.408
AWS_AP12,2025-03-14 06:00:00,29.505,63.225,1005.885
AWS_AP12,2025-03-14 06:15:00,30.245,62.425,1005.933
AWS_AP12,2025-03-14 06:30:00,30.716,62.667,1005.527
AWS_AP12,2025-03-14 06:45:00,30.667,62.849,1005.79
AWS_AP12,2025-03-14 07:00:00,31.417,60.346,1006.336
AWS_AP12,2025-03-14 07:15:00,31.3,62.236,1007.205
AWS_AP12,2025-03-14 07:30:00,30.995,57.426,1006.613
AWS_AP12,2025-03-14 07:45:00,31.503,61.205,1006.773
AWS_AP12,2025-03-14 08:00:00,31.975,59.399,1006.649
AWS_AP12,2025-03-14 08:15:00,32.073,55.521,1007.461
AWS_AP12,2025-03-14 08:30:00,32.313,56.325,1007.383
AWS_AP12,2025-03-14 08:45:00,32.835,54.287,1007.074
AWS_AP12,2025-03-14 09:00:00,33.057,52.512,1007.635
AWS_AP12,2025-03-14 09:15:00,32.562,55.322,1007.058
AWS_AP12,2025-03-14 09:30:00,33.649,53.404,1007.132
AWS_AP12,2025-03-14 09:45:00,33.919,52.445,1007.168
AWS_AP12,2025-03-14 10:00:00,33.686,51.654,1007.185
AWS_AP12,2025-03-14 10:15:00,34.182,48.61,1007.484
AWS_AP12,2025-03-14 10:30:00,34.328,50.999,1007.412
AWS_AP12,2025-03-14 10:45:00,34.852,50.591,1007.947
AWS_AP12,2025-03-14 11:00:00,35.312,49.905,1006.883
AWS_AP12,2025-03-14 11:15:00,35.281,49.791,1006.658
AWS_AP12,2025-03-14 11:30:00,35.567,48.92,1007.119
AWS_AP12,2025-03-14 11:45:00,35.819,46.358,1006.272
AWS_AP12,2025-03-14 12:00:00,35.254,46.661,1007.017
AWS_AP12,2025-03-14 12:15:00,35.695,46.066,1006.918
AWS_AP12,2025-03-14 12:30:00,35.645,42.231,1006.684
AWS_AP12,2025-03-14 12:45:00,36.445,46.402,1006.334
AWS_AP12,2025-03-14 13:00:00,36.196,44.443,1005.657
AWS_AP12,2025-03-14 13:15:00,36.352,42.227,1006.477
AWS_AP12,2025-03-14 13:30:00,36.888,42.038,1006.3
AWS_AP12,2025-03-14 13:45:00,36.964,44.619,1005.637
AWS_AP12,2025-03-14 14:00:00,36.717,40.875,1005.743
AWS_AP12,2025-03-14 14:15:00,36.906,48.848,1006.051
AWS_AP12,2025-03-14 14:30:00,36.649,38.56,1005.589
AWS_AP12,2025-03-14 14:45:00,37.054,41.766,1005.017
AWS_AP12,2025-03-14 15:00:00,37.048,40.812,1004.866
AWS_AP12,2025-03-28 06:00:00,25.685,76.563,1006.058
AWS_AP12,2025-03-28 06:15:00,25.782,78.899,1005.456
AWS_AP12,2025-04-01 12:00:00,32.334,56.319,1004.54
AWS_AP12,2025-04-01 12:15:00,32.325,57.457,1005.188
AWS_AP12,2025-04-03 09:15:00,32.277,60.903,1005.144
AWS_AP12,2025-04-03 09:30:00,32.445,59.725,1005.351
AWS_AP12,2025-04-16 02:30:00,30.724,69.009,1001.301
AWS_AP12,2025-04-16 02:45:00,30.842,71.723,1001.751
AWS_AP12,2025-04-21 13:00:00,33.985,51.339,1003.522
AWS_AP12,2025-04-21 13:15:00,34.037,51.117,1003.357
AWS_AP12,2025-04-22 02:00:00,25.662,76.156,1002.907
AWS_AP12,2025-04-22 02:15:00,25.556,73.374,1001.842
AWS_AP12,2025-05-06 18:00:00,32.961,61.06,1001.187
AWS_AP12,2025-05-06 18:15:00,32.75,61.445,1001.57
AWS_AP12,2025-05-06 18:30:00,32.389,60.951,1002.905
AWS_AP12,2025-05-06 18:45:00,32.091,58.28,1001.942
AWS_AP12,2025-05-06 19:00:00,31.597,62.647,1002.028
AWS_AP12,2025-05-06 19:15:00,31.964,63.552,1001.966
AWS_AP12,2025-05-06 19:30:00,31.348,64.277,1002.549
AWS_AP12,2025-05-06 19:45:00,31.147,64.407,1002.934
AWS_AP12,2025-05-06 20:00:00,31.274,65.39,1002.803
AWS_AP12,2025-05-06 20:15:00,30.819,67.299,1002.925
AWS_AP12,2025-05-06 20:30:00,30.367,70.187,1002.795
AWS_AP12,2025-05-06 20:45:00,30.173,66.037,1003.49
AWS_AP12,2025-05-06 21:00:00,30.121,68.653,1003.96
AWS_AP12,2025-05-06 21:15:00,29.084,68.579,1003.281
AWS_AP12,2025-05-06 21:30:00,29.382,71.926,1004.083
AWS_AP12,2025-05-06 21:45:00,28.731,67.524,1003.813
AWS_AP12,2025-05-06 22:00:00,28.959,70.224,1003.758
AWS_AP12,2025-05-06 22:15:00,28.45,70.415,1003.461
AWS_AP12,2025-05-06 22:30:00,28.136,74.996,1003.332
AWS_AP12,2025-05-06 22:45:00,28.266,70.892,1002.9
AWS_AP12,2025-05-06 23:00:00,27.491,70.272,1003.137
AWS_AP12,2025-05-06 23:15:00,27.618,75.641,1003.103
AWS_AP12,2025-05-06 23:30:00,27.825,75.195,850.0
AWS_AP12,2025-05-06 23:45:00,27.434,74.628,1003.138
AWS_AP12,2025-05-07 00:00:00,27.224,72.27,1004.048
AWS_AP12,2025-05-07 00:15:00,27.115,77.185,1002.849
AWS_AP12,2025-05-07 00:30:00,27.148,76.301,1003.11
AWS_AP12,2025-05-07 00:45:00,27.27,74.294,1002.512
AWS_AP12,2025-05-07 01:00:00,26.686,77.547,1002.184
AWS_AP12,2025-05-07 01:15:00,27.419,76.065,1002.283
AWS_AP12,2025-05-07 01:30:00,26.607,78.324,1001.885
AWS_AP12,2025-05-07 01:45:00,26.565,74.448,1002.134
AWS_AP12,2025-05-07 02:00:00,26.366,78.448,1001.523
AWS_AP12,2025-05-07 02:15:00,26.09,76.523,1002.204
AWS_AP12,2025-05-07 02:30:00,27.224,78.72,1001.552
AWS_AP12,2025-05-07 02:45:00,26.656,79.412,1001.288
AWS_AP12,2025-05-07 03:00:00,26.648,80.142,1001.655
AWS_AP12,2025-05-07 03:15:00,26.308,77.112,1001.167
AWS_AP12,2025-05-07 03:30:00,26.77,81.708,1001.762
AWS_AP12,2025-05-07 03:45:00,26.423,81.043,1000.426
AWS_AP12,2025-05-07 04:00:00,26.214,78.377,1000.823
AWS_AP12,2025-05-07 04:15:00,27.212,77.814,1001.298
AWS_AP12,2025-05-07 04:30:00,26.966,78.915,1001.238
AWS_AP12,2025-05-07 04:45:00,26.838,77.224,1000.849
AWS_AP12,2025-05-07 05:00:00,26.966,76.799,1001.09
AWS_AP12,2025-05-07 05:15:00,27.285,75.791,1001.332
AWS_AP12,2025-05-07 05:30:00,26.984,74.012,1001.855
AWS_AP12,2025-05-07 05:45:00,27.171,74.225,1001.587
AWS_AP12,2025-05-07 06:00:00,27.485,76.481,1001.011
AWS_AP12,2025-05-07 06:15:00,27.834,70.4,1001.774
AWS_AP12,2025-05-07 06:30:00,27.849,67.586,1001.967
AWS_AP12,2025-05-07 06:45:00,27.944,73.613,1002.22
AWS_AP12,2025-05-07 07:00:00,28.143,76.186,1002.366
AWS_AP12,2025-05-07 07:15:00,28.759,70.766,1002.603
AWS_AP12,2025-05-07 07:30:00,28.839,72.726,1001.863
AWS_AP12,2025-05-07 07:45:00,29.294,69.695,1003.546
AWS_AP12,2025-05-07 08:00:00,29.741,66.601,1003.271
AWS_AP12,2025-05-07 08:15:00,30.313,70.415,1003.679
AWS_AP12,2025-05-07 08:30:00,30.06,66.053,1002.776
AWS_AP12,2025-05-07 08:45:00,30.283,67.647,1003.032
AWS_AP12,2025-05-07 09:00:00,30.898,69.435,1003.799
AWS_AP12,2025-05-07 09:15:00,30.802,67.864,1004.543
AWS_AP12,2025-05-07 09:30:00,31.079,66.624,1004.91
AWS_AP12,2025-05-07 09:45:00,31.033,62.461,1003.655
AWS_AP12,2025-05-07 10:00:00,31.228,64.837,1004.177
AWS_AP12,2025-05-07 10:15:00,32.043,61.392,1003.282
AWS_AP12,2025-05-07 10:30:00,31.402,59.083,1004.251
AWS_AP12,2025-05-07 10:45:00,32.256,57.801,1003.39
AWS_AP12,2025-05-07 11:00:00,32.603,62.613,1003.632
AWS_AP12,2025-05-07 11:15:00,32.89,59.654,1003.743
AWS_AP12,2025-05-07 11:30:00,32.841,54.79,1003.147
AWS_AP12,2025-05-07 11:45:00,33.421,55.305,1002.853
AWS_AP12,2025-05-07 12:00:00,33.135,57.86,1002.643
AWS_AP12,2025-05-07 12:15:00,33.659,57.184,1002.821
AWS_AP12,2025-05-07 12:30:00,33.422,56.285,1003.727
AWS_AP12,2025-05-07 12:45:00,33.772,55.855,1002.765
AWS_AP12,2025-05-07 13:00:00,33.952,56.269,1002.667
AWS_AP12,2025-05-07 13:15:00,34.4,56.175,1002.076
AWS_AP12,2025-05-07 13:30:00,34.979,52.612,1002.737
AWS_AP12,2025-05-07 13:45:00,34.491,51.753,1002.822
AWS_AP12,2025-05-07 14:00:00,34.965,56.133,1001.71
AWS_AP12,2025-05-07 14:15:00,34.768,53.479,1001.558
AWS_AP12,2025-05-07 14:30:00,34.8,57.703,1001.677
AWS_AP12,2025-05-07 14:45:00,34.434,52.796,1001.317
AWS_AP12,2025-05-07 15:00:00,33.994,58.813,1001.417
AWS_AP12,2025-05-07 15:15:00,34.198,55.489,1001.062
AWS_AP12,2025-05-07 15:30:00,34.52,55.134,1001.235
AWS_AP12,2025-05-07 15:45:00,34.253,54.614,1000.616
AWS_AP12,2025-05-07 16:00:00,33.709,52.234,1000.817
AWS_AP12,2025-05-07 16:15:00,34.171,51.397,1001.678
AWS_AP12,2025-05-07 16:30:00,34.755,55.1,1001.274
AWS_AP12,2025-05-07 16:45:00,33.615,57.97,1000.903
AWS_AP12,2025-05-07 17:00:00,33.861,57.245,1001.688
AWS_AP12,2025-05-07 17:15:00,33.537,52.814,1001.222
AWS_AP12,2025-05-07 17:30:00,33.856,57.214,1001.572
AWS_AP12,2025-05-07 17:45:00,33.415,57.944,1000.377
AWS_AP12,2025-05-07 18:00:00,14.038,58.626,1001.164
AWS_AP12,2025-05-07 18:15:00,33.039,58.091,1001.646
AWS_AP12,2025-05-07 18:30:00,33.088,59.786,1002.212
AWS_AP12,2025-05-07 18:45:00,32.832,56.688,1002.456
AWS_AP12,2025-05-07 19:00:00,32.164,61.344,1002.152
AWS_AP12,2025-05-07 19:15:00,32.247,62.839,1001.863
AWS_AP12,2025-05-07 19:30:00,31.874,59.253,1002.983
AWS_AP12,2025-05-07 19:45:00,31.565,60.777,1003.541
AWS_AP12,2025-05-07 20:00:00,31.29,62.749,1002.639
AWS_AP12,2025-05-07 20:15:00,31.141,65.495,1003.531
AWS_AP12,2025-05-07 20:30:00,31.135,61.137,1003.319
AWS_AP12,2025-05-07 20:45:00,30.962,64.203,1002.588
AWS_AP12,2025-05-07 21:00:00,30.563,68.217,1003.354
AWS_AP12,2025-05-07 21:15:00,30.635,63.344,1003.782
AWS_AP12,2025-05-07 21:30:00,30.105,69.361,1003.157
AWS_AP12,2025-05-07 21:45:00,29.669,65.988,1013.167
AWS_AP12,2025-05-10 14:45:00,32.932,51.81,999.759
AWS_AP12,2025-05-10 15:00:00,33.004,55.262,1000.553
AWS_AP12,2025-05-13 03:00:00,26.986,78.185,1000.184
AWS_AP12,2025-05-13 03:15:00,27.439,77.659,999.819
AWS_AP12,2025-05-16 09:30:00,31.6,66.39,1001.395
AWS_AP12,2025-05-16 09:45:00,31.494,67.128,1001.276
AWS_AP12,2025-05-17 00:45:00,27.951,73.042,999.457
AWS_AP12,2025-05-17 01:00:00,27.883,77.192,999.851
AWS_AP12,2025-05-18 17:00:00,34.748,57.206,999.321
AWS_AP12,2025-05-18 17:15:00,34.306,54.544,998.962
AWS_AP12,2025-05-21 13:30:00,36.491,55.279,999.951
AWS_AP12,2025-05-21 13:45:00,36.337,55.714,1000.086
AWS_AP12,2025-05-31 15:00:00,34.811,60.92,998.419
AWS_AP12,2025-05-31 15:15:00,34.251,65.462,998.962
AWS_AP12,2025-05-31 23:00:00,28.63,78.284,1000.869
AWS_AP12,2025-05-31 23:15:00,28.385,76.432,1000.44
AWS_AP12,2025-06-19 10:45:00,32.19,73.818,999.219
AWS_AP12,2025-06-19 11:00:00,32.651,73.925,998.562
AWS_AP12,2025-06-22 11:00:00,31.92,69.508,998.997
AWS_AP12,2025-06-22 11:15:00,31.807,70.44,999.198
AWS_AP12,2025-06-23 01:45:00,28.245,90.985,999.483
AWS_AP12,2025-06-23 02:00:00,28.401,92.619,998.969
AWS_AP12,2025-06-26 11:45:00,31.81,74.495,999.941
AWS_AP12,2025-06-26 12:00:00,32.205,70.966,999.635
AWS_AP12,2025-06-27 00:45:00,25.949,90.481,1000.635
AWS_AP12,2025-06-27 01:00:00,27.013,97.721,999.845
AWS_AP12,2025-07-04 06:30:00,27.748,92.632,998.738
AWS_AP12,2025-07-04 06:45:00,28.662,88.681,998.238
AWS_AP12,2025-07-10 05:45:00,26.691,89.511,999.324
AWS_AP12,2025-07-10 06:00:00,26.856,94.567,999.349
AWS_AP12,2025-07-10 14:30:00,31.453,72.231,999.509
AWS_AP12,2025-07-10 14:45:00,32.008,72.137,999.459
AWS_AP12,2025-07-15 03:15:00,25.276,94.22,998.196
AWS_AP12,2025-07-15 03:30:00,25.57,96.273,999.043
AWS_AP12,2025-07-15 11:45:00,30.586,72.56,1000.626
AWS_AP12,2025-07-15 12:00:00,31.098,76.388,1001.168
AWS_AP12,2025-07-21 23:15:00,26.832,94.947,1000.65
AWS_AP12,2025-07-21 23:30:00,25.541,92.547,1001.596
AWS_AP12,2025-07-22 08:00:00,27.345,84.907,999.299
AWS_AP12,2025-07-22 08:15:00,26.895,81.102,999.718
AWS_AP12,2025-08-12 04:15:00,25.758,90.476,998.136
AWS_AP12,2025-08-12 04:30:00,26.558,92.178,998.565
AWS_AP12,2025-08-12 20:45:00,28.25,83.325,1000.996
AWS_AP12,2025-08-12 21:00:00,28.566,82.653,1000.887
AWS_AP12,2025-08-15 10:30:00,28.404,79.018,1001.431
AWS_AP12,2025-08-15 10:45:00,28.673,78.359,1000.842
AWS_AP12,2025-09-20 00:15:00,24.684,87.825,1001.297
AWS_AP12,2025-09-20 00:30:00,24.617,86.731,1002.13
AWS_AP12,2025-10-04 10:30:00,27.421,70.287,1004.391
AWS_AP12,2025-10-04 10:45:00,28.213,70.767,1003.944
AWS_AP12,2025-10-06 22:30:00,26.348,79.787,1002.95
AWS_AP12,2025-10-06 22:45:00,25.683,81.417,1002.713
AWS_AP12,2025-10-10 19:45:00,26.327,72.667,1003.689
AWS_AP12,2025-10-10 20:00:00,26.482,71.99,1004.029
AWS_AP12,2025-10-17 17:15:00,29.668,65.0,1002.554
AWS_AP12,2025-10-17 17:30:00,29.046,69.476,1003.258
AWS_AP12,2025-10-23 13:00:00,28.747,60.49,1005.305
AWS_AP12,2025-10-23 13:15:00,29.037,58.882,1005.03
AWS_AP12,2025-10-26 21:00:00,24.027,71.523,1006.81
AWS_AP12,2025-10-26 21:15:00,24.325,68.735,1006.387
AWS_AP12,2025-11-02 11:45:00,27.118,66.626,1007.531
AWS_AP12,2025-11-02 12:00:00,26.895,61.932,1007.161
AWS_AP12,2025-11-06 17:30:00,27.581,63.354,1005.454
AWS_AP12,2025-11-06 17:45:00,27.42,65.347,1005.526
AWS_AP12,2025-11-09 03:15:00,21.98,84.512,1005.271
AWS_AP12,2025-11-09 03:30:00,21.778,79.956,1005.386
AWS_AP12,2025-11-09 03:45:00,21.751,81.908,1005.396
AWS_AP12,2025-11-09 04:00:00,21.284,88.259,1004.985
AWS_AP12,2025-11-09 04:15:00,21.499,83.686,1006.444
AWS_AP12,2025-11-09 04:30:00,22.327,82.172,1005.411
AWS_AP12,2025-11-09 04:45:00,22.687,80.61,1005.8
AWS_AP12,2025-11-09 05:00:00,21.725,81.174,1004.809
AWS_AP12,2025-11-09 05:15:00,22.612,80.945,1005.186
AWS_AP12,2025-11-09 05:30:00,22.63,78.685,1006.757
AWS_AP12,2025-11-09 05:45:00,22.614,79.751,1006.256
AWS_AP12,2025-11-09 06:00:00,23.155,79.437,1006.107
AWS_AP12,2025-11-09 06:15:00,22.828,77.806,1005.875
AWS_AP12,2025-11-09 06:30:00,22.949,78.403,1006.62
AWS_AP12,2025-11-09 06:45:00,23.74,78.136,1006.692
AWS_AP12,2025-11-09 07:00:00,23.338,78.482,1006.501
AWS_AP12,2025-11-09 07:15:00,23.486,73.962,1007.334
AWS_AP12,2025-11-09 07:30:00,23.937,73.536,1006.82
AWS_AP12,2025-11-09 07:45:00,23.853,76.896,1007.096
AWS_AP12,2025-11-09 08:00:00,24.508,74.242,1007.828
AWS_AP12,2025-11-09 08:15:00,24.845,68.432,1007.2
AWS_AP12,2025-11-09 08:30:00,24.611,73.884,1007.26
AWS_AP12,2025-11-09 08:45:00,25.547,72.0,1007.751
AWS_AP12,2025-11-09 09:00:00,25.498,72.244,1007.486
AWS_AP12,2025-11-09 09:15:00,25.633,72.936,1008.229
AWS_AP12,2025-11-09 09:30:00,25.673,68.306,1008.499
AWS_AP12,2025-11-09 09:45:00,25.964,67.972,1008.237
AWS_AP12,2025-11-09 10:00:00,26.339,68.193,1007.503
AWS_AP12,2025-11-09 10:15:00,26.536,66.232,1007.021
AWS_AP12,2025-11-09 10:30:00,26.578,69.783,1008.085
AWS_AP12,2025-11-09 10:45:00,26.241,66.523,1007.835
AWS_AP12,2025-11-09 11:00:00,27.351,65.661,1007.345
AWS_AP12,2025-11-09 11:15:00,26.775,62.605,1007.039
AWS_AP12,2025-11-09 11:30:00,26.993,63.306,1007.651
AWS_AP12,2025-11-09 11:45:00,28.01,62.698,1007.426
AWS_AP12,2025-11-09 12:00:00,27.895,64.608,1007.47
AWS_AP12,2025-11-09 12:15:00,28.107,61.926,1006.599
AWS_AP12,2025-11-09 12:30:00,28.073,62.829,1006.575
AWS_AP12,2025-11-09 12:45:00,28.129,58.728,1007.332
AWS_AP12,2025-11-09 13:00:00,28.449,60.595,1007.422
AWS_AP12,2025-11-09 13:15:00,28.287,58.543,1006.64
AWS_AP12,2025-11-09 13:30:00,28.899,56.196,1005.82
AWS_AP12,2025-11-09 13:45:00,28.599,61.932,1006.383
AWS_AP12,2025-11-09 14:00:00,28.065,63.403,1005.181
AWS_AP12,2025-11-09 14:15:00,28.708,60.582,1006.097
AWS_AP12,2025-11-09 14:30:00,28.985,56.666,1006.215
AWS_AP12,2025-11-09 14:45:00,29.152,56.829,1005.09
AWS_AP12,2025-11-09 15:00:00,28.732,59.361,1004.88
AWS_AP12,2025-11-09 15:15:00,28.77,56.804,1005.468
AWS_AP12,2025-11-09 15:30:00,28.961,58.858,1005.423
AWS_AP12,2025-11-09 15:45:00,28.678,59.26,1005.008
AWS_AP12,2025-11-09 16:00:00,28.791,60.428,1005.698
AWS_AP12,2025-11-09 16:15:00,27.936,59.54,1005.367
AWS_AP12,2025-11-09 16:30:00,28.165,59.48,1004.624
AWS_AP12,2025-11-09 16:45:00,28.227,58.631,1005.507
AWS_AP12,2025-11-09 17:00:00,28.233,61.17,1006.236
AWS_AP12,2025-11-09 17:15:00,28.661,63.553,1005.597
AWS_AP12,2025-11-09 17:30:00,27.839,58.754,1006.141
AWS_AP12,2025-11-09 17:45:00,27.587,62.626,1006.463
AWS_AP12,2025-11-09 18:00:00,27.881,62.769,1006.05
AWS_AP12,2025-11-09 18:15:00,27.27,63.076,1005.362
AWS_AP12,2025-11-09 18:30:00,27.387,62.955,1006.052
AWS_AP12,2025-11-09 18:45:00,26.993,65.723,1005.996
AWS_AP12,2025-11-09 19:00:00,26.839,61.581,1006.407
AWS_AP12,2025-11-09 19:15:00,27.455,67.125,1006.844
AWS_AP12,2025-11-09 19:30:00,26.4,66.33,1006.037
AWS_AP12,2025-11-09 19:45:00,26.012,67.176,1007.273
AWS_AP12,2025-11-09 20:00:00,26.29,68.014,1006.972
AWS_AP12,2025-11-09 20:15:00,25.573,66.623,1007.62
AWS_AP12,2025-11-09 20:30:00,25.91,68.119,1007.11
AWS_AP12,2025-11-09 20:45:00,25.073,70.631,1007.963
AWS_AP12,2025-11-09 21:00:00,25.395,73.039,1007.886
AWS_AP12,2025-11-09 21:15:00,25.091,72.009,1007.762
AWS_AP12,2025-11-09 21:30:00,24.78,72.518,1008.349
AWS_AP12,2025-11-09 21:45:00,24.34,75.0,1007.713
AWS_AP12,2025-11-09 22:00:00,24.959,74.251,1008.612
AWS_AP12,2025-11-09 22:15:00,24.104,76.04,1007.546
AWS_AP12,2025-11-09 22:30:00,23.366,77.737,1008.28
AWS_AP12,2025-11-09 22:45:00,23.411,80.198,1008.32
AWS_AP12,2025-11-09 23:00:00,23.181,75.702,1008.273
AWS_AP12,2025-11-09 23:15:00,23.418,80.235,1008.329
AWS_AP12,2025-11-09 23:30:00,23.206,80.741,1007.702
AWS_AP12,2025-11-09 23:45:00,23.047,78.381,1006.445
AWS_AP12,2025-11-10 00:00:00,22.093,80.146,1007.471
AWS_AP12,2025-11-10 00:15:00,21.41,79.771,1008.562
AWS_AP12,2025-11-10 00:30:00,22.05,80.673,1007.15
AWS_AP12,2025-11-10 00:45:00,21.415,84.007,1008.249
AWS_AP12,2025-11-10 01:00:00,21.393,83.546,1007.523
AWS_AP12,2025-11-10 01:15:00,21.965,80.197,1006.939
AWS_AP12,2025-11-10 01:30:00,21.899,80.694,1008.18
AWS_AP12,2025-11-10 01:45:00,21.852,82.68,1006.715
AWS_AP12,2025-11-10 02:00:00,21.4,86.469,1007.415
AWS_AP12,2025-11-10 02:15:00,21.345,82.338,1006.571
AWS_AP12,2025-11-10 02:30:00,20.772,83.103,1006.212
AWS_AP12,2025-11-10 02:45:00,21.203,83.973,1006.454
AWS_AP12,2025-11-10 03:00:00,21.746,80.767,1005.982
AWS_AP12,2025-11-10 03:15:00,40.133,83.279,1006.086
AWS_AP12,2025-12-03 02:00:00,19.783,79.509,1007.638
AWS_AP12,2025-12-03 02:15:00,20.411,82.29,1007.615
AWS_AP12,2025-12-21 01:15:00,21.175,85.095,1008.886
AWS_AP12,2025-12-21 01:30:00,21.15,81.762,1008.377
AWS_AP12,2025-12-23 17:45:00,27.149,57.262,1007.668
AWS_AP12,2025-12-23 18:00:00,27.189,61.541,1008.334
AWS_AP12,2025-12-24 22:30:00,21.252,72.241,1010.666
AWS_AP12,2025-12-24 22:45:00,21.558,72.898,1010.388
AWS_AP13,2025-01-14 13:30:00,26.603,59.563,1010.774
AWS_AP13,2025-01-14 13:45:00,27.048,62.298,1010.079
AWS_AP13,2025-01-15 02:30:00,19.679,77.682,1011.018
AWS_AP13,2025-01-15 02:45:00,20.14,81.734,1010.785
AWS_AP13,2025-01-17 15:45:00,28.179,57.106,1009.435
AWS_AP13,2025-01-17 16:00:00,28.182,56.884,1009.714
AWS_AP13,2025-01-20 05:00:00,21.58,78.712,1010.051
AWS_AP13,2025-01-20 05:15:00,21.537,79.826,1010.262
AWS_AP13,2025-01-24 02:30:00,21.196,82.124,1012.931
AWS_AP13,2025-01-24 02:45:00,21.566,78.542,1011.871
AWS_AP13,2025-01-26 00:00:00,21.168,77.732,1010.844
AWS_AP13,2025-01-26 00:15:00,21.143,78.68,1010.904
AWS_AP13,2025-01-26 00:30:00,20.632,81.346,1010.961
AWS_AP13,2025-01-26 00:45:00,20.813,79.428,1010.133
AWS_AP13,2025-01-26 01:00:00,20.061,82.607,1009.841
AWS_AP13,2025-01-26 01:15:00,20.407,82.57,1010.422
AWS_AP13,2025-01-26 01:30:00,19.864,81.463,1010.134
AWS_AP13,2025-01-26 01:45:00,19.917,79.917,1009.656
AWS_AP13,2025-01-26 02:00:00,20.21,81.827,1009.566
AWS_AP13,2025-01-26 02:15:00,19.703,85.887,1009.677
AWS_AP13,2025-01-26 02:30:00,19.572,84.824,1009.456
AWS_AP13,2025-01-26 02:45:00,19.769,83.244,1009.291
AWS_AP13,2025-01-26 03:00:00,20.222,83.612,1008.873
AWS_AP13,2025-01-26 03:15:00,19.903,82.307,1008.591
AWS_AP13,2025-01-26 03:30:00,19.551,85.023,1009.669
AWS_AP13,2025-01-26 03:45:00,19.465,80.537,1008.69
AWS_AP13,2025-01-26 04:00:00,19.999,84.996,1010.109
AWS_AP13,2025-01-26 04:15:00,19.957,81.165,1009.338
AWS_AP13,2025-01-26 04:30:00,20.272,82.054,1009.539
AWS_AP13,2025-01-26 04:45:00,20.416,80.291,1009.479
AWS_AP13,2025-01-26 05:00:00,20.319,81.666,1009.63
AWS_AP13,2025-01-26 05:15:00,20.569,81.21,1009.453
AWS_AP13,2025-01-26 05:30:00,20.445,80.941,1009.236
AWS_AP13,2025-01-26 05:45:00,20.113,81.277,1008.927
AWS_AP13,2025-01-26 06:00:00,21.28,78.755,1010.026
AWS_AP13,2025-01-26 06:15:00,21.194,74.946,1009.677
AWS_AP13,2025-01-26 06:30:00,21.538,74.601,1009.91
AWS_AP13,2025-01-26 06:45:00,21.723,74.907,1010.357
AWS_AP13,2025-01-26 07:00:00,22.124,74.25,1010.319
AWS_AP13,2025-01-26 07:15:00,21.884,73.187,1010.609
AWS_AP13,2025-01-26 07:30:00,22.116,74.671,1010.143
AWS_AP13,2025-01-26 07:45:00,22.167,70.649,1010.624
AWS_AP13,2025-01-26 08:00:00,22.672,70.997,1011.056
AWS_AP13,2025-01-26 08:15:00,23.625,73.773,1011.162
AWS_AP13,2025-01-26 08:30:00,23.826,73.843,1011.27
AWS_AP13,2025-01-26 08:45:00,23.601,68.912,1010.817
AWS_AP13,2025-01-26 09:00:00,24.009,70.374,1011.27
AWS_AP13,2025-01-26 09:15:00,24.022,69.415,1011.53
AWS_AP13,2025-01-26 09:30:00,24.329,68.791,1012.073
AWS_AP13,2025-01-26 09:45:00,24.876,66.983,1011.685
AWS_AP13,2025-01-26 10:00:00,25.864,66.561,1011.899
AWS_AP13,2025-01-26 10:15:00,25.109,66.399,1011.776
AWS_AP13,2025-01-26 10:30:00,25.419,64.359,1011.29
AWS_AP13,2025-01-26 10:45:00,25.848,61.507,1010.896
AWS_AP13,2025-01-26 11:00:00,26.477,61.336,1011.111
AWS_AP13,2025-01-26 11:15:00,26.448,64.4,1011.359
AWS_AP13,2025-01-26 11:30:00,26.459,63.783,1010.687
AWS_AP13,2025-01-26 11:45:00,26.89,62.269,1010.93
AWS_AP13,2025-01-26 12:00:00,26.65,63.9,1010.814
AWS_AP13,2025-01-26 12:15:00,27.48,57.557,1010.754
AWS_AP13,2025-01-26 12:30:00,27.236,60.828,1010.017
AWS_AP13,2025-01-26 12:45:00,27.834,59.763,1009.761
AWS_AP13,2025-01-26 13:00:00,27.275,60.943,1009.826
AWS_AP13,2025-01-26 13:15:00,27.519,57.536,1010.069
AWS_AP13,2025-01-26 13:30:00,27.958,59.051,1010.268
AWS_AP13,2025-01-26 13:45:00,28.393,60.675,1010.392
AWS_AP13,2025-01-26 14:00:00,28.316,60.227,1009.858
AWS_AP13,2025-01-26 14:15:00,27.754,57.129,1009.347
AWS_AP13,2025-01-26 14:30:00,28.228,54.427,1010.13
AWS_AP13,2025-01-26 14:45:00,29.114,59.864,1009.394
AWS_AP13,2025-01-26 15:00:00,28.403,57.395,1009.765
AWS_AP13,2025-01-26 15:15:00,28.29,58.761,1008.963
AWS_AP13,2025-01-26 15:30:00,28.028,59.247,1009.453
AWS_AP13,2025-01-26 15:45:00,27.607,59.811,1008.531
AWS_AP13,2025-01-26 16:00:00,27.92,56.716,1008.783
AWS_AP13,2025-01-26 16:15:00,28.373,56.645,1009.239
AWS_AP13,2025-01-26 16:30:00,28.139,61.351,1008.648
AWS_AP13,2025-01-26 16:45:00,27.387,58.017,1009.351
AWS_AP13,2025-01-26 17:00:00,27.132,60.793,1008.899
AWS_AP13,2025-01-26 17:15:00,27.22,64.186,1008.619
AWS_AP13,2025-01-26 17:30:00,27.506,57.984,1009.595
AWS_AP13,2025-01-26 17:45:00,27.114,62.092,1009.391
AWS_AP13,2025-01-26 18:00:00,26.767,58.39,1009.046
AWS_AP13,2025-01-26 18:15:00,26.443,62.29,1009.924
AWS_AP13,2025-01-26 18:30:00,25.974,63.924,1010.222
AWS_AP13,2025-01-26 18:45:00,26.277,61.835,1009.443
AWS_AP13,2025-01-26 19:00:00,25.894,62.434,1010.253
AWS_AP13,2025-01-26 19:15:00,25.923,64.892,1010.94
AWS_AP13,2025-01-26 19:30:00,25.62,65.995,1010.247
AWS_AP13,2025-01-26 19:45:00,25.067,62.299,1010.584
AWS_AP13,2025-01-26 20:00:00,25.018,66.634,1011.075
AWS_AP13,2025-01-26 20:15:00,24.23,66.681,1011.301
AWS_AP13,2025-01-26 20:30:00,24.935,69.271,1010.991
AWS_AP13,2025-01-26 20:45:00,23.982,68.149,1011.781
AWS_AP13,2025-01-26 21:00:00,23.724,68.386,1011.333
AWS_AP13,2025-01-26 21:15:00,23.878,74.9,1011.638
AWS_AP13,2025-01-26 21:30:00,23.333,69.541,1011.167
AWS_AP13,2025-01-26 21:45:00,23.423,72.892,1011.654
AWS_AP13,2025-01-26 22:00:00,22.952,70.483,1012.082
AWS_AP13,2025-01-26 22:15:00,22.493,72.467,1011.93
AWS_AP13,2025-01-26 22:30:00,22.216,78.335,1012.13
AWS_AP13,2025-01-26 22:45:00,22.31,71.984,1011.336
AWS_AP13,2025-01-26 23:00:00,21.86,74.68,1011.471
AWS_AP13,2025-01-26 23:15:00,21.456,76.886,1010.66
AWS_AP13,2025-01-26 23:30:00,21.314,74.701,1011.165
AWS_AP13,2025-01-26 23:45:00,21.099,76.396,1010.824
AWS_AP13,2025-01-27 00:00:00,17.162,89.19,1013.153
AWS_AP13,2025-01-27 00:15:00,17.534,85.768,1011.873
AWS_AP13,2025-01-27 00:30:00,16.444,88.671,1012.588
AWS_AP13,2025-02-01 08:45:00,23.94,68.567,1012.852
AWS_AP13,2025-02-01 09:00:00,24.248,69.244,1011.919
AWS_AP13,2025-02-08 18:00:00,27.327,61.53,1010.667
AWS_AP13,2025-02-08 18:15:00,27.55,60.682,1010.632
AWS_AP13,2025-02-14 14:15:00,29.558,58.544,1008.86
AWS_AP13,2025-02-14 14:30:00,29.481,54.881,1007.93
AWS_AP13,2025-02-25 11:30:00,28.201,60.197,1010.322
AWS_AP13,2025-02-25 11:45:00,28.558,58.228,1009.664
AWS_AP13,2025-02-25 20:15:00,26.626,64.648,1009.564
AWS_AP13,2025-02-25 20:30:00,26.785,69.381,1010.076
AWS_AP13,2025-03-05 12:45:00,29.71,53.779,1009.703
AWS_AP13,2025-03-05 13:00:00,30.206,50.592,1009.279
AWS_AP13,2025-03-05 13:15:00,30.315,55.68,1008.478
AWS_AP13,2025-03-05 13:30:00,30.945,58.429,1009.019
AWS_AP13,2025-03-05 13:45:00,30.565,55.109,1008.235
AWS_AP13,2025-03-05 14:00:00,30.912,56.479,1008.26
AWS_AP13,2025-03-05 14:15:00,31.254,52.244,1008.654
AWS_AP13,2025-03-05 14:30:00,30.485,55.471,1008.328
AWS_AP13,2025-03-05 14:45:00,30.963,55.451,1008.57
AWS_AP13,2025-03-05 15:00:00,31.155,49.625,1007.937
AWS_AP13,2025-03-05 15:15:00,30.82,53.87,1007.64
AWS_AP13,2025-03-05 15:30:00,31.102,51.155,1007.985
AWS_AP13,2025-03-05 15:45:00,31.406,56.092,1008.132
AWS_AP13,2025-03-05 16:00:00,31.179,54.81,1007.313
AWS_AP13,2025-03-05 16:15:00,30.958,56.751,1007.47
AWS_AP13,2025-03-05 16:30:00,30.671,51.856,1008.006
AWS_AP13,2025-03-05 16:45:00,31.081,54.555,1007.295
AWS_AP13,2025-03-05 17:00:00,30.35,54.306,1008.144
AWS_AP13,2025-03-05 17:15:00,29.988,54.454,1008.211
AWS_AP13,2025-03-05 17:30:00,29.968,56.375,1008.276
AWS_AP13,2025-03-05 17:45:00,30.157,57.423,1008.191
AWS_AP13,2025-03-05 18:00:00,29.998,57.299,1007.672
AWS_AP13,2025-03-05 18:15:00,29.307,56.019,1008.542
AWS_AP13,2025-03-05 18:30:00,29.334,56.225,1008.744
AWS_AP13,2025-03-05 18:45:00,29.559,62.616,1009.179
AWS_AP13,2025-03-05 19:00:00,29.629,58.641,1009.581
AWS_AP13,2025-03-05 19:15:00,28.399,60.417,1009.233
AWS_AP13,2025-03-05 19:30:00,28.844,60.285,1008.672
AWS_AP13,2025-03-05 19:45:00,28.091,61.66,1009.003
AWS_AP13,2025-03-05 20:00:00,28.049,61.176,1009.261
AWS_AP13,2025-03-05 20:15:00,28.147,64.212,1009.855
AWS_AP13,2025-03-05 20:30:00,27.59,67.287,1009.696
AWS_AP13,2025-03-05 20:45:00,27.312,63.831,1010.574
AWS_AP13,2025-03-05 21:00:00,26.591,69.833,1010.761
AWS_AP13,2025-03-05 21:15:00,27.11,63.386,1010.579
AWS_AP13,2025-03-05 21:30:00,26.25,67.253,1010.511
AWS_AP13,2025-03-05 21:45:00,26.261,69.24,1010.781
AWS_AP13,2025-03-05 22:00:00,24.965,68.481,1010.283
AWS_AP13,2025-03-05 22:15:00,25.411,73.173,1010.109
AWS_AP13,2025-03-05 22:30:00,24.907,68.969,1010.42
AWS_AP13,2025-03-05 22:45:00,24.86,72.336,1010.384
AWS_AP13,2025-03-05 23:00:00,24.555,70.776,1010.406
AWS_AP13,2025-03-05 23:15:00,24.461,72.118,1009.201
AWS_AP13,2025-03-05 23:30:00,24.014,75.679,1010.874
AWS_AP13,2025-03-05 23:45:00,23.886,73.387,1009.978
AWS_AP13,2025-03-06 00:00:00,25.493,73.029,1009.419
AWS_AP13,2025-03-06 00:15:00,24.72,78.426,1009.115
AWS_AP13,2025-03-06 00:30:00,24.796,74.046,1008.683
AWS_AP13,2025-03-06 00:45:00,24.544,74.422,1009.428
AWS_AP13,2025-03-06 01:00:00,24.256,76.014,1008.468
AWS_AP13,2025-03-06 01:15:00,24.114,72.615,1009.065
AWS_AP13,2025-03-06 01:30:00,24.297,78.672,1008.257
AWS_AP13,2025-03-06 01:45:00,23.785,77.201,1008.06
AWS_AP13,2025-03-06 02:00:00,23.964,79.872,1008.118
AWS_AP13,2025-03-06 02:15:00,23.793,74.186,1008.35
AWS_AP13,2025-03-06 02:30:00,23.475,79.335,1007.601
AWS_AP13,2025-03-06 02:45:00,23.57,77.066,1007.07
AWS_AP13,2025-03-06 03:00:00,23.903,79.062,1006.947
AWS_AP13,2025-03-06 03:15:00,23.965,78.91,1007.846
AWS_AP13,2025-03-06 03:30:00,23.826,79.929,1008.428
AWS_AP13,2025-03-06 03:45:00,23.876,77.175,1008.071
AWS_AP13,2025-03-06 04:00:00,23.592,80.22,1007.924
AWS_AP13,2025-03-06 04:15:00,24.141,74.228,1007.011
AWS_AP13,2025-03-06 04:30:00,24.163,75.995,1007.261
AWS_AP13,2025-03-06 04:45:00,23.857,76.81,1007.703
AWS_AP13,2025-03-06 05:00:00,24.555,73.225,1007.645
AWS_AP13,2025-03-06 05:15:00,24.371,74.34,1007.377
AWS_AP13,2025-03-06 05:30:00,25.053,76.327,1007.786
AWS_AP13,2025-03-06 05:45:00,25.025,72.644,1007.933
AWS_AP13,2025-03-06 06:00:00,24.699,75.138,1008.867
AWS_AP13,2025-03-06 06:15:00,25.567,74.914,1008.25
AWS_AP13,2025-03-06 06:30:00,25.416,73.34,1008.637
AWS_AP13,2025-03-06 06:45:00,25.581,71.794,1008.295
AWS_AP13,2025-03-06 07:00:00,26.117,69.915,1008.809
AWS_AP13,2025-03-06 07:15:00,26.039,67.612,1009.038
AWS_AP13,2025-03-06 07:30:00,26.635,68.606,1008.753
AWS_AP13,2025-03-06 07:45:00,26.059,70.49,1009.03
AWS_AP13,2025-03-06 08:00:00,26.528,72.148,1009.146
AWS_AP13,2025-03-06 08:15:00,27.427,70.158,1010.057
AWS_AP13,2025-03-06 08:30:00,27.25,68.153,1009.296
AWS_AP13,2025-03-06 08:45:00,27.636,67.635,1009.705
AWS_AP13,2025-03-06 09:00:00,27.921,64.177,1009.751
AWS_AP13,2025-03-06 09:15:00,28.642,63.935,1009.195
AWS_AP13,2025-03-06 09:30:00,28.019,66.075,1009.483
AWS_AP13,2025-03-06 09:45:00,28.941,67.179,1009.719
AWS_AP13,2025-03-06 10:00:00,28.856,60.909,1009.947
AWS_AP13,2025-03-06 10:15:00,29.817,63.318,1009.769
AWS_AP13,2025-03-06 10:30:00,29.824,59.847,1009.723
AWS_AP13,2025-03-06 10:45:00,29.805,60.183,1009.608
AWS_AP13,2025-03-06 11:00:00,29.98,60.333,1009.703
AWS_AP13,2025-03-06 11:15:00,30.54,58.92,1009.322
AWS_AP13,2025-03-06 11:30:00,29.978,56.865,1010.061
AWS_AP13,2025-03-06 11:45:00,31.121,56.027,1010.229
AWS_AP13,2025-03-06 12:00:00,30.79,57.904,1008.896
AWS_AP13,2025-03-06 12:15:00,30.94,55.448,1009.73
AWS_AP13,2025-03-06 12:30:00,31.078,56.388,1008.956
AWS_AP13,2025-03-06 12:45:00,50.139,57.273,1009.241
AWS_AP13,2025-03-08 11:30:00,30.54,61.967,1009.404
AWS_AP13,2025-03-08 11:45:00,30.878,61.881,1009.257
AWS_AP13,2025-03-10 03:15:00,28.756,70.295,1007.482
AWS_AP13,2025-03-10 03:30:00,28.607,70.069,1008.106
AWS_AP13,2025-03-11 12:15:00,35.666,48.427,1009.369
AWS_AP13,2025-03-11 12:30:00,35.516,47.287,1009.458
AWS_AP13,2025-03-13 15:00:00,36.026,44.872,1006.789
AWS_AP13,2025-03-13 15:15:00,35.808,43.595,1007.313
AWS_AP13,2025-03-13 15:30:00,35.966,42.806,1005.95
AWS_AP13,2025-03-13 15:45:00,35.974,44.706,1006.683
AWS_AP13,2025-03-13 16:00:00,36.153,44.662,1006.31
AWS_AP13,2025-03-13 16:15:00,35.965,43.699,1006.655
AWS_AP13,2025-03-13 16:30:00,35.752,47.262,1006.447
AWS_AP13,2025-03-13 16:45:00,34.543,46.866,1007.105
AWS_AP13,2025-03-13 17:00:00,35.566,42.031,1006.739
AWS_AP13,2025-03-13 17:15:00,35.097,46.954,1007.439
AWS_AP13,2025-03-13 17:30:00,35.424,45.807,1007.455
AWS_AP13,2025-03-13 17:45:00,34.643,50.333,1007.239
AWS_AP13,2025-03-13 18:00:00,34.571,51.349,1007.294
AWS_AP13,2025-03-13 18:15:00,34.732,48.807,1007.283
AWS_AP13,2025-03-13 18:30:00,34.163,52.188,1007.21
AWS_AP13,2025-03-13 18:45:00,33.433,50.927,1007.79
AWS_AP13,2025-03-13 19:00:00,33.937,48.015,1008.515
AWS_AP13,2025-03-13 19:15:00,33.787,54.721,1008.224
AWS_AP13,2025-03-13 19:30:00,33.581,55.227,1008.082
AWS_AP13,2025-03-13 19:45:00,33.248,53.326,1008.442
AWS_AP13,2025-03-13 20:00:00,32.975,52.947,1008.444
AWS_AP13,2025-03-13 20:15:00,32.356,55.108,1009.101
AWS_AP13,2025-03-13 20:30:00,31.822,55.568,1008.965
AWS_AP13,2025-03-13 20:45:00,32.393,56.583,1008.546
AWS_AP13,2025-03-13 21:00:00,32.324,57.153,1008.962
AWS_AP13,2025-03-13 21:15:00,31.552,54.872,1009.791
AWS_AP13,2025-03-13 21:30:00,30.709,56.919,1009.406
AWS_AP13,2025-03-13 21:45:00,31.191,60.567,1009.063
AWS_AP13,2025-03-13 22:00:00,30.894,62.105,1008.875
AWS_AP13,2025-03-13 22:15:00,30.605,61.615,1008.945
AWS_AP13,2025-03-13 22:30:00,30.476,63.032,1009.131
AWS_AP13,2025-03-13 22:45:00,30.197,65.583,1008.808
AWS_AP13,2025-03-13 23:00:00,29.902,62.553,1009.184
AWS_AP13,2025-03-13 23:15:00,29.429,67.772,1008.547
AWS_AP13,2025-03-13 23:30:00,29.265,63.535,1009.319
AWS_AP13,2025-03-13 23:45:00,28.588,64.05,1008.183
AWS_AP13,2025-03-14 00:00:00,31.027,63.087,1009.452
AWS_AP13,2025-03-14 00:15:00,30.312,60.219,1009.324
AWS_AP13,2025-03-14 00:30:00,30.569,57.199,1009.759
AWS_AP13,2025-03-14 00:45:00,30.25,61.215,1008.637
AWS_AP13,2025-03-14 01:00:00,30.377,58.021,1009.618
AWS_AP13,2025-03-14 01:15:00,29.865,62.322,1009.021
AWS_AP13,2025-03-14 01:30:00,29.378,62.532,1008.343
AWS_AP13,2025-03-14 01:45:00,29.857,62.935,1008.57
AWS_AP13,2025-03-14 02:00:00,29.571,63.66,1008.638
AWS_AP13,2025-03-14 02:15:00,30.097,69.248,1007.969
AWS_AP13,2025-03-14 02:30:00,30.115,63.416,1008.064
AWS_AP13,2025-03-14 02:45:00,29.503,65.142,1007.597
AWS_AP13,2025-03-14 03:00:00,30.563,64.299,1007.143
AWS_AP13,2025-03-14 03:15:00,29.897,62.1,1008.52
AWS_AP13,2025-03-14 03:30:00,29.796,63.9,1007.896
AWS_AP13,2025-03-14 03:45:00,29.533,68.208,1007.56
AWS_AP13,2025-03-14 04:00:00,30.637,65.726,1007.418
AWS_AP13,2025-03-14 04:15:00,29.827,65.255,1007.074
AWS_AP13,2025-03-14 04:30:00,29.892,64.627,1007.406
AWS_AP13,2025-03-14 04:45:00,30.349,63.659,1007.222
AWS_AP13,2025-03-14 05:00:00,30.523,64.108,1007.586
AWS_AP13,2025-03-14 05:15:00,30.951,59.806,1007.937
AWS_AP13,2025-03-14 05:30:00,30.851,63.391,1007.309
AWS_AP13,2025-03-14 05:45:00,30.698,63.472,1007.31
AWS_AP13,2025-03-14 06:00:00,31.0,61.678,1007.537
AWS_AP13,2025-03-14 06:15:00,31.127,61.641,1008.379
AWS_AP13,2025-03-14 06:30:00,31.681,60.451,1008.248
AWS_AP13,2025-03-14 06:45:00,31.934,61.637,1008.551
AWS_AP13,2025-03-14 07:00:00,31.258,60.6,1008.817
AWS_AP13,2025-03-14 07:15:00,32.325,57.557,1009.027
AWS_AP13,2025-03-14 07:30:00,32.285,58.352,1009.08
AWS_AP13,2025-03-14 07:45:00,32.585,54.437,1009.898
AWS_AP13,2025-03-14 08:00:00,32.657,53.627,1009.377
AWS_AP13,2025-03-14 08:15:00,32.411,56.935,1009.731
AWS_AP13,2025-03-14 08:30:00,32.766,54.65,1009.745
AWS_AP13,2025-03-14 08:45:00,33.236,52.725,1009.622
AWS_AP13,2025-03-14 09:00:00,34.057,51.16,1010.286
AWS_AP13,2025-03-14 09:15:00,33.557,50.712,1010.044
AWS_AP13,2025-03-14 09:30:00,34.238,51.998,1010.451
AWS_AP13,2025-03-14 09:45:00,34.854,55.023,1010.248
AWS_AP13,2025-03-14 10:00:00,34.984,51.544,1010.752
AWS_AP13,2025-03-14 10:15:00,34.787,49.08,1009.82
AWS_AP13,2025-03-14 10:30:00,35.099,49.944,1009.663
AWS_AP13,2025-03-14 10:45:00,35.621,50.967,1010.341
AWS_AP13,2025-03-14 11:00:00,35.684,47.226,1009.412
AWS_AP13,2025-03-14 11:15:00,36.481,45.203,1010.056
AWS_AP13,2025-03-14 11:30:00,35.785,44.421,1009.707
AWS_AP13,2025-03-14 11:45:00,36.001,39.501,1009.516
AWS_AP13,2025-03-14 12:00:00,36.738,42.244,1009.227
AWS_AP13,2025-03-14 12:15:00,36.807,43.5,1009.399
AWS_AP13,2025-03-14 12:30:00,36.499,42.201,1008.847
AWS_AP13,2025-03-14 12:45:00,36.918,44.827,1008.804
AWS_AP13,2025-03-14 13:00:00,36.463,43.156,1009.58
AWS_AP13,2025-03-14 13:15:00,37.336,42.167,1009.044
AWS_AP13,2025-03-14 13:30:00,37.288,41.581,1008.099
AWS_AP13,2025-03-14 13:45:00,37.49,41.659,1008.564
AWS_AP13,2025-03-14 14:00:00,37.374,42.973,1007.918
AWS_AP13,2025-03-14 14:15:00,38.161,40.988,1007.557
AWS_AP13,2025-03-14 14:30:00,37.629,38.123,1007.252
AWS_AP13,2025-03-14 14:45:00,37.505,42.009,1007.651
AWS_AP13,2025-03-14 15:00:00,38.03,41.638,1007.523
AWS_AP13,2025-03-28 06:00:00,24.994,73.944,1007.943
AWS_AP13,2025-03-28 06:15:00,25.404,68.943,1007.893
AWS_AP13,2025-04-01 12:00:00,31.801,54.436,1008.352
AWS_AP13,2025-04-01 12:15:00,31.791,52.258,1008.244
AWS_AP13,2025-04-03 09:15:00,29.902,60.703,1006.071
AWS_AP13,2025-04-03 09:30:00,30.78,60.801,1005.894
AWS_AP13,2025-04-16 02:30:00,30.246,71.055,1004.911
AWS_AP13,2025-04-16 02:45:00,30.28,70.104,1004.747
AWS_AP13,2025-04-21 13:00:00,34.463,47.336,1003.84
AWS_AP13,2025-04-21 13:15:00,34.918,52.874,1003.81
AWS_AP13,2025-04-22 02:00:00,26.026,77.434,1004.393
AWS_AP13,2025-04-22 02:15:00,25.154,73.788,1004.025
AWS_AP13,2025-05-07 17:45:00,34.807,58.293,1002.051
AWS_AP13,2025-05-07 18:00:00,34.879,59.707,1002.72
AWS_AP13,2025-05-07 21:30:00,30.968,70.437,1004.613
AWS_AP13,2025-05-07 21:45:00,31.323,70.927,1004.307
AWS_AP13,2025-05-10 14:45:00,34.006,59.997,1002.799
AWS_AP13,2025-05-10 15:00:00,34.631,59.408,1002.376
AWS_AP13,2025-05-12 03:15:00,26.666,78.631,1002.205
AWS_AP13,2025-05-12 03:30:00,27.036,78.112,1001.932
AWS_AP13,2025-05-12 03:45:00,26.787,80.892,1001.553
AWS_AP13,2025-05-12 04:00:00,26.912,78.499,1002.095
AWS_AP13,2025-05-12 04:15:00,27.142,77.027,1001.961
AWS_AP13,2025-05-12 04:30:00,27.489,76.116,1002.569
AWS_AP13,2025-05-12 04:45:00,27.83,78.623,1001.936
AWS_AP13,2025-05-12 05:00:00,27.791,75.99,1002.31
AWS_AP13,2025-05-12 05:15:00,27.73,79.744,1002.353
AWS_AP13,2025-05-12 05:30:00,27.468,76.198,1002.366
AWS_AP13,2025-05-12 05:45:00,28.064,75.254,1002.409
AWS_AP13,2025-05-12 06:00:00,28.271,72.312,1003.375
AWS_AP13,2025-05-12 06:15:00,28.193,74.63,1002.639
AWS_AP13,2025-05-12 06:30:00,28.972,73.752,1002.885
AWS_AP13,2025-05-12 06:45:00,28.86,74.211,1002.8
AWS_AP13,2025-05-12 07:00:00,29.001,75.14,1003.225
AWS_AP13,2025-05-12 07:15:00,29.681,72.757,1003.891
AWS_AP13,2025-05-12 07:30:00,29.902,68.717,1003.82
AWS_AP13,2025-05-12 07:45:00,29.83,73.931,1003.547
AWS_AP13,2025-05-12 08:00:00,29.818,69.557,1004.267
AWS_AP13,2025-05-12 08:15:00,30.149,67.755,1003.561
AWS_AP13,2025-05-12 08:30:00,30.443,69.307,1003.976
AWS_AP13,2025-05-12 08:45:00,31.018,65.576,1004.283
AWS_AP13,2025-05-12 09:00:00,31.221,65.816,1003.933
AWS_AP13,2025-05-12 09:15:00,30.966,66.536,1004.148
AWS_AP13,2025-05-12 09:30:00,31.779,64.652,1005.227
AWS_AP13,2025-05-12 09:45:00,32.063,66.046,1004.372
AWS_AP13,2025-05-12 10:00:00,31.802,64.693,1003.751
AWS_AP13,2025-05-12 10:15:00,32.791,65.548,1003.793
AWS_AP13,2025-05-12 10:30:00,33.369,61.286,1003.722
AWS_AP13,2025-05-12 10:45:00,32.982,62.251,1004.582
AWS_AP13,2025-05-12 11:00:00,32.807,61.146,1004.497
AWS_AP13,2025-05-12 11:15:00,33.114,62.083,1004.301
AWS_AP13,2025-05-12 11:30:00,33.329,59.625,1004.88
AWS_AP13,2025-05-12 11:45:00,34.214,60.365,1004.106
AWS_AP13,2025-05-12 12:00:00,33.636,57.984,1004.012
AWS_AP13,2025-05-12 12:15:00,34.365,62.404,1004.01
AWS_AP13,2025-05-12 12:30:00,34.042,56.215,1003.859
AWS_AP13,2025-05-12 12:45:00,34.25,53.571,1004.017
AWS_AP13,2025-05-12 13:00:00,35.142,58.516,1003.26
AWS_AP13,2025-05-12 13:15:00,35.01,57.075,1003.636
AWS_AP13,2025-05-12 13:30:00,34.742,54.756,1003.209
AWS_AP13,2025-05-12 13:45:00,34.801,53.476,1002.74
AWS_AP13,2025-05-12 14:00:00,34.624,56.032,1002.687
AWS_AP13,2025-05-12 14:15:00,35.045,52.019,1002.455
AWS_AP13,2025-05-12 14:30:00,35.365,55.126,1002.604
AWS_AP13,2025-05-12 14:45:00,34.934,52.444,1003.327
AWS_AP13,2025-05-12 15:00:00,34.98,51.843,1002.042
AWS_AP13,2025-05-12 15:15:00,34.548,61.191,1002.604
AWS_AP13,2025-05-12 15:30:00,34.964,58.006,1002.08
AWS_AP13,2025-05-12 15:45:00,35.272,58.377,1002.404
AWS_AP13,2025-05-12 16:00:00,34.986,59.598,1002.274
AWS_AP13,2025-05-12 16:15:00,34.314,54.844,1001.855
AWS_AP13,2025-05-12 16:30:00,35.067,57.647,1002.506
AWS_AP13,2025-05-12 16:45:00,34.844,53.335,1001.99
AWS_AP13,2025-05-12 17:00:00,34.979,56.215,1002.476
AWS_AP13,2025-05-12 17:15:00,34.305,54.94,1002.979
AWS_AP13,2025-05-12 17:30:00,34.261,56.482,1002.205
AWS_AP13,2025-05-12 17:45:00,33.833,60.354,1002.493
AWS_AP13,2025-05-12 18:00:00,33.346,58.781,1003.2
AWS_AP13,2025-05-12 18:15:00,33.932,60.065,1002.996
AWS_AP13,2025-05-12 18:30:00,33.115,63.364,1002.576
AWS_AP13,2025-05-12 18:45:00,33.587,62.18,1003.35
AWS_AP13,2025-05-12 19:00:00,32.958,62.045,1003.497
AWS_AP13,2025-05-12 19:15:00,32.9,58.554,1003.502
AWS_AP13,2025-05-12 19:30:00,32.367,61.892,1003.869
AWS_AP13,2025-05-12 19:45:00,32.827,59.981,1003.611
AWS_AP13,2025-05-12 20:00:00,32.378,66.456,1004.029
AWS_AP13,2025-05-12 20:15:00,31.751,65.6,1003.648
AWS_AP13,2025-05-12 20:30:00,31.422,64.181,1004.909
AWS_AP13,2025-05-12 20:45:00,31.104,65.163,1004.261
AWS_AP13,2025-05-12 21:00:00,30.959,63.813,1004.293
AWS_AP13,2025-05-12 21:15:00,30.507,65.934,1004.296
AWS_AP13,2025-05-12 21:30:00,30.569,72.757,1005.032
AWS_AP13,2025-05-12 21:45:00,30.69,68.244,1004.198
AWS_AP13,2025-05-12 22:00:00,30.174,69.057,1004.4
AWS_AP13,2025-05-12 22:15:00,30.108,70.938,1005.68
AWS_AP13,2025-05-12 22:30:00,29.671,71.672,1005.217
AWS_AP13,2025-05-12 22:45:00,29.178,74.957,1004.738
AWS_AP13,2025-05-12 23:00:00,29.32,72.946,1004.266
AWS_AP13,2025-05-12 23:15:00,29.145,71.607,1005.456
AWS_AP13,2025-05-12 23:30:00,28.514,75.776,1004.907
AWS_AP13,2025-05-12 23:45:00,28.79,73.43,1004.266
AWS_AP13,2025-05-13 00:00:00,26.041,72.454,1003.207
AWS_AP13,2025-05-13 00:15:00,25.849,74.985,1002.728
AWS_AP13,2025-05-13 00:30:00,25.443,75.865,1003.031
AWS_AP13,2025-05-13 00:45:00,25.518,76.473,1002.934
AWS_AP13,2025-05-13 01:00:00,25.363,78.868,1002.638
AWS_AP13,2025-05-13 01:15:00,25.709,75.294,1003.009
AWS_AP13,2025-05-13 01:30:00,24.971,75.457,1002.845
AWS_AP13,2025-05-13 01:45:00,25.216,73.9,1001.632
AWS_AP13,2025-05-13 02:00:00,25.261,75.783,1001.061
AWS_AP13,2025-05-13 02:15:00,24.772,78.686,1001.796
AWS_AP13,2025-05-13 02:30:00,25.503,76.775,1000.979
AWS_AP13,2025-05-13 02:45:00,25.289,79.47,1001.423
AWS_AP13,2025-05-13 03:00:00,25.127,76.906,1001.658
AWS_AP13,2025-05-13 03:15:00,6.168,75.14,1000.501
AWS_AP13,2025-05-16 09:30:00,30.96,63.894,1004.346
AWS_AP13,2025-05-16 09:45:00,31.347,63.738,1004.282
AWS_AP13,2025-05-17 00:45:00,28.741,81.77,1002.368
AWS_AP13,2025-05-17 01:00:00,29.011,77.99,1001.921
AWS_AP13,2025-05-18 17:00:00,34.191,57.985,1001.779
AWS_AP13,2025-05-18 17:15:00,34.066,54.924,1000.225
AWS_AP13,2025-05-21 13:30:00,36.29,58.418,1000.361
AWS_AP13,2025-05-21 13:45:00,36.135,57.183,1000.591
AWS_AP13,2025-05-31 15:00:00,34.545,64.651,999.205
AWS_AP13,2025-05-31 15:15:00,34.296,64.31,999.6
AWS_AP13,2025-05-31 23:00:00,29.278,81.571,1001.494
AWS_AP13,2025-05-31 23:15:00,28.782,78.162,1000.972
AWS_AP13,2025-06-19 10:45:00,31.739,76.899,1000.136
AWS_AP13,2025-06-19 11:00:00,31.688,78.505,1000.186
AWS_AP13,2025-06-22 11:00:00,31.727,73.439,1002.145
AWS_AP13,2025-06-22 11:15:00,32.049,76.964,1001.884
AWS_AP13,2025-06-23 01:45:00,27.6,89.222,999.22
AWS_AP13,2025-06-23 02:00:00,27.363,90.807,999.115
AWS_AP13,2025-06-26 11:45:00,32.189,71.158,1001.955
AWS_AP13,2025-06-26 12:00:00,32.199,69.52,1002.259
AWS_AP13,2025-06-27 00:45:00,27.865,88.604,1000.433
AWS_AP13,2025-06-27 01:00:00,27.682,86.282,1000.889
AWS_AP13,2025-07-04 06:30:00,27.34,91.174,1000.518
AWS_AP13,2025-07-04 06:45:00,28.25,86.337,1000.373
AWS_AP13,2025-07-10 05:45:00,26.37,90.581,1000.709
AWS_AP13,2025-07-10 06:00:00,26.712,88.106,1001.695
AWS_AP13,2025-07-10 14:30:00,31.861,67.417,1001.098
AWS_AP13,2025-07-10 14:45:00,31.423,69.062,1000.188
AWS_AP13,2025-07-15 03:15:00,24.958,93.437,1000.189
AWS_AP13,2025-07-15 03:30:00,25.076,95.255,999.909
AWS_AP13,2025-07-15 11:45:00,30.267,76.21,1002.114
AWS_AP13,2025-07-15 12:00:00,30.405,69.307,1001.836
AWS_AP13,2025-07-21 23:15:00,27.541,85.547,1001.792
AWS_AP13,2025-07-21 23:30:00,28.047,89.001,1001.679
AWS_AP13,2025-07-22 08:00:00,24.931,86.686,1001.399
AWS_AP13,2025-07-22 08:15:00,25.563,85.436,1002.422
AWS_AP13,2025-08-12 04:15:00,24.507,94.634,1000.544
AWS_AP13,2025-08-12 04:30:00,24.538,95.933,1000.794
AWS_AP13,2025-08-12 20:45:00,27.277,86.227,1002.122
AWS_AP13,2025-08-12 21:00:00,27.645,76.492,1003.401
AWS_AP13,2025-08-15 10:30:00,30.821,81.124,1004.953
AWS_AP13,2025-08-15 10:45:00,30.615,78.213,1004.039
AWS_AP13,2025-09-20 00:15:00,24.885,89.217,1004.745
AWS_AP13,2025-09-20 00:30:00,25.088,86.479,1004.687
AWS_AP13,2025-10-03 10:45:00,28.084,71.353,1006.515
AWS_AP13,2025-10-03 11:00:00,28.577,66.868,1006.925
AWS_AP13,2025-10-03 11:15:00,28.532,65.646,1006.58
AWS_AP13,2025-10-03 11:30:00,29.043,66.719,1006.674
AWS_AP13,2025-10-03 11:45:00,28.854,69.628,1006.137
AWS_AP13,2025-10-03 12:00:00,29.614,73.251,1006.732
AWS_AP13,2025-10-03 12:15:00,29.306,67.579,1005.975
AWS_AP13,2025-10-03 12:30:00,29.358,62.888,1006.605
AWS_AP13,2025-10-03 12:45:00,29.75,67.181,1005.484
AWS_AP13,2025-10-03 13:00:00,29.631,63.311,1005.811
AWS_AP13,2025-10-03 13:15:00,29.62,65.923,1005.366
AWS_AP13,2025-10-03 13:30:00,29.597,66.769,1005.092
AWS_AP13,2025-10-03 13:45:00,30.0,62.279,1005.396
AWS_AP13,2025-10-03 14:00:00,30.116,67.678,1004.959
AWS_AP13,2025-10-03 14:15:00,30.137,65.956,1004.637
AWS_AP13,2025-10-03 14:30:00,30.397,65.25,1004.359
AWS_AP13,2025-10-03 14:45:00,30.209,69.018,1004.282
AWS_AP13,2025-10-03 15:00:00,30.281,62.936,1004.237
AWS_AP13,2025-10-03 15:15:00,29.927,65.974,1004.736
AWS_AP13,2025-10-03 15:30:00,29.962,69.884,1004.309
AWS_AP13,2025-10-03 15:45:00,29.972,62.598,1004.398
AWS_AP13,2025-10-03 16:00:00,30.278,66.216,1004.921
AWS_AP13,2025-10-03 16:15:00,30.337,65.091,1004.541
AWS_AP13,2025-10-03 16:30:00,29.836,63.927,1005.146
AWS_AP13,2025-10-03 16:45:00,29.836,67.542,1004.398
AWS_AP13,2025-10-03 17:00:00,29.417,68.79,1004.732
AWS_AP13,2025-10-03 17:15:00,29.463,68.093,1004.741
AWS_AP13,2025-10-03 17:30:00,29.254,68.683,1004.726
AWS_AP13,2025-10-03 17:45:00,29.785,67.394,1005.58
AWS_AP13,2025-10-03 18:00:00,29.13,70.413,1005.301
AWS_AP13,2025-10-03 18:15:00,29.34,70.818,1006.043
AWS_AP13,2025-10-03 18:30:00,29.017,70.908,1005.781
AWS_AP13,2025-10-03 18:45:00,29.066,68.068,1005.515
AWS_AP13,2025-10-03 19:00:00,29.013,71.226,1005.469
AWS_AP13,2025-10-03 19:15:00,28.1,67.172,1005.967
AWS_AP13,2025-10-03 19:30:00,27.766,73.23,1006.652
AWS_AP13,2025-10-03 19:45:00,27.268,73.7,1005.751
AWS_AP13,2025-10-03 20:00:00,27.376,75.859,1006.277
AWS_AP13,2025-10-03 20:15:00,27.076,74.549,1006.457
AWS_AP13,2025-10-03 20:30:00,27.245,77.776,1006.821
AWS_AP13,2025-10-03 20:45:00,26.637,73.971,1006.751
AWS_AP13,2025-10-03 21:00:00,26.776,76.738,1006.419
AWS_AP13,2025-10-03 21:15:00,26.208,76.391,1007.414
AWS_AP13,2025-10-03 21:30:00,26.296,79.025,1006.744
AWS_AP13,2025-10-03 21:45:00,25.797,81.108,1006.738
AWS_AP13,2025-10-03 22:00:00,26.154,75.361,1007.311
AWS_AP13,2025-10-03 22:15:00,25.669,80.167,1006.793
AWS_AP13,2025-10-03 22:30:00,25.38,85.864,1006.955
AWS_AP13,2025-10-03 22:45:00,25.031,83.506,1006.865
AWS_AP13,2025-10-03 23:00:00,24.353,81.938,1006.843
AWS_AP13,2025-10-03 23:15:00,24.411,81.371,1006.494
AWS_AP13,2025-10-03 23:30:00,25.012,87.474,1006.178
AWS_AP13,2025-10-03 23:45:00,23.609,84.417,1006.6
AWS_AP13,2025-10-04 00:00:00,25.435,88.659,1006.673
AWS_AP13,2025-10-04 00:15:00,25.392,88.034,1006.133
AWS_AP13,2025-10-04 00:30:00,25.436,89.064,1005.623
AWS_AP13,2025-10-04 00:45:00,25.655,88.452,1005.211
AWS_AP13,2025-10-04 01:00:00,25.225,88.698,1005.603
AWS_AP13,2025-10-04 01:15:00,25.303,85.918,1004.916
AWS_AP13,2025-10-04 01:30:00,24.684,91.318,1004.388
AWS_AP13,2025-10-04 01:45:00,24.616,90.085,1005.13
AWS_AP13,2025-10-04 02:00:00,24.706,87.885,1004.986
AWS_AP13,2025-10-04 02:15:00,24.816,90.515,1005.005
AWS_AP13,2025-10-04 02:30:00,24.339,85.972,1004.434
AWS_AP13,2025-10-04 02:45:00,24.516,88.517,1003.596
AWS_AP13,2025-10-04 03:00:00,25.235,90.496,1004.264
AWS_AP13,2025-10-04 03:15:00,24.332,90.116,1003.825
AWS_AP13,2025-10-04 03:30:00,24.491,86.865,1003.943
AWS_AP13,2025-10-04 03:45:00,24.51,92.651,1003.528
AWS_AP13,2025-10-04 04:00:00,24.238,91.332,1003.574
AWS_AP13,2025-10-04 04:15:00,25.11,88.589,1003.672
AWS_AP13,2025-10-04 04:30:00,24.74,87.445,1003.804
AWS_AP13,2025-10-04 04:45:00,24.682,88.707,1004.163
AWS_AP13,2025-10-04 05:00:00,25.201,86.225,1004.09
AWS_AP13,2025-10-04 05:15:00,25.127,87.057,1004.702
AWS_AP13,2025-10-04 05:30:00,25.528,85.197,1004.094
AWS_AP13,2025-10-04 05:45:00,24.984,84.965,1004.006
AWS_AP13,2025-10-04 06:00:00,25.317,88.001,1004.615
AWS_AP13,2025-10-04 06:15:00,25.077,84.979,1005.088
AWS_AP13,2025-10-04 06:30:00,26.022,82.927,1005.168
AWS_AP13,2025-10-04 06:45:00,25.981,82.165,1005.732
AWS_AP13,2025-10-04 07:00:00,26.27,81.929,1005.039
AWS_AP13,2025-10-04 07:15:00,26.603,83.11,1005.67
AWS_AP13,2025-10-04 07:30:00,26.718,81.047,1005.561
AWS_AP13,2025-10-04 07:45:00,27.305,81.268,1005.29
AWS_AP13,2025-10-04 08:00:00,27.031,79.312,1006.444
AWS_AP13,2025-10-04 08:15:00,26.996,81.418,1005.694
AWS_AP13,2025-10-04 08:30:00,27.383,77.974,1005.742
AWS_AP13,2025-10-04 08:45:00,27.732,77.143,1005.901
AWS_AP13,2025-10-04 09:00:00,27.76,74.76,1005.997
AWS_AP13,2025-10-04 09:15:00,28.696,77.436,1006.113
AWS_AP13,2025-10-04 09:30:00,28.485,74.122,1006.634
AWS_AP13,2025-10-04 09:45:00,28.491,74.896,1006.234
AWS_AP13,2025-10-04 10:00:00,28.399,73.975,1006.987
AWS_AP13,2025-10-04 10:15:00,29.191,68.269,1006.212
AWS_AP13,2025-10-04 10:30:00,29.252,70.235,1006.624
AWS_AP13,2025-10-04 10:45:00,29.729,71.359,1015.069
AWS_AP13,2025-10-06 22:30:00,25.878,84.671,1004.823
AWS_AP13,2025-10-06 22:45:00,25.863,82.302,1004.748
AWS_AP13,2025-10-10 19:45:00,28.266,68.828,1005.461
AWS_AP13,2025-10-10 20:00:00,28.896,71.861,1006.133
AWS_AP13,2025-10-17 17:15:00,29.689,60.457,1004.552
AWS_AP13,2025-10-17 17:30:00,29.54,60.12,1005.651
AWS_AP13,2025-10-23 13:00:00,29.33,67.904,1007.627
AWS_AP13,2025-10-23 13:15:00,29.142,66.572,1007.073
AWS_AP13,2025-10-26 21:00:00,27.064,72.824,1008.117
AWS_AP13,2025-10-26 21:15:00,27.033,74.584,1008.938
AWS_AP13,2025-11-02 11:45:00,27.842,64.71,1008.804
AWS_AP13,2025-11-02 12:00:00,27.515,63.122,1008.227
AWS_AP13,2025-11-06 17:30:00,28.331,67.255,1007.207
AWS_AP13,2025-11-06 17:45:00,27.775,65.675,1007.871
AWS_AP13,2025-11-10 03:00:00,20.673,87.817,1006.316
AWS_AP13,2025-11-10 03:15:00,21.03,91.244,1006.512
AWS_AP13,2025-12-03 02:00:00,20.733,77.896,1009.117
AWS_AP13,2025-12-03 02:15:00,21.146,84.183,1008.887
AWS_AP13,2025-12-21 01:15:00,18.344,81.983,1009.902
AWS_AP13,2025-12-21 01:30:00,18.996,77.953,1010.283
AWS_AP13,2025-12-23 17:45:00,27.251,59.094,1010.33
AWS_AP13,2025-12-23 18:00:00,26.401,62.872,1011.001
AWS_AP13,2025-12-24 22:30:00,19.97,71.382,1012.036
AWS_AP13,2025-12-24 22:45:00,19.344,74.115,1011.957
AWS_AP14,2025-01-14 13:30:00,29.039,57.102,1008.971
AWS_AP14,2025-01-14 13:45:00,28.05,57.428,1009.167
AWS_AP14,2025-01-15 02:30:00,20.044,79.561,1010.128
AWS_AP14,2025-01-15 02:45:00,20.054,81.457,1009.092
AWS_AP14,2025-01-17 15:45:00,27.236,60.066,1007.387
AWS_AP14,2025-01-17 16:00:00,27.107,63.502,1007.368
AWS_AP14,2025-01-20 05:00:00,20.188,79.802,1008.295
AWS_AP14,2025-01-20 05:15:00,20.682,78.747,1007.901
AWS_AP14,2025-01-24 02:30:00,20.422,74.149,1009.006
AWS_AP14,2025-01-24 02:45:00,20.245,78.938,1008.931
AWS_AP14,2025-01-26 00:00:00,21.187,77.244,1009.343
AWS_AP14,2025-01-26 00:15:00,21.045,79.08,1009.237
AWS_AP14,2025-01-26 00:30:00,21.006,81.751,1009.441
AWS_AP14,2025-01-26 00:45:00,20.087,79.069,1009.104
AWS_AP14,2025-01-26 01:00:00,20.408,82.23,1009.697
AWS_AP14,2025-01-26 01:15:00,20.724,80.301,1009.639
AWS_AP14,2025-01-26 01:30:00,20.708,81.242,1008.836
AWS_AP14,2025-01-26 01:45:00,20.181,77.933,1009.031
AWS_AP14,2025-01-26 02:00:00,20.153,80.969,1007.873
AWS_AP14,2025-01-26 02:15:00,20.596,82.575,1008.713
AWS_AP14,2025-01-26 02:30:00,20.836,77.677,1008.346
AWS_AP14,2025-01-26 02:45:00,19.891,82.942,1008.38
AWS_AP14,2025-01-26 03:00:00,19.879,82.459,1007.971
AWS_AP14,2025-01-26 03:15:00,20.04,84.085,1007.429
AWS_AP14,2025-01-26 03:30:00,20.668,82.777,1007.853
AWS_AP14,2025-01-26 03:45:00,20.238,82.742,1008.675
AWS_AP14,2025-01-26 04:00:00,20.459,80.385,1007.263
AWS_AP14,2025-01-26 04:15:00,20.509,80.088,1007.692
AWS_AP14,2025-01-26 04:30:00,20.879,80.351,1007.955
AWS_AP14,2025-01-26 04:45:00,20.396,78.315,1007.701
AWS_AP14,2025-01-26 05:00:00,21.09,79.242,1007.762
AWS_AP14,2025-01-26 05:15:00,20.588,78.028,1007.729
AWS_AP14,2025-01-26 05:30:00,20.851,79.349,1008.27
AWS_AP14,2025-01-26 05:45:00,21.896,80.088,1007.645
AWS_AP14,2025-01-26 06:00:00,21.139,81.346,1008.857
AWS_AP14,2025-01-26 06:15:00,21.493,-5.0,1008.188
AWS_AP14,2025-01-26 06:30:00,21.54,79.103,1008.679
AWS_AP14,2025-01-26 06:45:00,21.936,79.366,1008.976
AWS_AP14,2025-01-26 07:00:00,22.013,73.306,1009.854
AWS_AP14,2025-01-26 07:15:00,22.645,71.876,1009.093
AWS_AP14,2025-01-26 07:30:00,22.391,75.898,1009.524
AWS_AP14,2025-01-26 07:45:00,22.757,72.703,1009.003
AWS_AP14,2025-01-26 08:00:00,23.512,69.601,1009.69
AWS_AP14,2025-01-26 08:15:00,23.007,74.349,1009.702
AWS_AP14,2025-01-26 08:30:00,24.025,72.925,1009.578
AWS_AP14,2025-01-26 08:45:00,23.879,72.332,1009.387
AWS_AP14,2025-01-26 09:00:00,24.188,65.576,1010.012
AWS_AP14,2025-01-26 09:15:00,24.66,67.052,1010.423
AWS_AP14,2025-01-26 09:30:00,24.343,65.731,1009.877
AWS_AP14,2025-01-26 09:45:00,25.182,66.754,1010.652
AWS_AP14,2025-01-26 10:00:00,25.477,66.257,1010.34
AWS_AP14,2025-01-26 10:15:00,25.404,67.356,1010.602
AWS_AP14,2025-01-26 10:30:00,25.949,65.619,1010.176
AWS_AP14,2025-01-26 10:45:00,25.78,65.668,1010.636
AWS_AP14,2025-01-26 11:00:00,26.096,65.185,1009.419
AWS_AP14,2025-01-26 11:15:00,26.786,64.059,1009.495
AWS_AP14,2025-01-26 11:30:00,26.846,64.649,1010.266
AWS_AP14,2025-01-26 11:45:00,27.367,64.428,1009.596
AWS_AP14,2025-01-26 12:00:00,27.506,63.06,1009.357
AWS_AP14,2025-01-26 12:15:00,27.309,58.687,1009.993
AWS_AP14,2025-01-26 12:30:00,27.024,63.127,1009.24
AWS_AP14,2025-01-26 12:45:00,27.87,59.747,1009.154
AWS_AP14,2025-01-26 13:00:00,27.998,57.13,1009.019
AWS_AP14,2025-01-26 13:15:00,28.216,58.693,1008.935
AWS_AP14,2025-01-26 13:30:00,28.473,57.29,1009.194
AWS_AP14,2025-01-26 13:45:00,28.464,59.266,1008.414
AWS_AP14,2025-01-26 14:00:00,28.794,55.566,1008.525
AWS_AP14,2025-01-26 14:15:00,28.639,56.888,1007.936
AWS_AP14,2025-01-26 14:30:00,28.332,60.122,1007.83
AWS_AP14,2025-01-26 14:45:00,28.513,58.614,1007.817
AWS_AP14,2025-01-26 15:00:00,27.772,56.704,1007.808
AWS_AP14,2025-01-26 15:15:00,28.152,56.357,1007.829
AWS_AP14,2025-01-26 15:30:00,28.616,60.17,1008.139
AWS_AP14,2025-01-26 15:45:00,28.42,52.168,1007.581
AWS_AP14,2025-01-26 16:00:00,28.182,57.328,1007.606
AWS_AP14,2025-01-26 16:15:00,28.319,56.782,1007.63
AWS_AP14,2025-01-26 16:30:00,28.176,57.089,1007.247
AWS_AP14,2025-01-26 16:45:00,28.128,59.456,1007.731
AWS_AP14,2025-01-26 17:00:00,27.915,59.381,1007.714
AWS_AP14,2025-01-26 17:15:00,28.121,60.269,1007.661
AWS_AP14,2025-01-26 17:30:00,27.817,59.249,1008.272
AWS_AP14,2025-01-26 17:45:00,27.357,59.234,1008.099
AWS_AP14,2025-01-26 18:00:00,27.011,59.538,1007.928
AWS_AP14,2025-01-26 18:15:00,26.643,62.795,1008.503
AWS_AP14,2025-01-26 18:30:00,27.126,60.453,1008.22
AWS_AP14,2025-01-26 18:45:00,26.973,65.197,1007.786
AWS_AP14,2025-01-26 19:00:00,26.487,61.929,1008.694
AWS_AP14,2025-01-26 19:15:00,25.575,60.113,1009.505
AWS_AP14,2025-01-26 19:30:00,25.805,62.145,1008.377
AWS_AP14,2025-01-26 19:45:00,26.035,63.046,1009.63
AWS_AP14,2025-01-26 20:00:00,24.963,66.72,1009.934
AWS_AP14,2025-01-26 20:15:00,24.785,66.605,1010.217
AWS_AP14,2025-01-26 20:30:00,24.563,66.327,1010.388
AWS_AP14,2025-01-26 20:45:00,24.955,67.733,1010.222
AWS_AP14,2025-01-26 21:00:00,23.845,68.592,1009.849
AWS_AP14,2025-01-26 21:15:00,23.577,71.351,1009.883
AWS_AP14,2025-01-26 21:30:00,23.724,66.44,1010.477
AWS_AP14,2025-01-26 21:45:00,23.251,70.964,1010.297
AWS_AP14,2025-01-26 22:00:00,22.712,69.398,1009.597
AWS_AP14,2025-01-26 22:15:00,23.219,73.238,1010.058
AWS_AP14,2025-01-26 22:30:00,22.885,75.043,1010.46
AWS_AP14,2025-01-26 22:45:00,22.506,76.125,1009.926
AWS_AP14,2025-01-26 23:00:00,22.219,76.659,1009.729
AWS_AP14,2025-01-26 23:15:00,22.161,75.656,1010.328
AWS_AP14,2025-01-26 23:30:00,22.309,77.672,1010.048
AWS_AP14,2025-01-26 23:45:00,22.23,78.729,1010.057
AWS_AP14,2025-01-27 00:00:00,16.626,82.656,1010.171
AWS_AP14,2025-01-27 00:15:00,15.647,84.818,1009.714
AWS_AP14,2025-01-27 00:30:00,15.964,82.807,1009.288
AWS_AP14,2025-02-01 08:45:00,24.55,70.6,1011.029
AWS_AP14,2025-02-01 09:00:00,25.063,72.579,1011.413
AWS_AP14,2025-02-08 18:00:00,28.048,59.247,1008.008
AWS_AP14,2025-02-08 18:15:00,28.226,60.927,1008.157
AWS_AP14,2025-02-14 14:15:00,29.013,58.851,1007.749
AWS_AP14,2025-02-14 14:30:00,29.06,58.253,1007.396
AWS_AP14,2025-02-25 11:30:00,27.419,60.172,1008.536
AWS_AP14,2025-02-25 11:45:00,28.161,58.105,1009.404
AWS_AP14,2025-02-25 20:15:00,25.801,65.128,1008.268
AWS_AP14,2025-02-25 20:30:00,25.535,66.805,1008.967
AWS_AP14,2025-03-06 12:30:00,29.801,55.736,1008.328
AWS_AP14,2025-03-06 12:45:00,30.014,55.521,1008.006
AWS_AP14,2025-03-08 11:30:00,31.18,60.167,1007.413
AWS_AP14,2025-03-08 11:45:00,30.309,59.468,1007.128
AWS_AP14,2025-03-09 03:30:00,28.622,64.484,1006.665
AWS_AP14,2025-03-09 03:45:00,28.215,69.295,1007.175
AWS_AP14,2025-03-09 04:00:00,28.196,65.289,1006.591
AWS_AP14,2025-03-09 04:15:00,28.929,68.331,1006.828
AWS_AP14,2025-03-09 04:30:00,28.825,68.514,1006.311
AWS_AP14,2025-03-09 04:45:00,28.408,66.94,1006.895
AWS_AP14,2025-03-09 05:00:00,28.992,65.074,1006.694
AWS_AP14,2025-03-09 05:15:00,29.463,63.706,1007.722
AWS_AP14,2025-03-09 05:30:00,30.141,66.655,1007.866
AWS_AP14,2025-03-09 05:45:00,29.595,66.925,1007.458
AWS_AP14,2025-03-09 06:00:00,29.831,61.903,1007.844
AWS_AP14,2025-03-09 06:15:00,30.074,64.026,1007.724
AWS_AP14,2025-03-09 06:30:00,30.281,63.577,1008.132
AWS_AP14,2025-03-09 06:45:00,30.282,63.477,1008.736
AWS_AP14,2025-03-09 07:00:00,30.406,61.117,1007.99
AWS_AP14,2025-03-09 07:15:00,30.876,60.395,1008.559
AWS_AP14,2025-03-09 07:30:00,31.187,58.918,1007.481
AWS_AP14,2025-03-09 07:45:00,31.313,59.86,1009.302
AWS_AP14,2025-03-09 08:00:00,31.556,60.441,1008.931
AWS_AP14,2025-03-09 08:15:00,31.279,55.097,1008.654
AWS_AP14,2025-03-09 08:30:00,31.759,59.647,1008.861
AWS_AP14,2025-03-09 08:45:00,32.265,59.436,1009.175
AWS_AP14,2025-03-09 09:00:00,32.774,56.694,1009.407
AWS_AP14,2025-03-09 09:15:00,32.561,58.517,1009.682
AWS_AP14,2025-03-09 09:30:00,34.047,55.55,1009.021
AWS_AP14,2025-03-09 09:45:00,33.431,55.646,1009.139
AWS_AP14,2025-03-09 10:00:00,33.521,53.845,1009.102
AWS_AP14,2025-03-09 10:15:00,33.641,54.774,1009.694
AWS_AP14,2025-03-09 10:30:00,33.936,53.749,1009.189
AWS_AP14,2025-03-09 10:45:00,34.235,49.255,1009.0
AWS_AP14,2025-03-09 11:00:00,34.734,49.563,1009.778
AWS_AP14,2025-03-09 11:15:00,34.867,47.415,1009.109
AWS_AP14,2025-03-09 11:30:00,34.826,47.534,1008.975
AWS_AP14,2025-03-09 11:45:00,35.666,48.662,1009.297
AWS_AP14,2025-03-09 12:00:00,35.696,48.515,1008.789
AWS_AP14,2025-03-09 12:15:00,35.786,50.931,1009.081
AWS_AP14,2025-03-09 12:30:00,35.71,47.596,1008.874
AWS_AP14,2025-03-09 12:45:00,36.41,46.184,1008.515
AWS_AP14,2025-03-09 13:00:00,36.192,50.699,1008.17
AWS_AP14,2025-03-09 13:15:00,35.907,47.296,1008.463
AWS_AP14,2025-03-09 13:30:00,36.413,45.144,1007.765
AWS_AP14,2025-03-09 13:45:00,36.683,44.67,1008.659
AWS_AP14,2025-03-09 14:00:00,36.883,43.272,1007.477
AWS_AP14,2025-03-09 14:15:00,37.023,46.655,1006.962
AWS_AP14,2025-03-09 14:30:00,36.484,40.007,1006.774
AWS_AP14,2025-03-09 14:45:00,37.17,43.73,1007.565
AWS_AP14,2025-03-09 15:00:00,37.55,42.912,1007.085
AWS_AP14,2025-03-09 15:15:00,36.192,44.909,1007.584
AWS_AP14,2025-03-09 15:30:00,36.787,43.407,1006.774
AWS_AP14,2025-03-09 15:45:00,36.516,43.123,1006.145
AWS_AP14,2025-03-09 16:00:00,36.912,42.613,1007.137
AWS_AP14,2025-03-09 16:15:00,36.13,48.951,1006.817
AWS_AP14,2025-03-09 16:30:00,35.921,40.584,1007.067
AWS_AP14,2025-03-09 16:45:00,36.418,45.909,1007.925
AWS_AP14,2025-03-09 17:00:00,35.725,46.91,1006.98
AWS_AP14,2025-03-09 17:15:00,35.746,46.729,1007.325
AWS_AP14,2025-03-09 17:30:00,36.008,45.917,1006.687
AWS_AP14,2025-03-09 17:45:00,35.882,45.224,1006.927
AWS_AP14,2025-03-09 18:00:00,35.788,47.255,1007.637
AWS_AP14,2025-03-09 18:15:00,34.617,47.186,1007.541
AWS_AP14,2025-03-09 18:30:00,35.059,51.447,1008.234
AWS_AP14,2025-03-09 18:45:00,35.467,50.137,1008.701
AWS_AP14,2025-03-09 19:00:00,34.268,49.504,1008.156
AWS_AP14,2025-03-09 19:15:00,34.362,57.341,1007.94
AWS_AP14,2025-03-09 19:30:00,33.801,50.934,1008.922
AWS_AP14,2025-03-09 19:45:00,33.771,54.98,1008.409
AWS_AP14,2025-03-09 20:00:00,33.807,50.196,1008.807
AWS_AP14,2025-03-09 20:15:00,33.024,53.866,1009.869
AWS_AP14,2025-03-09 20:30:00,32.855,52.947,1009.03
AWS_AP14,2025-03-09 20:45:00,33.089,56.427,1008.874
AWS_AP14,2025-03-09 21:00:00,32.829,55.081,1008.411
AWS_AP14,2025-03-09 21:15:00,32.744,58.69,1009.178
AWS_AP14,2025-03-09 21:30:00,32.424,57.393,1009.286
AWS_AP14,2025-03-09 21:45:00,31.489,62.317,1009.942
AWS_AP14,2025-03-09 22:00:00,31.112,56.04,1010.254
AWS_AP14,2025-03-09 22:15:00,31.143,59.201,1008.985
AWS_AP14,2025-03-09 22:30:00,30.716,60.337,1009.534
AWS_AP14,2025-03-09 22:45:00,31.05,64.329,1008.524
AWS_AP14,2025-03-09 23:00:00,30.217,63.175,1009.243
AWS_AP14,2025-03-09 23:15:00,30.231,61.913,1009.438
AWS_AP14,2025-03-09 23:30:00,30.463,64.153,1009.344
AWS_AP14,2025-03-09 23:45:00,29.259,68.547,1009.618
AWS_AP14,2025-03-10 00:00:00,29.405,62.727,1008.746
AWS_AP14,2025-03-10 00:15:00,29.576,59.55,1007.862
AWS_AP14,2025-03-10 00:30:00,29.273,59.048,1008.104
AWS_AP14,2025-03-10 00:45:00,29.079,63.269,1007.895
AWS_AP14,2025-03-10 01:00:00,29.258,60.702,1007.767
AWS_AP14,2025-03-10 01:15:00,28.926,64.412,1007.778
AWS_AP14,2025-03-10 01:30:00,28.896,63.625,1007.189
AWS_AP14,2025-03-10 01:45:00,28.604,64.011,1007.278
AWS_AP14,2025-03-10 02:00:00,28.613,64.351,1007.598
AWS_AP14,2025-03-10 02:15:00,28.502,61.303,1006.697
AWS_AP14,2025-03-10 02:30:00,27.836,62.187,1006.022
AWS_AP14,2025-03-10 02:45:00,28.851,63.723,1006.405
AWS_AP14,2025-03-10 03:00:00,27.964,62.693,1006.524
AWS_AP14,2025-03-10 03:15:00,28.312,64.732,1006.409
AWS_AP14,2025-03-10 03:30:00,28.408,67.054,1019.024
AWS_AP14,2025-03-11 12:15:00,34.829,49.049,1007.725
AWS_AP14,2025-03-11 12:30:00,34.904,45.827,1006.758
AWS_AP14,2025-03-13 15:00:00,35.977,42.772,1004.73
AWS_AP14,2025-03-13 15:15:00,35.622,44.85,1004.682
AWS_AP14,2025-03-13 15:30:00,36.241,43.547,1004.912
AWS_AP14,2025-03-13 15:45:00,36.144,40.655,1004.486
AWS_AP14,2025-03-13 16:00:00,35.647,47.141,1004.981
AWS_AP14,2025-03-13 16:15:00,36.256,44.01,1005.217
AWS_AP14,2025-03-13 16:30:00,36.107,40.298,1004.279
AWS_AP14,2025-03-13 16:45:00,36.13,43.071,1005.028
AWS_AP14,2025-03-13 17:00:00,35.535,46.467,1005.426
AWS_AP14,2025-03-13 17:15:00,35.192,42.01,1005.815
AWS_AP14,2025-03-13 17:30:00,35.463,45.208,1005.442
AWS_AP14,2025-03-13 17:45:00,35.369,45.963,1005.123
AWS_AP14,2025-03-13 18:00:00,34.99,46.862,1005.516
AWS_AP14,2025-03-13 18:15:00,34.267,50.199,1005.743
AWS_AP14,2025-03-13 18:30:00,34.543,48.188,1006.124
AWS_AP14,2025-03-13 18:45:00,34.616,50.408,1005.996
AWS_AP14,2025-03-13 19:00:00,33.806,50.146,1005.742
AWS_AP14,2025-03-13 19:15:00,34.202,50.62,1007.023
AWS_AP14,2025-03-13 19:30:00,33.723,50.705,1006.095
AWS_AP14,2025-03-13 19:45:00,33.273,48.156,1006.154
AWS_AP14,2025-03-13 20:00:00,32.962,52.769,1006.576
AWS_AP14,2025-03-13 20:15:00,32.7,53.346,1007.348
AWS_AP14,2025-03-13 20:30:00,31.933,55.311,1006.908
AWS_AP14,2025-03-13 20:45:00,31.86,55.8,1007.652
AWS_AP14,2025-03-13 21:00:00,31.819,55.201,1007.237
AWS_AP14,2025-03-13 21:15:00,31.422,57.581,1007.306
AWS_AP14,2025-03-13 21:30:00,31.37,53.491,1007.563
AWS_AP14,2025-03-13 21:45:00,30.927,56.76,1007.2
AWS_AP14,2025-03-13 22:00:00,31.197,56.937,1007.488
AWS_AP14,2025-03-13 22:15:00,30.635,59.894,1007.791
AWS_AP14,2025-03-13 22:30:00,30.331,58.404,1006.93
AWS_AP14,2025-03-13 22:45:00,30.079,58.023,1007.392
AWS_AP14,2025-03-13 23:00:00,29.853,59.872,1007.638
AWS_AP14,2025-03-13 23:15:00,29.22,60.847,1007.159
AWS_AP14,2025-03-13 23:30:00,29.844,61.723,1007.35
AWS_AP14,2025-03-13 23:45:00,28.659,65.44,1007.65
AWS_AP14,2025-03-14 00:00:00,29.427,63.673,1007.503
AWS_AP14,2025-03-14 00:15:00,29.226,63.644,1007.946
AWS_AP14,2025-03-14 00:30:00,28.917,66.392,1006.829
AWS_AP14,2025-03-14 00:45:00,28.741,65.266,1008.129
AWS_AP14,2025-03-14 01:00:00,28.358,64.147,1008.12
AWS_AP14,2025-03-14 01:15:00,28.43,68.625,1007.249
AWS_AP14,2025-03-14 01:30:00,28.422,64.772,1007.012
AWS_AP14,2025-03-14 01:45:00,28.979,68.946,1007.732
AWS_AP14,2025-03-14 02:00:00,28.423,66.154,1006.927
AWS_AP14,2025-03-14 02:15:00,28.385,67.039,1007.083
AWS_AP14,2025-03-14 02:30:00,28.361,64.072,1006.479
AWS_AP14,2025-03-14 02:45:00,28.585,64.71,1006.557
AWS_AP14,2025-03-14 03:00:00,27.869,64.861,1006.207
AWS_AP14,2025-03-14 03:15:00,27.602,64.281,1006.425
AWS_AP14,2025-03-14 03:30:00,28.629,68.874,1006.019
AWS_AP14,2025-03-14 03:45:00,28.129,64.992,1006.444
AWS_AP14,2025-03-14 04:00:00,27.902,64.291,1005.786
AWS_AP14,2025-03-14 04:15:00,28.553,66.427,1006.555
AWS_AP14,2025-03-14 04:30:00,28.689,65.453,1006.954
AWS_AP14,2025-03-14 04:45:00,28.358,65.377,1005.925
AWS_AP14,2025-03-14 05:00:00,28.541,63.642,1007.146
AWS_AP14,2025-03-14 05:15:00,28.705,66.155,1006.162
AWS_AP14,2025-03-14 05:30:00,29.461,64.58,1007.008
AWS_AP14,2025-03-14 05:45:00,28.824,61.78,1006.46
AWS_AP14,2025-03-14 06:00:00,29.371,68.079,1006.634
AWS_AP14,2025-03-14 06:15:00,29.311,64.059,1006.77
AWS_AP14,2025-03-14 06:30:00,29.451,61.706,1007.059
AWS_AP14,2025-03-14 06:45:00,29.781,61.362,1007.311
AWS_AP14,2025-03-14 07:00:00,30.387,61.736,1007.635
AWS_AP14,2025-03-14 07:15:00,29.689,60.916,1008.047
AWS_AP14,2025-03-14 07:30:00,30.185,58.59,1008.159
AWS_AP14,2025-03-14 07:45:00,30.739,58.349,1008.451
AWS_AP14,2025-03-14 08:00:00,30.57,57.168,1008.378
AWS_AP14,2025-03-14 08:15:00,31.495,58.332,1008.454
AWS_AP14,2025-03-14 08:30:00,31.633,56.964,1007.877
AWS_AP14,2025-03-14 08:45:00,31.875,55.411,1009.216
AWS_AP14,2025-03-14 09:00:00,32.67,55.796,1009.069
AWS_AP14,2025-03-14 09:15:00,32.417,53.258,1008.737
AWS_AP14,2025-03-14 09:30:00,32.743,53.236,1009.043
AWS_AP14,2025-03-14 09:45:00,32.967,53.989,1008.643
AWS_AP14,2025-03-14 10:00:00,33.291,52.493,1008.684
AWS_AP14,2025-03-14 10:15:00,33.583,47.934,1008.404
AWS_AP14,2025-03-14 10:30:00,33.332,48.33,1008.863
AWS_AP14,2025-03-14 10:45:00,34.064,46.026,1008.974
AWS_AP14,2025-03-14 11:00:00,34.171,47.038,1008.381
AWS_AP14,2025-03-14 11:15:00,34.345,49.51,1008.669
AWS_AP14,2025-03-14 11:30:00,34.192,48.055,1008.864
AWS_AP14,2025-03-14 11:45:00,34.923,44.6,1008.787
AWS_AP14,2025-03-14 12:00:00,34.784,42.362,1008.395
AWS_AP14,2025-03-14 12:15:00,35.041,47.218,1007.429
AWS_AP14,2025-03-14 12:30:00,35.458,43.226,1007.765
AWS_AP14,2025-03-14 12:45:00,35.722,44.896,1007.221
AWS_AP14,2025-03-14 13:00:00,35.746,45.365,1007.55
AWS_AP14,2025-03-14 13:15:00,35.6,45.399,1006.94
AWS_AP14,2025-03-14 13:30:00,35.77,40.028,1007.112
AWS_AP14,2025-03-14 13:45:00,36.161,42.873,1007.409
AWS_AP14,2025-03-14 14:00:00,36.053,45.344,1006.81
AWS_AP14,2025-03-14 14:15:00,36.009,44.47,1006.913
AWS_AP14,2025-03-14 14:30:00,36.275,43.182,1006.918
AWS_AP14,2025-03-14 14:45:00,36.034,42.621,1006.973
AWS_AP14,2025-03-14 15:00:00,36.761,47.675,1006.146
AWS_AP14,2025-03-28 06:00:00,26.224,68.05,1004.733
AWS_AP14,2025-03-28 06:15:00,26.429,73.128,1004.062
AWS_AP14,2025-04-01 12:00:00,31.963,52.341,1005.727
AWS_AP14,2025-04-01 12:15:00,32.127,53.282,1006.113
AWS_AP14,2025-04-03 09:15:00,29.823,63.849,1006.374
AWS_AP14,2025-04-03 09:30:00,29.974,59.034,1005.774
AWS_AP14,2025-04-16 02:30:00,31.547,70.682,1002.623
AWS_AP14,2025-04-16 02:45:00,31.688,71.332,1001.921
AWS_AP14,2025-04-21 13:00:00,34.614,52.938,1003.648
AWS_AP14,2025-04-21 13:15:00,35.26,51.002,1002.923
AWS_AP14,2025-04-22 02:00:00,26.606,77.725,1001.557
AWS_AP14,2025-04-22 02:15:00,27.566,79.764,1001.399
AWS_AP14,2025-05-07 17:45:00,34.975,59.324,1006.563
AWS_AP14,2025-05-07 18:00:00,34.162,63.768,1007.58
AWS_AP14,2025-05-07 21:30:00,31.258,71.977,1003.35
AWS_AP14,2025-05-07 21:45:00,31.051,72.793,1002.92
AWS_AP14,2025-05-10 14:45:00,34.482,59.675,1000.248
AWS_AP14,2025-05-10 15:00:00,34.812,50.092,1000.317
AWS_AP14,2025-05-13 03:00:00,27.365,77.471,1000.486
AWS_AP14,2025-05-13 03:15:00,27.897,76.291,1000.588
AWS_AP14,2025-05-16 09:30:00,32.729,61.574,1002.107
AWS_AP14,2025-05-16 09:45:00,32.681,65.64,1002.099
AWS_AP14,2025-05-17 00:45:00,28.041,72.889,1001.504
AWS_AP14,2025-05-17 01:00:00,27.515,77.661,1000.697
AWS_AP14,2025-05-18 17:00:00,32.913,56.304,998.77
AWS_AP14,2025-05-18 17:15:00,32.922,56.876,999.575
AWS_AP14,2025-05-21 13:30:00,35.305,53.533,999.555
AWS_AP14,2025-05-21 13:45:00,35.045,55.667,999.512
AWS_AP14,2025-05-31 15:00:00,34.904,57.839,998.714
AWS_AP14,2025-05-31 15:15:00,34.606,58.637,999.203
AWS_AP14,2025-05-31 23:00:00,29.351,80.692,1000.875
AWS_AP14,2025-05-31 23:15:00,29.095,79.533,1000.739
AWS_AP14,2025-06-19 10:45:00,31.089,72.991,999.029
AWS_AP14,2025-06-19 11:00:00,31.298,69.344,999.753
AWS_AP14,2025-06-22 11:00:00,30.151,70.43,999.805
AWS_AP14,2025-06-22 11:15:00,30.774,71.094,999.24
AWS_AP14,2025-06-23 01:45:00,26.383,89.735,998.228
AWS_AP14,2025-06-23 02:00:00,26.188,91.962,998.77
AWS_AP14,2025-06-26 11:45:00,32.817,69.996,1000.381
AWS_AP14,2025-06-26 12:00:00,32.887,67.725,999.455
AWS_AP14,2025-06-27 00:45:00,26.849,87.467,1000.35
AWS_AP14,2025-06-27 01:00:00,25.772,87.8,999.022
AWS_AP14,2025-07-04 06:30:00,26.444,88.905,999.0
AWS_AP14,2025-07-04 06:45:00,27.158,81.869,999.272
AWS_AP14,2025-07-10 05:45:00,26.015,91.208,997.527
AWS_AP14,2025-07-10 06:00:00,26.85,86.525,998.081
AWS_AP14,2025-07-10 14:30:00,31.535,66.053,997.282
AWS_AP14,2025-07-10 14:45:00,31.479,68.171,997.164
AWS_AP14,2025-07-14 03:30:00,23.056,93.119,998.116
AWS_AP14,2025-07-14 03:45:00,22.936,100.0,998.881
AWS_AP14,2025-07-14 04:00:00,23.364,95.318,998.968
AWS_AP14,2025-07-14 04:15:00,23.466,94.414,998.239
AWS_AP14,2025-07-14 04:30:00,23.621,96.25,998.654
AWS_AP14,2025-07-14 04:45:00,22.984,93.454,998.229
AWS_AP14,2025-07-14 05:00:00,22.749,91.907,998.329
AWS_AP14,2025-07-14 05:15:00,24.301,92.399,998.361
AWS_AP14,2025-07-14 05:30:00,23.461,95.137,998.959
AWS_AP14,2025-07-14 05:45:00,23.304,91.937,997.945
AWS_AP14,2025-07-14 06:00:00,24.129,93.31,998.533
AWS_AP14,2025-07-14 06:15:00,23.983,94.523,998.948
AWS_AP14,2025-07-14 06:30:00,23.854,92.096,998.735
AWS_AP14,2025-07-14 06:45:00,24.722,91.864,999.48
AWS_AP14,2025-07-14 07:00:00,24.28,89.375,999.382
AWS_AP14,2025-07-14 07:15:00,24.848,88.816,999.337
AWS_AP14,2025-07-14 07:30:00,24.31,89.641,999.454
AWS_AP14,2025-07-14 07:45:00,24.977,89.247,999.295
AWS_AP14,2025-07-14 08:00:00,25.56,92.762,998.98
AWS_AP14,2025-07-14 08:15:00,25.428,86.629,1000.287
AWS_AP14,2025-07-14 08:30:00,25.488,85.029,999.933
AWS_AP14,2025-07-14 08:45:00,25.962,84.861,1000.36
AWS_AP14,2025-07-14 09:00:00,26.229,86.22,1001.198
AWS_AP14,2025-07-14 09:15:00,26.286,82.798,1000.688
AWS_AP14,2025-07-14 09:30:00,26.569,83.504,1000.491
AWS_AP14,2025-07-14 09:45:00,26.536,79.682,1000.606
AWS_AP14,2025-07-14 10:00:00,27.04,81.733,1001.126
AWS_AP14,2025-07-14 10:15:00,27.032,76.551,1000.71
AWS_AP14,2025-07-14 10:30:00,27.459,79.943,1001.309
AWS_AP14,2025-07-14 10:45:00,27.544,80.329,1001.397
AWS_AP14,2025-07-14 11:00:00,27.366,74.798,1000.845
AWS_AP14,2025-07-14 11:15:00,27.547,76.523,1001.28
AWS_AP14,2025-07-14 11:30:00,27.776,77.203,999.964
AWS_AP14,2025-07-14 11:45:00,28.167,76.228,1000.315
AWS_AP14,2025-07-14 12:00:00,28.497,74.661,1000.144
AWS_AP14,2025-07-14 12:15:00,27.973,72.495,999.204
AWS_AP14,2025-07-14 12:30:00,28.258,75.253,999.703
AWS_AP14,2025-07-14 12:45:00,28.832,72.619,999.916
AWS_AP14,2025-07-14 13:00:00,28.611,72.708,999.501
AWS_AP14,2025-07-14 13:15:00,28.582,73.806,998.757
AWS_AP14,2025-07-14 13:30:00,28.777,74.152,999.108
AWS_AP14,2025-07-14 13:45:00,28.903,75.71,998.854
AWS_AP14,2025-07-14 14:00:00,28.968,71.766,999.236
AWS_AP14,2025-07-14 14:15:00,28.954,72.637,997.817
AWS_AP14,2025-07-14 14:30:00,29.268,72.543,998.394
AWS_AP14,2025-07-14 14:45:00,29.23,72.088,998.12
AWS_AP14,2025-07-14 15:00:00,28.853,73.222,998.706
AWS_AP14,2025-07-14 15:15:00,28.91,70.11,997.916
AWS_AP14,2025-07-14 15:30:00,28.122,74.423,997.624
AWS_AP14,2025-07-14 15:45:00,28.893,71.799,998.326
AWS_AP14,2025-07-14 16:00:00,28.914,73.429,997.841
AWS_AP14,2025-07-14 16:15:00,29.432,73.718,998.367
AWS_AP14,2025-07-14 16:30:00,28.889,73.178,997.869
AWS_AP14,2025-07-14 16:45:00,28.598,67.472,998.13
AWS_AP14,2025-07-14 17:00:00,28.778,77.588,998.36
AWS_AP14,2025-07-14 17:15:00,28.884,77.229,998.208
AWS_AP14,2025-07-14 17:30:00,28.266,74.486,998.328
AWS_AP14,2025-07-14 17:45:00,28.412,70.656,999.272
AWS_AP14,2025-07-14 18:00:00,28.322,76.103,998.486
AWS_AP14,2025-07-14 18:15:00,28.394,76.356,998.89
AWS_AP14,2025-07-14 18:30:00,28.382,76.632,999.179
AWS_AP14,2025-07-14 18:45:00,27.353,79.832,999.237
AWS_AP14,2025-07-14 19:00:00,27.141,78.307,998.996
AWS_AP14,2025-07-14 19:15:00,26.781,79.777,999.872
AWS_AP14,2025-07-14 19:30:00,26.922,76.585,999.14
AWS_AP14,2025-07-14 19:45:00,26.782,79.107,1000.022
AWS_AP14,2025-07-14 20:00:00,27.026,78.164,999.95
AWS_AP14,2025-07-14 20:15:00,26.561,82.863,999.595
AWS_AP14,2025-07-14 20:30:00,26.438,83.006,1000.044
AWS_AP14,2025-07-14 20:45:00,26.241,80.604,1000.52
AWS_AP14,2025-07-14 21:00:00,25.935,82.917,1001.318
AWS_AP14,2025-07-14 21:15:00,25.873,83.835,1000.162
AWS_AP14,2025-07-14 21:30:00,26.007,87.234,1000.575
AWS_AP14,2025-07-14 21:45:00,26.088,87.847,1000.868
AWS_AP14,2025-07-14 22:00:00,25.549,84.165,1001.218
AWS_AP14,2025-07-14 22:15:00,25.45,86.372,1000.348
AWS_AP14,2025-07-14 22:30:00,25.286,88.61,1000.477
AWS_AP14,2025-07-14 22:45:00,24.612,90.871,1001.163
AWS_AP14,2025-07-14 23:00:00,24.895,91.148,1000.626
AWS_AP14,2025-07-14 23:15:00,24.222,90.525,1000.665
AWS_AP14,2025-07-14 23:30:00,24.262,89.872,999.685
AWS_AP14,2025-07-14 23:45:00,24.039,90.838,1000.659
AWS_AP14,2025-07-15 00:00:00,25.627,86.594,1000.563
AWS_AP14,2025-07-15 00:15:00,25.699,86.335,999.862
AWS_AP14,2025-07-15 00:30:00,25.204,91.73,999.352
AWS_AP14,2025-07-15 00:45:00,25.041,92.684,999.2
AWS_AP14,2025-07-15 01:00:00,25.232,88.77,998.767
AWS_AP14,2025-07-15 01:15:00,25.246,91.294,999.742
AWS_AP14,2025-07-15 01:30:00,25.147,90.227,999.74
AWS_AP14,2025-07-15 01:45:00,25.257,91.983,998.996
AWS_AP14,2025-07-15 02:00:00,24.769,92.492,999.124
AWS_AP14,2025-07-15 02:15:00,25.215,91.623,998.366
AWS_AP14,2025-07-15 02:30:00,24.217,89.556,998.278
AWS_AP14,2025-07-15 02:45:00,25.213,94.014,998.716
AWS_AP14,2025-07-15 03:00:00,25.19,95.185,998.175
AWS_AP14,2025-07-15 03:15:00,25.161,92.932,998.107
AWS_AP14,2025-07-15 03:30:00,5.967,90.204,998.202
AWS_AP14,2025-07-15 11:45:00,29.622,69.912,1000.051
AWS_AP14,2025-07-15 12:00:00,29.919,70.717,1000.334
AWS_AP14,2025-07-20 23:30:00,26.222,90.171,1000.935
AWS_AP14,2025-07-20 23:45:00,25.571,88.878,1000.584
AWS_AP14,2025-07-21 00:00:00,26.124,92.968,1000.952
AWS_AP14,2025-07-21 00:15:00,26.201,91.757,1001.15
AWS_AP14,2025-07-21 00:30:00,26.4,90.362,1000.575
AWS_AP14,2025-07-21 00:45:00,26.199,92.07,1000.971
AWS_AP14,2025-07-21 01:00:00,26.04,91.232,1000.1
AWS_AP14,2025-07-21 01:15:00,25.657,90.512,999.617
AWS_AP14,2025-07-21 01:30:00,25.527,90.502,1000.042
AWS_AP14,2025-07-21 01:45:00,25.775,91.563,998.982
AWS_AP14,2025-07-21 02:00:00,25.473,95.356,1000.2
AWS_AP14,2025-07-21 02:15:00,25.728,90.943,999.647
AWS_AP14,2025-07-21 02:30:00,25.57,91.045,999.612
AWS_AP14,2025-07-21 02:45:00,26.279,94.623,999.047
AWS_AP14,2025-07-21 03:00:00,25.691,94.717,999.279
AWS_AP14,2025-07-21 03:15:00,25.81,93.713,998.563
AWS_AP14,2025-07-21 03:30:00,25.582,93.173,998.418
AWS_AP14,2025-07-21 03:45:00,25.784,94.942,999.028
AWS_AP14,2025-07-21 04:00:00,25.354,92.239,999.409
AWS_AP14,2025-07-21 04:15:00,25.813,92.016,998.371
AWS_AP14,2025-07-21 04:30:00,25.618,92.899,999.211
AWS_AP14,2025-07-21 04:45:00,26.342,94.097,998.613
AWS_AP14,2025-07-21 05:00:00,26.083,89.521,999.059
AWS_AP14,2025-07-21 05:15:00,25.91,89.307,999.251
AWS_AP14,2025-07-21 05:30:00,26.204,90.153,998.811
AWS_AP14,2025-07-21 05:45:00,26.714,87.669,998.754
AWS_AP14,2025-07-21 06:00:00,26.474,92.475,999.705
AWS_AP14,2025-07-21 06:15:00,26.899,87.127,999.374
AWS_AP14,2025-07-21 06:30:00,26.536,85.765,1000.254
AWS_AP14,2025-07-21 06:45:00,27.101,87.004,1000.195
AWS_AP14,2025-07-21 07:00:00,26.939,87.325,1000.121
AWS_AP14,2025-07-21 07:15:00,27.361,85.555,1000.859
AWS_AP14,2025-07-21 07:30:00,27.738,84.879,1000.425
AWS_AP14,2025-07-21 07:45:00,27.569,85.64,1001.437
AWS_AP14,2025-07-21 08:00:00,27.57,86.208,1001.721
AWS_AP14,2025-07-21 08:15:00,27.699,85.284,1001.176
AWS_AP14,2025-07-21 08:30:00,27.985,86.908,1001.219
AWS_AP14,2025-07-21 08:45:00,28.502,81.921,1001.001
AWS_AP14,2025-07-21 09:00:00,28.472,83.805,1000.989
AWS_AP14,2025-07-21 09:15:00,28.577,79.704,1001.816
AWS_AP14,2025-07-21 09:30:00,29.392,81.774,1001.597
AWS_AP14,2025-07-21 09:45:00,29.149,79.026,1001.753
AWS_AP14,2025-07-21 10:00:00,29.351,79.413,1001.376
AWS_AP14,2025-07-21 10:15:00,29.72,79.437,1000.465
AWS_AP14,2025-07-21 10:30:00,29.614,75.54,1001.031
AWS_AP14,2025-07-21 10:45:00,30.272,75.311,1001.429
AWS_AP14,2025-07-21 11:00:00,30.894,80.36,1001.174
AWS_AP14,2025-07-21 11:15:00,30.477,74.402,1001.245
AWS_AP14,2025-07-21 11:30:00,30.207,73.323,1000.646
AWS_AP14,2025-07-21 11:45:00,30.766,71.662,1001.116
AWS_AP14,2025-07-21 12:00:00,30.978,73.817,1000.107
AWS_AP14,2025-07-21 12:15:00,30.606,71.105,1000.961
AWS_AP14,2025-07-21 12:30:00,30.754,72.915,1000.661
AWS_AP14,2025-07-21 12:45:00,31.189,72.497,1000.234
AWS_AP14,2025-07-21 13:00:00,31.318,73.352,1000.976
AWS_AP14,2025-07-21 13:15:00,30.969,69.327,999.644
AWS_AP14,2025-07-21 13:30:00,31.325,73.225,1000.5
AWS_AP14,2025-07-21 13:45:00,31.343,69.511,999.944
AWS_AP14,2025-07-21 14:00:00,31.678,69.359,999.675
AWS_AP14,2025-07-21 14:15:00,31.665,69.022,999.316
AWS_AP14,2025-07-21 14:30:00,31.192,70.08,998.453
AWS_AP14,2025-07-21 14:45:00,31.503,74.759,999.514
AWS_AP14,2025-07-21 15:00:00,32.116,67.235,998.999
AWS_AP14,2025-07-21 15:15:00,31.946,69.609,998.583
AWS_AP14,2025-07-21 15:30:00,31.467,72.397,999.054
AWS_AP14,2025-07-21 15:45:00,31.257,72.335,998.988
AWS_AP14,2025-07-21 16:00:00,30.898,69.301,998.213
AWS_AP14,2025-07-21 16:15:00,31.54,67.777,998.332
AWS_AP14,2025-07-21 16:30:00,31.453,70.892,999.226
AWS_AP14,2025-07-21 16:45:00,30.729,69.718,998.824
AWS_AP14,2025-07-21 17:00:00,31.811,69.829,999.531
AWS_AP14,2025-07-21 17:15:00,30.987,71.12,999.024
AWS_AP14,2025-07-21 17:30:00,30.89,77.09,999.729
AWS_AP14,2025-07-21 17:45:00,30.829,72.819,999.454
AWS_AP14,2025-07-21 18:00:00,30.427,74.811,999.251
AWS_AP14,2025-07-21 18:15:00,30.306,75.882,999.655
AWS_AP14,2025-07-21 18:30:00,30.287,73.494,999.92
AWS_AP14,2025-07-21 18:45:00,29.545,77.096,1000.269
AWS_AP14,2025-07-21 19:00:00,29.82,78.552,1000.587
AWS_AP14,2025-07-21 19:15:00,30.202,76.117,1000.432
AWS_AP14,2025-07-21 19:30:00,29.826,79.213,1000.449
AWS_AP14,2025-07-21 19:45:00,29.38,80.045,1000.368
AWS_AP14,2025-07-21 20:00:00,29.583,80.894,1000.953
AWS_AP14,2025-07-21 20:15:00,29.233,81.549,1000.88
AWS_AP14,2025-07-21 20:30:00,28.873,81.869,1001.144
AWS_AP14,2025-07-21 20:45:00,28.98,77.64,1001.424
AWS_AP14,2025-07-21 21:00:00,28.815,82.739,1001.016
AWS_AP14,2025-07-21 21:15:00,28.852,82.684,1001.216
AWS_AP14,2025-07-21 21:30:00,28.389,83.18,1001.305
AWS_AP14,2025-07-21 21:45:00,27.705,81.891,1001.444
AWS_AP14,2025-07-21 22:00:00,27.598,85.603,1000.882
AWS_AP14,2025-07-21 22:15:00,27.842,85.073,1001.497
AWS_AP14,2025-07-21 22:30:00,28.193,85.671,1001.047
AWS_AP14,2025-07-21 22:45:00,27.391,85.433,1001.552
AWS_AP14,2025-07-21 23:00:00,27.565,87.476,1001.491
AWS_AP14,2025-07-21 23:15:00,26.819,89.887,1001.378
AWS_AP14,2025-07-21 23:30:00,45.836,88.763,1001.505
AWS_AP14,2025-07-22 08:00:00,27.418,84.647,1001.312
AWS_AP14,2025-07-22 08:15:00,27.402,83.673,1001.307
AWS_AP14,2025-08-12 04:15:00,24.213,93.169,999.226
AWS_AP14,2025-08-12 04:30:00,25.194,92.314,998.251
AWS_AP14,2025-08-12 20:45:00,27.851,83.451,1001.708
AWS_AP14,2025-08-12 21:00:00,27.771,82.55,1001.996
AWS_AP14,2025-08-15 10:30:00,28.112,80.918,1002.724
AWS_AP14,2025-08-15 10:45:00,28.357,81.364,1002.566
AWS_AP14,2025-09-20 00:15:00,24.431,86.946,1003.362
AWS_AP14,2025-09-20 00:30:00,23.936,86.174,1003.137
AWS_AP14,2025-10-04 10:30:00,28.202,76.187,1004.71
AWS_AP14,2025-10-04 10:45:00,28.925,68.88,1004.534
AWS_AP14,2025-10-06 22:30:00,25.676,81.455,1006.821
AWS_AP14,2025-10-06 22:45:00,25.085,84.576,1005.949
AWS_AP14,2025-10-10 19:45:00,28.339,73.942,1004.677
AWS_AP14,2025-10-10 20:00:00,28.768,76.213,1004.519
AWS_AP14,2025-10-17 17:15:00,29.002,63.926,1005.029
AWS_AP14,2025-10-17 17:30:00,28.654,62.605,1004.371
AWS_AP14,2025-10-23 13:00:00,30.025,58.705,1006.026
AWS_AP14,2025-10-23 13:15:00,29.988,64.413,1005.613
AWS_AP14,2025-10-26 21:00:00,26.416,72.827,1007.578
AWS_AP14,2025-10-26 21:15:00,26.181,77.593,1007.887
AWS_AP14,2025-11-02 11:45:00,28.702,65.783,1007.764
AWS_AP14,2025-11-02 12:00:00,28.377,64.423,1007.668
AWS_AP14,2025-11-06 17:30:00,26.627,65.861,1006.443
AWS_AP14,2025-11-06 17:45:00,27.297,69.171,1006.112
AWS_AP14,2025-11-10 03:00:00,20.857,85.465,1005.927
AWS_AP14,2025-11-10 03:15:00,20.8,82.729,1005.307
AWS_AP14,2025-12-03 02:00:00,20.396,78.57,1008.19
AWS_AP14,2025-12-03 02:15:00,19.817,75.969,1007.787
AWS_AP14,2025-12-21 01:15:00,18.692,78.699,1009.686
AWS_AP14,2025-12-21 01:30:00,18.605,75.986,1009.211
AWS_AP14,2025-12-23 17:45:00,26.513,60.529,1009.679
AWS_AP14,2025-12-23 18:00:00,25.645,61.41,1010.649
AWS_AP14,2025-12-24 22:30:00,22.341,74.392,1010.218
AWS_AP14,2025-12-24 22:45:00,22.113,77.59,1011.34
AWS_AP15,2025-01-14 13:30:00,27.942,64.429,1013.608
AWS_AP15,2025-01-14 13:45:00,28.143,59.566,1013.074
AWS_AP15,2025-01-15 02:30:00,19.337,82.144,1011.213
AWS_AP15,2025-01-15 02:45:00,19.741,81.066,1011.427
AWS_AP15,2025-01-17 15:45:00,28.469,54.045,1011.34
AWS_AP15,2025-01-17 16:00:00,28.083,58.677,1011.047
AWS_AP15,2025-01-20 05:00:00,21.42,86.681,1011.609
AWS_AP15,2025-01-20 05:15:00,21.578,85.449,1010.936
AWS_AP15,2025-01-24 02:30:00,19.374,80.406,1012.075
AWS_AP15,2025-01-24 02:45:00,19.704,76.813,1012.025
AWS_AP15,2025-01-26 00:00:00,23.466,77.553,1013.6
AWS_AP15,2025-01-26 00:15:00,23.748,80.152,1014.077
AWS_AP15,2025-01-26 00:30:00,23.501,78.111,1013.826
AWS_AP15,2025-01-26 00:45:00,22.951,79.116,1012.973
AWS_AP15,2025-01-26 01:00:00,22.517,80.771,1013.056
AWS_AP15,2025-01-26 01:15:00,23.02,83.658,1013.533
AWS_AP15,2025-01-26 01:30:00,23.043,84.315,1012.785
AWS_AP15,2025-01-26 01:45:00,22.562,83.921,1012.71
AWS_AP15,2025-01-26 02:00:00,22.825,84.097,1012.158
AWS_AP15,2025-01-26 02:15:00,22.479,81.418,1013.44
AWS_AP15,2025-01-26 02:30:00,22.433,85.733,1011.778
AWS_AP15,2025-01-26 02:45:00,22.375,80.673,1012.113
AWS_AP15,2025-01-26 03:00:00,22.403,82.654,1011.913
AWS_AP15,2025-01-26 03:15:00,22.625,84.291,1011.88
AWS_AP15,2025-01-26 03:30:00,22.862,83.145,1011.887
AWS_AP15,2025-01-26 03:45:00,22.499,85.362,1011.804
AWS_AP15,2025-01-26 04:00:00,22.348,86.306,1012.602
AWS_AP15,2025-01-26 04:15:00,22.869,76.291,1011.454
AWS_AP15,2025-01-26 04:30:00,22.903,82.778,1012.228
AWS_AP15,2025-01-26 04:45:00,23.146,81.712,1012.787
AWS_AP15,2025-01-26 05:00:00,23.314,83.46,1011.793
AWS_AP15,2025-01-26 05:15:00,22.982,80.745,1012.189
AWS_AP15,2025-01-26 05:30:00,23.377,80.665,1011.688
AWS_AP15,2025-01-26 05:45:00,23.457,82.717,1012.297
AWS_AP15,2025-01-26 06:00:00,24.011,77.115,1012.315
AWS_AP15,2025-01-26 06:15:00,23.328,77.951,1012.063
AWS_AP15,2025-01-26 06:30:00,24.623,79.215,1012.52
AWS_AP15,2025-01-26 06:45:00,23.811,76.702,1012.583
AWS_AP15,2025-01-26 07:00:00,24.656,79.968,1012.847
AWS_AP15,2025-01-26 07:15:00,25.09,77.254,1013.525
AWS_AP15,2025-01-26 07:30:00,25.278,75.293,1013.712
AWS_AP15,2025-01-26 07:45:00,24.469,74.521,1014.427
AWS_AP15,2025-01-26 08:00:00,25.501,76.697,1013.642
AWS_AP15,2025-01-26 08:15:00,25.883,73.582,1013.587
AWS_AP15,2025-01-26 08:30:00,25.896,72.752,1013.482
AWS_AP15,2025-01-26 08:45:00,25.845,67.697,1014.136
AWS_AP15,2025-01-26 09:00:00,27.271,68.864,1013.695
AWS_AP15,2025-01-26 09:15:00,27.104,69.818,1014.458
AWS_AP15,2025-01-26 09:30:00,27.228,69.748,1014.606
AWS_AP15,2025-01-26 09:45:00,27.6,68.699,1013.757
AWS_AP15,2025-01-26 10:00:00,27.585,67.139,1015.451
AWS_AP15,2025-01-26 10:15:00,27.71,66.455,1014.403
AWS_AP15,2025-01-26 10:30:00,28.128,65.68,1013.909
AWS_AP15,2025-01-26 10:45:00,28.27,62.365,1014.097
AWS_AP15,2025-01-26 11:00:00,29.013,66.546,1013.576
AWS_AP15,2025-01-26 11:15:00,29.015,67.795,1014.542
AWS_AP15,2025-01-26 11:30:00,29.49,62.806,1013.95
AWS_AP15,2025-01-26 11:45:00,29.943,60.345,1013.444
AWS_AP15,2025-01-26 12:00:00,29.129,58.662,1014.198
AWS_AP15,2025-01-26 12:15:00,29.859,59.535,1014.823
AWS_AP15,2025-01-26 12:30:00,29.821,60.763,1013.901
AWS_AP15,2025-01-26 12:45:00,30.282,62.323,1012.753
AWS_AP15,2025-01-26 13:00:00,30.212,58.981,1013.317
AWS_AP15,2025-01-26 13:15:00,30.548,63.568,1013.513
AWS_AP15,2025-01-26 13:30:00,30.27,57.566,1012.268
AWS_AP15,2025-01-26 13:45:00,30.559,57.799,1012.687
AWS_AP15,2025-01-26 14:00:00,31.264,56.636,1012.222
AWS_AP15,2025-01-26 14:15:00,30.986,59.347,1012.082
AWS_AP15,2025-01-26 14:30:00,30.705,60.717,1012.377
AWS_AP15,2025-01-26 14:45:00,30.793,56.813,1011.216
AWS_AP15,2025-01-26 15:00:00,30.885,57.259,1012.713
AWS_AP15,2025-01-26 15:15:00,30.718,58.647,1011.395
AWS_AP15,2025-01-26 15:30:00,31.461,60.546,1012.307
AWS_AP15,2025-01-26 15:45:00,30.37,59.797,1012.371
AWS_AP15,2025-01-26 16:00:00,30.877,60.216,1012.319
AWS_AP15,2025-01-26 16:15:00,30.329,58.449,1011.946
AWS_AP15,2025-01-26 16:30:00,31.51,58.4,1011.963
AWS_AP15,2025-01-26 16:45:00,30.009,62.771,1012.342
AWS_AP15,2025-01-26 17:00:00,30.501,56.829,1011.729
AWS_AP15,2025-01-26 17:15:00,30.139,62.647,1012.002
AWS_AP15,2025-01-26 17:30:00,30.178,59.213,1012.094
AWS_AP15,2025-01-26 17:45:00,29.572,63.438,1011.828
AWS_AP15,2025-01-26 18:00:00,29.92,59.569,1012.576
AWS_AP15,2025-01-26 18:15:00,29.067,58.024,1012.615
AWS_AP15,2025-01-26 18:30:00,29.354,68.111,1012.76
AWS_AP15,2025-01-26 18:45:00,28.795,66.327,1013.181
AWS_AP15,2025-01-26 19:00:00,28.944,60.962,1013.891
AWS_AP15,2025-01-26 19:15:00,28.317,64.386,1012.903
AWS_AP15,2025-01-26 19:30:00,28.311,63.341,1013.527
AWS_AP15,2025-01-26 19:45:00,28.18,66.083,1014.368
AWS_AP15,2025-01-26 20:00:00,27.631,66.737,1013.603
AWS_AP15,2025-01-26 20:15:00,27.594,68.607,1013.876
AWS_AP15,2025-01-26 20:30:00,26.874,70.414,1013.957
AWS_AP15,2025-01-26 20:45:00,26.552,70.841,1014.006
AWS_AP15,2025-01-26 21:00:00,26.646,71.945,1014.844
AWS_AP15,2025-01-26 21:15:00,26.355,72.249,1014.509
AWS_AP15,2025-01-26 21:30:00,25.869,68.125,1014.189
AWS_AP15,2025-01-26 21:45:00,26.081,70.07,1014.631
AWS_AP15,2025-01-26 22:00:00,25.753,73.601,1014.754
AWS_AP15,2025-01-26 22:15:00,25.427,71.857,1014.081
AWS_AP15,2025-01-26 22:30:00,24.856,77.507,1014.846
AWS_AP15,2025-01-26 22:45:00,24.235,75.365,1014.355
AWS_AP15,2025-01-26 23:00:00,24.73,73.763,1014.822
AWS_AP15,2025-01-26 23:15:00,24.015,79.256,1013.843
AWS_AP15,2025-01-26 23:30:00,24.288,77.639,1013.647
AWS_AP15,2025-01-26 23:45:00,23.927,73.371,1014.362
AWS_AP15,2025-01-27 00:00:00,17.577,80.873,1013.089
AWS_AP15,2025-01-27 00:15:00,17.321,83.807,1013.136
AWS_AP15,2025-01-27 00:30:00,17.303,82.391,1013.535
AWS_AP15,2025-02-01 08:45:00,24.79,69.324,1014.102
AWS_AP15,2025-02-01 09:00:00,24.834,66.253,1013.814
AWS_AP15,2025-02-08 18:00:00,27.818,58.169,1013.285
AWS_AP15,2025-02-08 18:15:00,28.088,58.703,1013.016
AWS_AP15,2025-02-14 14:15:00,29.886,56.308,1010.147
AWS_AP15,2025-02-14 14:30:00,30.626,52.381,1009.731
AWS_AP15,2025-02-25 11:30:00,29.065,56.939,1011.206
AWS_AP15,2025-02-25 11:45:00,29.736,59.799,1010.99
AWS_AP15,2025-02-25 20:15:00,27.62,64.456,1011.442
AWS_AP15,2025-02-25 20:30:00,27.158,67.328,1012.173
AWS_AP15,2025-03-06 12:30:00,30.496,56.732,1011.172
AWS_AP15,2025-03-06 12:45:00,30.824,58.178,1010.419
AWS_AP15,2025-03-08 11:30:00,30.653,64.756,1010.789
AWS_AP15,2025-03-08 11:45:00,30.559,63.54,1010.225
AWS_AP15,2025-03-10 03:15:00,27.054,64.358,1008.42
AWS_AP15,2025-03-10 03:30:00,27.384,66.391,1008.943
AWS_AP15,2025-03-10 12:30:00,35.294,43.101,1010.489
AWS_AP15,2025-03-10 12:45:00,34.565,48.677,1010.835
AWS_AP15,2025-03-10 13:00:00,35.046,43.091,1010.069
AWS_AP15,2025-03-10 13:15:00,35.032,45.526,1010.261
AWS_AP15,2025-03-10 13:30:00,35.628,47.321,1009.895
AWS_AP15,2025-03-10 13:45:00,35.484,44.11,1009.266
AWS_AP15,2025-03-10 14:00:00,35.0,42.412,1009.912
AWS_AP15,2025-03-10 14:15:00,35.615,41.443,1010.175
AWS_AP15,2025-03-10 14:30:00,35.387,45.005,1008.812
AWS_AP15,2025-03-10 14:45:00,35.739,42.119,1009.527
AWS_AP15,2025-03-10 15:00:00,35.742,46.666,1008.328
AWS_AP15,2025-03-10 15:15:00,35.489,42.589,1009.085
AWS_AP15,2025-03-10 15:30:00,35.691,43.551,1008.865
AWS_AP15,2025-03-10 15:45:00,35.903,46.262,1008.676
AWS_AP15,2025-03-10 16:00:00,35.638,40.099,1008.763
AWS_AP15,2025-03-10 16:15:00,35.827,42.68,1008.857
AWS_AP15,2025-03-10 16:30:00,35.521,40.027,1008.285
AWS_AP15,2025-03-10 16:45:00,34.895,46.475,1008.663
AWS_AP15,2025-03-10 17:00:00,35.312,44.347,1008.707
AWS_AP15,2025-03-10 17:15:00,34.708,41.551,1009.136
AWS_AP15,2025-03-10 17:30:00,34.969,45.29,1009.368
AWS_AP15,2025-03-10 17:45:00,34.72,47.766,1009.011
AWS_AP15,2025-03-10 18:00:00,35.216,44.064,1009.328
AWS_AP15,2025-03-10 18:15:00,34.048,45.54,1009.163
AWS_AP15,2025-03-10 18:30:00,34.093,49.403,1009.685
AWS_AP15,2025-03-10 18:45:00,34.227,50.183,1010.392
AWS_AP15,2025-03-10 19:00:00,34.058,51.644,1010.612
AWS_AP15,2025-03-10 19:15:00,33.165,51.131,1010.085
AWS_AP15,2025-03-10 19:30:00,33.476,49.992,1010.299
AWS_AP15,2025-03-10 19:45:00,33.008,54.027,1010.547
AWS_AP15,2025-03-10 20:00:00,32.37,51.286,1010.459
AWS_AP15,2025-03-10 20:15:00,32.306,51.479,1011.22
AWS_AP15,2025-03-10 20:30:00,32.693,55.575,1010.876
AWS_AP15,2025-03-10 20:45:00,31.938,55.313,1011.735
AWS_AP15,2025-03-10 21:00:00,31.21,56.437,1011.028
AWS_AP15,2025-03-10 21:15:00,31.615,57.531,1010.695
AWS_AP15,2025-03-10 21:30:00,30.337,55.956,1010.942
AWS_AP15,2025-03-10 21:45:00,31.2,60.32,1011.176
AWS_AP15,2025-03-10 22:00:00,30.769,61.225,1011.036
AWS_AP15,2025-03-10 22:15:00,30.091,59.734,1011.373
AWS_AP15,2025-03-10 22:30:00,30.077,57.599,1010.779
AWS_AP15,2025-03-10 22:45:00,30.129,57.251,1011.808
AWS_AP15,2025-03-10 23:00:00,29.988,61.366,1010.971
AWS_AP15,2025-03-10 23:15:00,29.535,62.679,1010.366
AWS_AP15,2025-03-10 23:30:00,29.22,60.524,1011.26
AWS_AP15,2025-03-10 23:45:00,29.254,64.262,1011.25
AWS_AP15,2025-03-11 00:00:00,29.512,62.377,1011.105
AWS_AP15,2025-03-11 00:15:00,29.218,59.342,1011.636
AWS_AP15,2025-03-11 00:30:00,28.352,64.136,1011.097
AWS_AP15,2025-03-11 00:45:00,28.582,66.818,1010.912
AWS_AP15,2025-03-11 01:00:00,28.134,67.307,1011.034
AWS_AP15,2025-03-11 01:15:00,27.377,65.07,1011.31
AWS_AP15,2025-03-11 01:30:00,28.223,63.41,1011.229
AWS_AP15,2025-03-11 01:45:00,27.973,67.687,1010.84
AWS_AP15,2025-03-11 02:00:00,27.835,65.069,1010.231
AWS_AP15,2025-03-11 02:15:00,27.739,63.32,1009.83
AWS_AP15,2025-03-11 02:30:00,28.313,67.836,1009.775
AWS_AP15,2025-03-11 02:45:00,27.882,67.652,1009.392
AWS_AP15,2025-03-11 03:00:00,27.725,69.114,1009.784
AWS_AP15,2025-03-11 03:15:00,27.572,65.1,1009.606
AWS_AP15,2025-03-11 03:30:00,28.128,64.237,1009.119
AWS_AP15,2025-03-11 03:45:00,27.889,67.881,1009.527
AWS_AP15,2025-03-11 04:00:00,27.865,62.185,1009.373
AWS_AP15,2025-03-11 04:15:00,27.985,66.407,1009.282
AWS_AP15,2025-03-11 04:30:00,28.624,65.829,1010.24
AWS_AP15,2025-03-11 04:45:00,28.321,67.628,1009.741
AWS_AP15,2025-03-11 05:00:00,27.982,63.604,1009.778
AWS_AP15,2025-03-11 05:15:00,28.885,60.238,1009.636
AWS_AP15,2025-03-11 05:30:00,28.309,63.782,1009.932
AWS_AP15,2025-03-11 05:45:00,28.865,60.627,1010.704
AWS_AP15,2025-03-11 06:00:00,28.675,63.555,1010.246
AWS_AP15,2025-03-11 06:15:00,29.649,63.31,1010.687
AWS_AP15,2025-03-11 06:30:00,29.845,59.719,1010.174
AWS_AP15,2025-03-11 06:45:00,29.181,58.406,1010.559
AWS_AP15,2025-03-11 07:00:00,29.46,57.77,1010.466
AWS_AP15,2025-03-11 07:15:00,29.836,60.032,1010.86
AWS_AP15,2025-03-11 07:30:00,29.994,59.665,1012.003
AWS_AP15,2025-03-11 07:45:00,29.761,57.697,1012.04
AWS_AP15,2025-03-11 08:00:00,30.787,51.407,1010.856
AWS_AP15,2025-03-11 08:15:00,31.296,55.248,1011.874
AWS_AP15,2025-03-11 08:30:00,31.338,57.809,1011.697
AWS_AP15,2025-03-11 08:45:00,31.149,57.636,1012.211
AWS_AP15,2025-03-11 09:00:00,31.991,56.597,1012.33
AWS_AP15,2025-03-11 09:15:00,32.272,54.723,1011.614
AWS_AP15,2025-03-11 09:30:00,32.361,51.687,1012.821
AWS_AP15,2025-03-11 09:45:00,32.753,53.271,1011.968
AWS_AP15,2025-03-11 10:00:00,33.368,51.967,1012.307
AWS_AP15,2025-03-11 10:15:00,33.698,48.711,1011.632
AWS_AP15,2025-03-11 10:30:00,33.782,51.148,1012.222
AWS_AP15,2025-03-11 10:45:00,33.176,47.663,1012.325
AWS_AP15,2025-03-11 11:00:00,33.738,47.02,1012.46
AWS_AP15,2025-03-11 11:15:00,34.604,46.138,1011.925
AWS_AP15,2025-03-11 11:30:00,34.134,46.107,1011.55
AWS_AP15,2025-03-11 11:45:00,35.04,47.053,1011.832
AWS_AP15,2025-03-11 12:00:00,34.6,44.882,1011.316
AWS_AP15,2025-03-11 12:15:00,34.767,44.461,1011.453
AWS_AP15,2025-03-11 12:30:00,34.473,42.113,1025.732
AWS_AP15,2025-03-13 15:00:00,35.974,46.861,1007.64
AWS_AP15,2025-03-13 15:15:00,35.511,47.151,1008.34
AWS_AP15,2025-03-13 15:30:00,35.811,48.857,1008.52
AWS_AP15,2025-03-13 15:45:00,35.968,45.928,1008.425
AWS_AP15,2025-03-13 16:00:00,35.552,46.669,1008.416
AWS_AP15,2025-03-13 16:15:00,35.368,49.575,1008.722
AWS_AP15,2025-03-13 16:30:00,35.976,48.763,1008.195
AWS_AP15,2025-03-13 16:45:00,36.223,47.69,1008.565
AWS_AP15,2025-03-13 17:00:00,35.261,47.807,1008.031
AWS_AP15,2025-03-13 17:15:00,35.56,43.553,1008.297
AWS_AP15,2025-03-13 17:30:00,34.848,50.514,1008.782
AWS_AP15,2025-03-13 17:45:00,34.697,48.891,1009.115
AWS_AP15,2025-03-13 18:00:00,35.019,48.863,1008.66
AWS_AP15,2025-03-13 18:15:00,33.945,48.594,1009.572
AWS_AP15,2025-03-13 18:30:00,34.174,49.984,1008.856
AWS_AP15,2025-03-13 18:45:00,33.574,51.792,1009.555
AWS_AP15,2025-03-13 19:00:00,33.749,49.248,1010.215
AWS_AP15,2025-03-13 19:15:00,33.705,54.252,1010.144
AWS_AP15,2025-03-13 19:30:00,33.506,51.218,1009.803
AWS_AP15,2025-03-13 19:45:00,32.884,56.454,1009.759
AWS_AP15,2025-03-13 20:00:00,32.34,53.214,1010.328
AWS_AP15,2025-03-13 20:15:00,32.734,57.709,1010.498
AWS_AP15,2025-03-13 20:30:00,32.267,55.226,1011.082
AWS_AP15,2025-03-13 20:45:00,32.328,57.384,1010.948
AWS_AP15,2025-03-13 21:00:00,31.593,58.028,1010.804
AWS_AP15,2025-03-13 21:15:00,31.242,53.391,1010.745
AWS_AP15,2025-03-13 21:30:00,31.074,58.254,1011.305
AWS_AP15,2025-03-13 21:45:00,30.805,59.284,1010.288
AWS_AP15,2025-03-13 22:00:00,31.317,64.922,1011.45
AWS_AP15,2025-03-13 22:15:00,30.438,59.325,1011.669
AWS_AP15,2025-03-13 22:30:00,30.086,63.978,1010.716
AWS_AP15,2025-03-13 22:45:00,29.922,63.245,1011.148
AWS_AP15,2025-03-13 23:00:00,30.164,62.915,1011.53
AWS_AP15,2025-03-13 23:15:00,29.272,64.981,1010.443
AWS_AP15,2025-03-13 23:30:00,29.29,63.769,1010.651
AWS_AP15,2025-03-13 23:45:00,28.753,68.932,1010.195
AWS_AP15,2025-03-14 00:00:00,29.056,62.453,1011.494
AWS_AP15,2025-03-14 00:15:00,28.464,64.434,1011.032
AWS_AP15,2025-03-14 00:30:00,28.98,66.28,1010.75
AWS_AP15,2025-03-14 00:45:00,29.047,63.135,1010.682
AWS_AP15,2025-03-14 01:00:00,28.247,65.34,1010.508
AWS_AP15,2025-03-14 01:15:00,27.732,67.357,1010.743
AWS_AP15,2025-03-14 01:30:00,28.325,67.778,1009.252
AWS_AP15,2025-03-14 01:45:00,27.765,70.567,1010.151
AWS_AP15,2025-03-14 02:00:00,27.901,67.41,1009.85
AWS_AP15,2025-03-14 02:15:00,28.335,71.529,1009.542
AWS_AP15,2025-03-14 02:30:00,27.704,71.034,1009.917
AWS_AP15,2025-03-14 02:45:00,27.765,70.47,1009.931
AWS_AP15,2025-03-14 03:00:00,28.022,65.74,1009.721
AWS_AP15,2025-03-14 03:15:00,28.108,67.678,1008.896
AWS_AP15,2025-03-14 03:30:00,27.678,66.747,1009.229
AWS_AP15,2025-03-14 03:45:00,27.878,67.268,1008.958
AWS_AP15,2025-03-14 04:00:00,28.041,68.272,1010.201
AWS_AP15,2025-03-14 04:15:00,27.616,64.941,1009.285
AWS_AP15,2025-03-14 04:30:00,27.875,71.037,1009.709
AWS_AP15,2025-03-14 04:45:00,28.09,63.983,1009.801
AWS_AP15,2025-03-14 05:00:00,28.743,63.358,1009.743
AWS_AP15,2025-03-14 05:15:00,28.264,65.379,1010.32
AWS_AP15,2025-03-14 05:30:00,28.9,66.612,1009.463
AWS_AP15,2025-03-14 05:45:00,28.829,64.66,1009.861
AWS_AP15,2025-03-14 06:00:00,29.179,62.315,1010.084
AWS_AP15,2025-03-14 06:15:00,28.796,60.875,1009.707
AWS_AP15,2025-03-14 06:30:00,29.53,64.835,1009.819
AWS_AP15,2025-03-14 06:45:00,29.356,58.761,1010.581
AWS_AP15,2025-03-14 07:00:00,29.584,64.48,1010.272
AWS_AP15,2025-03-14 07:15:00,30.153,60.836,1011.278
AWS_AP15,2025-03-14 07:30:00,30.347,62.077,1010.845
AWS_AP15,2025-03-14 07:45:00,30.671,63.88,1010.631
AWS_AP15,2025-03-14 08:00:00,30.997,55.337,1011.328
AWS_AP15,2025-03-14 08:15:00,30.951,58.421,1011.427
AWS_AP15,2025-03-14 08:30:00,31.499,58.647,1010.789
AWS_AP15,2025-03-14 08:45:00,31.968,57.467,1011.924
AWS_AP15,2025-03-14 09:00:00,32.162,53.616,1012.129
AWS_AP15,2025-03-14 09:15:00,32.661,55.466,1012.152
AWS_AP15,2025-03-14 09:30:00,33.242,54.488,1011.745
AWS_AP15,2025-03-14 09:45:00,32.954,52.616,1011.526
AWS_AP15,2025-03-14 10:00:00,33.127,52.815,1011.925
AWS_AP15,2025-03-14 10:15:00,32.783,51.41,1012.152
AWS_AP15,2025-03-14 10:30:00,33.378,51.18,1011.665
AWS_AP15,2025-03-14 10:45:00,33.102,54.562,1011.655
AWS_AP15,2025-03-14 11:00:00,33.361,50.328,1011.207
AWS_AP15,2025-03-14 11:15:00,34.234,49.328,1011.503
AWS_AP15,2025-03-14 11:30:00,34.302,50.578,1011.427
AWS_AP15,2025-03-14 11:45:00,34.213,43.329,1012.06
AWS_AP15,2025-03-14 12:00:00,34.942,49.061,1011.204
AWS_AP15,2025-03-14 12:15:00,35.14,43.575,1012.49
AWS_AP15,2025-03-14 12:30:00,35.198,48.067,1010.869
AWS_AP15,2025-03-14 12:45:00,34.975,47.796,1010.777
AWS_AP15,2025-03-14 13:00:00,35.331,45.276,1010.8
AWS_AP15,2025-03-14 13:15:00,35.43,43.723,1010.48
AWS_AP15,2025-03-14 13:30:00,35.984,49.162,1010.557
AWS_AP15,2025-03-14 13:45:00,35.467,43.195,1010.451
AWS_AP15,2025-03-14 14:00:00,35.603,45.456,1010.169
AWS_AP15,2025-03-14 14:15:00,35.453,44.917,1010.154
AWS_AP15,2025-03-14 14:30:00,36.228,41.796,1009.913
AWS_AP15,2025-03-14 14:45:00,36.195,42.178,1009.578
AWS_AP15,2025-03-14 15:00:00,35.728,45.391,1008.999
AWS_AP15,2025-03-28 06:00:00,26.884,74.974,1008.65
AWS_AP15,2025-03-28 06:15:00,26.776,77.566,1008.197
AWS_AP15,2025-04-01 12:00:00,31.966,57.779,1009.187
AWS_AP15,2025-04-01 12:15:00,31.844,59.862,1008.768
AWS_AP15,2025-04-03 09:15:00,28.558,61.704,1008.535
AWS_AP15,2025-04-03 09:30:00,29.79,60.231,1008.425
AWS_AP15,2025-04-16 02:30:00,30.529,66.181,1006.442
AWS_AP15,2025-04-16 02:45:00,31.323,64.913,1006.777
AWS_AP15,2025-04-21 13:00:00,34.385,55.648,1005.62
AWS_AP15,2025-04-21 13:15:00,34.9,55.576,1005.656
AWS_AP15,2025-04-22 02:00:00,25.462,74.081,1005.466
AWS_AP15,2025-04-22 02:15:00,26.346,77.652,1005.616
AWS_AP15,2025-05-07 17:45:00,34.441,58.236,1002.999
AWS_AP15,2025-05-07 18:00:00,34.024,58.17,1003.863
AWS_AP15,2025-05-07 21:30:00,31.52,65.029,1005.29
AWS_AP15,2025-05-07 21:45:00,30.873,72.564,1004.841
AWS_AP15,2025-05-10 14:45:00,35.789,53.061,1004.127
AWS_AP15,2025-05-10 15:00:00,35.77,49.707,1002.986
AWS_AP15,2025-05-13 03:00:00,28.058,81.345,1003.361
AWS_AP15,2025-05-13 03:15:00,27.595,84.619,1003.623
AWS_AP15,2025-05-15 09:45:00,31.883,71.51,1005.285
AWS_AP15,2025-05-15 10:00:00,31.695,66.985,1004.301
AWS_AP15,2025-05-15 10:15:00,32.316,64.583,1005.555
AWS_AP15,2025-05-15 10:30:00,32.455,66.593,1004.975
AWS_AP15,2025-05-15 10:45:00,33.017,63.244,1004.6
AWS_AP15,2025-05-15 11:00:00,33.135,64.831,1005.025
AWS_AP15,2025-05-15 11:15:00,32.952,61.462,1004.981
AWS_AP15,2025-05-15 11:30:00,33.364,63.385,1004.87
AWS_AP15,2025-05-15 11:45:00,33.885,57.798,1004.681
AWS_AP15,2025-05-15 12:00:00,33.737,63.662,1004.269
AWS_AP15,2025-05-15 12:15:00,34.181,59.903,1004.641
AWS_AP15,2025-05-15 12:30:00,33.371,57.334,1004.283
AWS_AP15,2025-05-15 12:45:00,34.049,57.524,1003.266
AWS_AP15,2025-05-15 13:00:00,34.561,60.508,1003.797
AWS_AP15,2025-05-15 13:15:00,34.724,53.917,1003.236
AWS_AP15,2025-05-15 13:30:00,34.537,59.197,1003.238
AWS_AP15,2025-05-15 13:45:00,34.829,55.358,1002.71
AWS_AP15,2025-05-15 14:00:00,34.687,56.571,1003.27
AWS_AP15,2025-05-15 14:15:00,34.401,56.145,1002.948
AWS_AP15,2025-05-15 14:30:00,34.446,59.808,1002.26
AWS_AP15,2025-05-15 14:45:00,34.569,54.331,1002.868
AWS_AP15,2025-05-15 15:00:00,34.42,55.737,1002.576
AWS_AP15,2025-05-15 15:15:00,34.743,54.892,1001.933
AWS_AP15,2025-05-15 15:30:00,34.966,54.114,1002.914
AWS_AP15,2025-05-15 15:45:00,34.883,57.896,1002.417
AWS_AP15,2025-05-15 16:00:00,34.578,56.891,1002.997
AWS_AP15,2025-05-15 16:15:00,34.744,56.981,1002.083
AWS_AP15,2025-05-15 16:30:00,35.081,58.007,1002.454
AWS_AP15,2025-05-15 16:45:00,34.501,57.041,1002.509
AWS_AP15,2025-05-15 17:00:00,34.92,59.865,1002.522
AWS_AP15,2025-05-15 17:15:00,34.279,59.379,1002.466
AWS_AP15,2025-05-15 17:30:00,34.433,59.313,1003.024
AWS_AP15,2025-05-15 17:45:00,33.699,61.587,1003.637
AWS_AP15,2025-05-15 18:00:00,33.332,60.142,1003.108
AWS_AP15,2025-05-15 18:15:00,33.876,59.705,1002.893
AWS_AP15,2025-05-15 18:30:00,33.603,58.669,1003.6
AWS_AP15,2025-05-15 18:45:00,33.59,63.504,1003.791
AWS_AP15,2025-05-15 19:00:00,33.101,64.287,1003.173
AWS_AP15,2025-05-15 19:15:00,32.823,63.848,1003.866
AWS_AP15,2025-05-15 19:30:00,32.125,63.483,1004.017
AWS_AP15,2025-05-15 19:45:00,32.353,62.71,1004.152
AWS_AP15,2025-05-15 20:00:00,31.646,65.713,1004.715
AWS_AP15,2025-05-15 20:15:00,31.533,65.715,1004.135
AWS_AP15,2025-05-15 20:30:00,31.504,68.105,1004.036
AWS_AP15,2025-05-15 20:45:00,30.893,68.247,1004.956
AWS_AP15,2025-05-15 21:00:00,30.78,70.607,1004.199
AWS_AP15,2025-05-15 21:15:00,30.547,70.831,1004.44
AWS_AP15,2025-05-15 21:30:00,30.621,71.237,1004.585
AWS_AP15,2025-05-15 21:45:00,30.146,72.944,1005.461
AWS_AP15,2025-05-15 22:00:00,29.647,71.014,1005.523
AWS_AP15,2025-05-15 22:15:00,29.692,72.929,1005.307
AWS_AP15,2025-05-15 22:30:00,29.334,76.928,1005.097
AWS_AP15,2025-05-15 22:45:00,29.513,71.112,1005.354
AWS_AP15,2025-05-15 23:00:00,28.891,75.587,1004.872
AWS_AP15,2025-05-15 23:15:00,29.147,76.494,1004.904
AWS_AP15,2025-05-15 23:30:00,28.338,74.607,1005.081
AWS_AP15,2025-05-15 23:45:00,28.197,75.333,1004.549
AWS_AP15,2025-05-16 00:00:00,29.854,81.17,1004.663
AWS_AP15,2025-05-16 00:15:00,29.862,78.281,1004.632
AWS_AP15,2025-05-16 00:30:00,29.698,79.408,1004.885
AWS_AP15,2025-05-16 00:45:00,29.802,79.758,1004.323
AWS_AP15,2025-05-16 01:00:00,29.216,80.689,1004.486
AWS_AP15,2025-05-16 01:15:00,28.78,82.221,1004.157
AWS_AP15,2025-05-16 01:30:00,28.995,81.024,1004.251
AWS_AP15,2025-05-16 01:45:00,28.988,81.678,1003.695
AWS_AP15,2025-05-16 02:00:00,28.91,81.063,1002.691
AWS_AP15,2025-05-16 02:15:00,28.521,82.19,1003.486
AWS_AP15,2025-05-16 02:30:00,28.697,86.679,1002.936
AWS_AP15,2025-05-16 02:45:00,29.255,77.508,1003.31
AWS_AP15,2025-05-16 03:00:00,28.885,83.16,1002.801
AWS_AP15,2025-05-16 03:15:00,28.629,84.1,1002.947
AWS_AP15,2025-05-16 03:30:00,29.241,83.54,1002.312
AWS_AP15,2025-05-16 03:45:00,28.636,81.901,1003.182
AWS_AP15,2025-05-16 04:00:00,28.895,81.905,1003.487
AWS_AP15,2025-05-16 04:15:00,29.005,82.68,1002.75
AWS_AP15,2025-05-16 04:30:00,29.244,77.952,1002.994
AWS_AP15,2025-05-16 04:45:00,29.154,79.608,1002.883
AWS_AP15,2025-05-16 05:00:00,29.159,81.07,1002.823
AWS_AP15,2025-05-16 05:15:00,29.213,78.631,1002.496
AWS_AP15,2025-05-16 05:30:00,29.869,77.93,1002.987
AWS_AP15,2025-05-16 05:45:00,29.733,80.09,1002.59
AWS_AP15,2025-05-16 06:00:00,29.952,74.676,1003.432
AWS_AP15,2025-05-16 06:15:00,29.544,76.761,1003.316
AWS_AP15,2025-05-16 06:30:00,30.691,78.116,1004.438
AWS_AP15,2025-05-16 06:45:00,30.745,76.772,1003.528
AWS_AP15,2025-05-16 07:00:00,30.305,73.267,1004.501
AWS_AP15,2025-05-16 07:15:00,31.154,75.446,1004.578
AWS_AP15,2025-05-16 07:30:00,30.996,78.578,1004.532
AWS_AP15,2025-05-16 07:45:00,31.233,74.192,1004.513
AWS_AP15,2025-05-16 08:00:00,31.77,75.394,1004.931
AWS_AP15,2025-05-16 08:15:00,32.058,74.293,1004.838
AWS_AP15,2025-05-16 08:30:00,32.918,72.652,1004.911
AWS_AP15,2025-05-16 08:45:00,32.846,71.825,1004.905
AWS_AP15,2025-05-16 09:00:00,32.614,68.386,1005.134
AWS_AP15,2025-05-16 09:15:00,33.34,67.509,1005.155
AWS_AP15,2025-05-16 09:30:00,32.904,71.457,1005.572
AWS_AP15,2025-05-16 09:45:00,52.296,70.672,1005.144
AWS_AP15,2025-05-17 00:45:00,26.794,78.129,1003.231
AWS_AP15,2025-05-17 01:00:00,26.565,77.871,1002.546
AWS_AP15,2025-05-18 17:00:00,34.66,62.657,1002.274
AWS_AP15,2025-05-18 17:15:00,34.66,63.33,1001.658
AWS_AP15,2025-05-21 13:30:00,34.93,60.649,1003.813
AWS_AP15,2025-05-21 13:45:00,35.126,58.156,1002.598
AWS_AP15,2025-05-31 15:00:00,34.207,66.714,1002.399
AWS_AP15,2025-05-31 15:15:00,34.792,64.159,1002.011
AWS_AP15,2025-05-31 23:00:00,29.057,80.545,1004.152
AWS_AP15,2025-05-31 23:15:00,28.771,79.964,1005.059
AWS_AP15,2025-06-19 10:45:00,30.935,72.799,1001.612
AWS_AP15,2025-06-19 11:00:00,31.135,73.171,1002.181
AWS_AP15,2025-06-22 11:00:00,31.687,74.951,1003.252
AWS_AP15,2025-06-22 11:15:00,31.882,76.814,1003.355
AWS_AP15,2025-06-23 01:45:00,27.622,90.871,1001.992
AWS_AP15,2025-06-23 02:00:00,26.956,88.5,1001.986
AWS_AP15,2025-06-26 11:45:00,32.243,71.273,1002.173
AWS_AP15,2025-06-26 12:00:00,31.477,73.887,1002.051
AWS_AP15,2025-06-27 00:45:00,24.696,87.496,1001.464
AWS_AP15,2025-06-27 01:00:00,25.214,84.842,1001.38
AWS_AP15,2025-07-04 06:30:00,27.44,90.102,1002.177
AWS_AP15,2025-07-04 06:45:00,27.162,86.062,1002.53
AWS_AP15,2025-07-10 05:45:00,26.805,92.996,1002.371
AWS_AP15,2025-07-10 06:00:00,26.838,94.506,1002.299
AWS_AP15,2025-07-10 14:30:00,31.984,66.638,1002.81
AWS_AP15,2025-07-10 14:45:00,32.592,68.343,1002.181
AWS_AP15,2025-07-14 12:00:00,30.741,71.834,1004.589
AWS_AP15,2025-07-14 12:15:00,30.64,70.752,1004.564
AWS_AP15,2025-07-14 12:30:00,30.853,65.502,1004.792
AWS_AP15,2025-07-14 12:45:00,30.72,67.776,1003.651
AWS_AP15,2025-07-14 13:00:00,31.139,64.551,1004.368
AWS_AP15,2025-07-14 13:15:00,31.605,64.163,1004.099
AWS_AP15,2025-07-14 13:30:00,31.176,68.677,1003.243
AWS_AP15,2025-07-14 13:45:00,31.522,65.211,1003.392
AWS_AP15,2025-07-14 14:00:00,31.778,66.044,1003.611
AWS_AP15,2025-07-14 14:15:00,31.379,65.066,1002.934
AWS_AP15,2025-07-14 14:30:00,31.304,63.865,1003.406
AWS_AP15,2025-07-14 14:45:00,31.129,67.856,1003.553
AWS_AP15,2025-07-14 15:00:00,31.678,65.807,1003.17
AWS_AP15,2025-07-14 15:15:00,32.086,66.412,1003.111
AWS_AP15,2025-07-14 15:30:00,31.328,70.054,1002.167
AWS_AP15,2025-07-14 15:45:00,31.947,63.956,1002.29
AWS_AP15,2025-07-14 16:00:00,31.476,66.359,1003.452
AWS_AP15,2025-07-14 16:15:00,31.349,66.088,1003.384
AWS_AP15,2025-07-14 16:30:00,31.577,69.069,1002.962
AWS_AP15,2025-07-14 16:45:00,31.568,66.445,1002.944
AWS_AP15,2025-07-14 17:00:00,31.78,65.97,1002.801
AWS_AP15,2025-07-14 17:15:00,31.175,67.997,1003.502
AWS_AP15,2025-07-14 17:30:00,30.76,66.08,1003.08
AWS_AP15,2025-07-14 17:45:00,30.553,70.353,1003.795
AWS_AP15,2025-07-14 18:00:00,30.723,69.826,1003.743
AWS_AP15,2025-07-14 18:15:00,30.305,72.672,1003.017
AWS_AP15,2025-07-14 18:30:00,30.002,69.074,1004.147
AWS_AP15,2025-07-14 18:45:00,29.669,68.184,1003.967
AWS_AP15,2025-07-14 19:00:00,29.971,67.468,1004.032
AWS_AP15,2025-07-14 19:15:00,30.306,74.223,1004.44
AWS_AP15,2025-07-14 19:30:00,30.116,72.337,1004.757
AWS_AP15,2025-07-14 19:45:00,29.035,75.98,1004.939
AWS_AP15,2025-07-14 20:00:00,29.343,74.827,1003.94
AWS_AP15,2025-07-14 20:15:00,29.643,72.306,1005.087
AWS_AP15,2025-07-14 20:30:00,28.922,77.489,1004.902
AWS_AP15,2025-07-14 20:45:00,28.856,77.115,1005.268
AWS_AP15,2025-07-14 21:00:00,28.54,77.511,1005.123
AWS_AP15,2025-07-14 21:15:00,28.084,79.871,1006.021
AWS_AP15,2025-07-14 21:30:00,28.397,78.673,1005.638
AWS_AP15,2025-07-14 21:45:00,28.482,78.69,1006.359
AWS_AP15,2025-07-14 22:00:00,27.615,80.174,1005.502
AWS_AP15,2025-07-14 22:15:00,27.904,80.475,1005.685
AWS_AP15,2025-07-14 22:30:00,27.715,85.677,1005.399
AWS_AP15,2025-07-14 22:45:00,27.644,83.507,1005.114
AWS_AP15,2025-07-14 23:00:00,27.155,83.533,1005.381
AWS_AP15,2025-07-14 23:15:00,26.81,81.477,1005.533
AWS_AP15,2025-07-14 23:30:00,26.977,88.116,1005.258
AWS_AP15,2025-07-14 23:45:00,26.292,87.308,1005.039
AWS_AP15,2025-07-15 00:00:00,27.553,87.593,1004.68
AWS_AP15,2025-07-15 00:15:00,26.737,89.204,1004.616
AWS_AP15,2025-07-15 00:30:00,26.95,90.37,1004.477
AWS_AP15,2025-07-15 00:45:00,26.825,88.693,1004.089
AWS_AP15,2025-07-15 01:00:00,26.52,89.567,1004.13
AWS_AP15,2025-07-15 01:15:00,26.672,91.574,1004.133
AWS_AP15,2025-07-15 01:30:00,26.374,93.014,1003.763
AWS_AP15,2025-07-15 01:45:00,26.513,93.368,1003.866
AWS_AP15,2025-07-15 02:00:00,26.593,91.628,1003.789
AWS_AP15,2025-07-15 02:15:00,27.335,92.985,1003.53
AWS_AP15,2025-07-15 02:30:00,26.214,94.253,1003.278
AWS_AP15,2025-07-15 02:45:00,25.781,92.681,1003.318
AWS_AP15,2025-07-15 03:00:00,26.4,91.344,1003.138
AWS_AP15,2025-07-15 03:15:00,26.617,98.693,1002.593
AWS_AP15,2025-07-15 03:30:00,25.968,92.794,1002.902
AWS_AP15,2025-07-15 03:45:00,26.469,93.877,1003.071
AWS_AP15,2025-07-15 04:00:00,26.53,94.224,1002.801
AWS_AP15,2025-07-15 04:15:00,26.544,93.101,1003.194
AWS_AP15,2025-07-15 04:30:00,26.6,89.556,1002.767
AWS_AP15,2025-07-15 04:45:00,26.894,89.978,1002.713
AWS_AP15,2025-07-15 05:00:00,26.377,91.712,1002.818
AWS_AP15,2025-07-15 05:15:00,27.716,93.499,1002.808
AWS_AP15,2025-07-15 05:30:00,27.084,92.062,1003.904
AWS_AP15,2025-07-15 05:45:00,26.767,87.765,1003.18
AWS_AP15,2025-07-15 06:00:00,27.424,90.606,1003.432
AWS_AP15,2025-07-15 06:15:00,26.749,85.358,1003.629
AWS_AP15,2025-07-15 06:30:00,27.106,92.095,1003.834
AWS_AP15,2025-07-15 06:45:00,27.489,85.86,1004.13
AWS_AP15,2025-07-15 07:00:00,27.673,86.022,1004.059
AWS_AP15,2025-07-15 07:15:00,28.153,88.89,1004.188
AWS_AP15,2025-07-15 07:30:00,28.157,81.591,1004.768
AWS_AP15,2025-07-15 07:45:00,28.15,84.404,1004.064
AWS_AP15,2025-07-15 08:00:00,28.84,82.981,1004.549
AWS_AP15,2025-07-15 08:15:00,28.59,87.234,1004.451
AWS_AP15,2025-07-15 08:30:00,28.678,81.609,1004.28
AWS_AP15,2025-07-15 08:45:00,29.005,79.431,1004.917
AWS_AP15,2025-07-15 09:00:00,29.7,79.505,1004.931
AWS_AP15,2025-07-15 09:15:00,29.334,83.238,1005.454
AWS_AP15,2025-07-15 09:30:00,29.653,79.676,1005.585
AWS_AP15,2025-07-15 09:45:00,30.001,81.073,1005.994
AWS_AP15,2025-07-15 10:00:00,29.998,81.058,1005.691
AWS_AP15,2025-07-15 10:15:00,30.208,81.127,1004.943
AWS_AP15,2025-07-15 10:30:00,30.625,76.255,1006.045
AWS_AP15,2025-07-15 10:45:00,30.588,75.303,1005.113
AWS_AP15,2025-07-15 11:00:00,30.652,73.234,1004.606
AWS_AP15,2025-07-15 11:15:00,30.561,77.734,1004.624
AWS_AP15,2025-07-15 11:30:00,30.976,69.859,1005.478
AWS_AP15,2025-07-15 11:45:00,31.324,75.414,1004.592
AWS_AP15,2025-07-15 12:00:00,17.237,73.932,1004.645
AWS_AP15,2025-07-21 23:15:00,25.823,89.788,995.161
AWS_AP15,2025-07-21 23:30:00,25.853,87.436,996.49
AWS_AP15,2025-07-22 08:00:00,26.534,89.633,1002.819
AWS_AP15,2025-07-22 08:15:00,26.789,89.263,1003.313
AWS_AP15,2025-08-12 04:15:00,26.65,93.919,1001.903
AWS_AP15,2025-08-12 04:30:00,26.954,92.74,1003.194
AWS_AP15,2025-08-12 20:45:00,30.398,81.309,1004.791
AWS_AP15,2025-08-12 21:00:00,29.953,82.56,1005.505
AWS_AP15,2025-08-15 10:30:00,30.512,77.832,1004.73
AWS_AP15,2025-08-15 10:45:00,29.799,77.143,1005.144
AWS_AP15,2025-09-20 00:15:00,23.856,95.973,1006.224
AWS_AP15,2025-09-20 00:30:00,23.695,95.732,1006.377
AWS_AP15,2025-10-04 10:30:00,29.822,67.477,1008.16
AWS_AP15,2025-10-04 10:45:00,29.361,65.204,1008.263
AWS_AP15,2025-10-06 22:30:00,25.987,85.712,1009.932
AWS_AP15,2025-10-06 22:45:00,25.819,80.749,1010.69
AWS_AP15,2025-10-10 19:45:00,27.935,76.128,1008.721
AWS_AP15,2025-10-10 20:00:00,27.023,81.063,1008.665
AWS_AP15,2025-10-17 17:15:00,30.897,60.32,1006.435
AWS_AP15,2025-10-17 17:30:00,29.94,59.552,1006.803
AWS_AP15,2025-10-23 13:00:00,29.634,61.815,1007.694
AWS_AP15,2025-10-23 13:15:00,30.366,65.774,1008.262
AWS_AP15,2025-10-26 21:00:00,27.047,75.538,1010.159
AWS_AP15,2025-10-26 21:15:00,26.24,78.493,1010.526
AWS_AP15,2025-11-02 11:45:00,28.131,62.14,1011.999
AWS_AP15,2025-11-02 12:00:00,28.327,63.062,1011.433
AWS_AP15,2025-11-06 17:30:00,27.72,61.456,1009.581
AWS_AP15,2025-11-06 17:45:00,27.069,64.649,1010.22
AWS_AP15,2025-11-10 03:00:00,22.693,81.462,1008.789
AWS_AP15,2025-11-10 03:15:00,22.407,83.757,1008.047
AWS_AP15,2025-12-03 02:00:00,21.047,85.298,1009.953
AWS_AP15,2025-12-03 02:15:00,20.606,82.526,1009.253
AWS_AP15,2025-12-21 01:15:00,20.236,76.478,1013.105
AWS_AP15,2025-12-21 01:30:00,19.915,79.372,1012.67
AWS_AP15,2025-12-23 17:45:00,25.842,64.419,1011.296
AWS_AP15,2025-12-23 18:00:00,25.678,64.52,1011.296
AWS_AP15,2025-12-24 22:30:00,20.423,76.526,1015.616
AWS_AP15,2025-12-24 22:45:00,20.376,77.201,1014.918
AWS_AP16,2025-01-14 13:30:00,26.741,58.552,996.876
AWS_AP16,2025-01-14 13:45:00,26.759,63.802,995.612
AWS_AP16,2025-01-15 02:30:00,20.312,82.679,995.884
AWS_AP16,2025-01-15 02:45:00,19.814,80.123,995.502
AWS_AP16,2025-01-17 15:45:00,26.667,63.606,995.905
AWS_AP16,2025-01-17 16:00:00,26.764,62.468,995.736
AWS_AP16,2025-01-20 05:00:00,20.346,80.19,995.976
AWS_AP16,2025-01-20 05:15:00,20.101,83.463,996.33
AWS_AP16,2025-01-24 02:30:00,20.364,82.554,997.068
AWS_AP16,2025-01-24 02:45:00,19.78,82.313,996.809
AWS_AP16,2025-01-26 00:00:00,21.726,77.144,999.054
AWS_AP16,2025-01-26 00:15:00,21.337,76.132,999.285
AWS_AP16,2025-01-26 00:30:00,21.135,76.5,998.819
AWS_AP16,2025-01-26 00:45:00,20.879,78.966,998.465
AWS_AP16,2025-01-26 01:00:00,20.654,78.7,997.756
AWS_AP16,2025-01-26 01:15:00,20.677,78.532,997.846
AWS_AP16,2025-01-26 01:30:00,20.467,79.29,997.61
AWS_AP16,2025-01-26 01:45:00,20.391,80.254,997.558
AWS_AP16,2025-01-26 02:00:00,20.134,77.173,997.962
AWS_AP16,2025-01-26 02:15:00,20.076,80.05,997.073
AWS_AP16,2025-01-26 02:30:00,20.55,78.902,996.842
AWS_AP16,2025-01-26 02:45:00,20.85,82.053,997.063
AWS_AP16,2025-01-26 03:00:00,20.209,77.77,996.526
AWS_AP16,2025-01-26 03:15:00,20.225,82.698,997.052
AWS_AP16,2025-01-26 03:30:00,19.779,80.317,996.367
AWS_AP16,2025-01-26 03:45:00,20.442,78.83,996.92
AWS_AP16,2025-01-26 04:00:00,20.026,80.226,997.255
AWS_AP16,2025-01-26 04:15:00,20.335,79.997,996.313
AWS_AP16,2025-01-26 04:30:00,20.253,81.688,996.986
AWS_AP16,2025-01-26 04:45:00,20.675,76.27,996.393
AWS_AP16,2025-01-26 05:00:00,20.34,78.245,997.126
AWS_AP16,2025-01-26 05:15:00,21.354,79.52,996.39
AWS_AP16,2025-01-26 05:30:00,20.918,77.832,997.32
AWS_AP16,2025-01-26 05:45:00,21.575,77.932,996.617
AWS_AP16,2025-01-26 06:00:00,21.306,75.279,997.975
AWS_AP16,2025-01-26 06:15:00,21.434,72.131,997.091
AWS_AP16,2025-01-26 06:30:00,21.947,74.479,997.873
AWS_AP16,2025-01-26 06:45:00,21.882,75.643,998.278
AWS_AP16,2025-01-26 07:00:00,22.27,72.742,997.514
AWS_AP16,2025-01-26 07:15:00,22.817,74.39,998.056
AWS_AP16,2025-01-26 07:30:00,22.677,71.808,998.92
AWS_AP16,2025-01-26 07:45:00,22.851,70.785,999.052
AWS_AP16,2025-01-26 08:00:00,23.794,70.452,999.143
AWS_AP16,2025-01-26 08:15:00,23.533,70.79,999.204
AWS_AP16,2025-01-26 08:30:00,23.7,66.799,998.826
AWS_AP16,2025-01-26 08:45:00,24.072,67.176,999.205
AWS_AP16,2025-01-26 09:00:00,24.657,69.513,999.486
AWS_AP16,2025-01-26 09:15:00,23.954,68.741,999.018
AWS_AP16,2025-01-26 09:30:00,24.894,66.002,999.557
AWS_AP16,2025-01-26 09:45:00,25.163,63.4,999.242
AWS_AP16,2025-01-26 10:00:00,25.098,63.764,999.943
AWS_AP16,2025-01-26 10:15:00,26.377,63.005,999.356
AWS_AP16,2025-01-26 10:30:00,26.339,64.754,999.129
AWS_AP16,2025-01-26 10:45:00,26.131,60.323,999.223
AWS_AP16,2025-01-26 11:00:00,25.843,59.349,999.776
AWS_AP16,2025-01-26 11:15:00,26.679,62.03,999.432
AWS_AP16,2025-01-26 11:30:00,26.422,62.179,998.61
AWS_AP16,2025-01-26 11:45:00,26.933,60.955,998.379
AWS_AP16,2025-01-26 12:00:00,27.433,61.706,998.689
AWS_AP16,2025-01-26 12:15:00,27.782,58.123,998.675
AWS_AP16,2025-01-26 12:30:00,27.488,59.264,998.418
AWS_AP16,2025-01-26 12:45:00,28.045,60.721,998.45
AWS_AP16,2025-01-26 13:00:00,27.78,55.927,998.231
AWS_AP16,2025-01-26 13:15:00,27.595,59.688,998.1
AWS_AP16,2025-01-26 13:30:00,27.939,56.942,997.837
AWS_AP16,2025-01-26 13:45:00,28.207,61.631,997.522
AWS_AP16,2025-01-26 14:00:00,28.286,55.472,985.286
AWS_AP16,2025-01-26 14:15:00,28.78,59.435,985.178
AWS_AP16,2025-01-26 14:30:00,28.703,55.502,984.818
AWS_AP16,2025-01-26 14:45:00,28.249,54.044,984.809
AWS_AP16,2025-01-26 15:00:00,28.288,56.717,984.048
AWS_AP16,2025-01-26 15:15:00,28.283,54.722,983.066
AWS_AP16,2025-01-26 15:30:00,28.496,55.662,984.689
AWS_AP16,2025-01-26 15:45:00,28.06,56.903,984.164
AWS_AP16,2025-01-26 16:00:00,28.404,53.692,984.575
AWS_AP16,2025-01-26 16:15:00,28.699,56.825,984.603
AWS_AP16,2025-01-26 16:30:00,28.168,55.352,985.011
AWS_AP16,2025-01-26 16:45:00,28.034,57.974,984.137
AWS_AP16,2025-01-26 17:00:00,28.249,57.727,984.177
AWS_AP16,2025-01-26 17:15:00,28.073,58.678,983.557
AWS_AP16,2025-01-26 17:30:00,27.345,58.877,984.685
AWS_AP16,2025-01-26 17:45:00,28.054,61.042,985.137
AWS_AP16,2025-01-26 18:00:00,27.262,61.484,985.424
AWS_AP16,2025-01-26 18:15:00,26.547,60.292,985.32
AWS_AP16,2025-01-26 18:30:00,26.491,64.375,986.02
AWS_AP16,2025-01-26 18:45:00,27.027,64.454,984.324
AWS_AP16,2025-01-26 19:00:00,26.329,62.707,984.796
AWS_AP16,2025-01-26 19:15:00,26.012,62.243,985.949
AWS_AP16,2025-01-26 19:30:00,25.93,64.685,985.894
AWS_AP16,2025-01-26 19:45:00,25.775,64.802,985.956
AWS_AP16,2025-01-26 20:00:00,25.423,66.455,986.378
AWS_AP16,2025-01-26 20:15:00,24.975,64.498,987.33
AWS_AP16,2025-01-26 20:30:00,25.087,63.986,986.881
AWS_AP16,2025-01-26 20:45:00,24.39,68.704,986.59
AWS_AP16,2025-01-26 21:00:00,24.433,65.127,986.73
AWS_AP16,2025-01-26 21:15:00,23.591,66.692,986.735
AWS_AP16,2025-01-26 21:30:00,23.606,68.523,986.763
AWS_AP16,2025-01-26 21:45:00,22.82,69.739,986.345
AWS_AP16,2025-01-26 22:00:00,22.847,70.749,986.931
AWS_AP16,2025-01-26 22:15:00,22.715,72.158,986.84
AWS_AP16,2025-01-26 22:30:00,21.849,75.109,986.934
AWS_AP16,2025-01-26 22:45:00,21.749,69.802,987.293
AWS_AP16,2025-01-26 23:00:00,22.108,75.501,986.898
AWS_AP16,2025-01-26 23:15:00,21.818,77.381,986.246
AWS_AP16,2025-01-26 23:30:00,21.993,74.059,985.972
AWS_AP16,2025-01-26 23:45:00,21.62,76.987,986.826
AWS_AP16,2025-01-27 00:00:00,15.711,85.532,997.579
AWS_AP16,2025-01-27 00:15:00,15.216,81.607,997.202
AWS_AP16,2025-01-27 00:30:00,15.331,83.687,995.93
AWS_AP16,2025-02-01 08:45:00,24.282,65.159,998.697
AWS_AP16,2025-02-01 09:00:00,24.261,67.473,997.83
AWS_AP16,2025-02-08 18:00:00,28.801,60.803,995.298
AWS_AP16,2025-02-08 18:15:00,28.328,59.262,995.605
AWS_AP16,2025-02-14 14:15:00,28.991,55.544,997.4
AWS_AP16,2025-02-14 14:30:00,28.713,56.03,996.476
AWS_AP16,2025-02-25 11:30:00,27.627,62.797,997.973
AWS_AP16,2025-02-25 11:45:00,27.919,62.23,997.522
AWS_AP16,2025-02-25 20:15:00,25.934,66.573,997.501
AWS_AP16,2025-02-25 20:30:00,26.331,68.903,997.018
AWS_AP16,2025-03-06 12:30:00,30.894,55.804,997.235
AWS_AP16,2025-03-06 12:45:00,30.235,57.484,996.615
AWS_AP16,2025-03-08 11:30:00,29.515,59.889,995.408
AWS_AP16,2025-03-08 11:45:00,29.424,57.88,994.915
AWS_AP16,2025-03-10 03:15:00,26.997,69.859,993.943
AWS_AP16,2025-03-10 03:30:00,26.979,69.073,994.739
AWS_AP16,2025-03-11 12:15:00,33.854,49.822,995.825
AWS_AP16,2025-03-11 12:30:00,33.835,51.859,995.444
AWS_AP16,2025-03-13 15:00:00,35.96,46.521,993.747
AWS_AP16,2025-03-13 15:15:00,36.142,43.684,993.777
AWS_AP16,2025-03-13 15:30:00,35.794,46.311,994.248
AWS_AP16,2025-03-13 15:45:00,35.948,45.394,993.274
AWS_AP16,2025-03-13 16:00:00,35.496,44.663,993.541
AWS_AP16,2025-03-13 16:15:00,35.734,43.303,993.297
AWS_AP16,2025-03-13 16:30:00,35.226,45.972,993.146
AWS_AP16,2025-03-13 16:45:00,35.584,41.809,993.812
AWS_AP16,2025-03-13 17:00:00,35.513,47.338,994.027
AWS_AP16,2025-03-13 17:15:00,35.429,49.704,993.716
AWS_AP16,2025-03-13 17:30:00,35.014,47.387,993.602
AWS_AP16,2025-03-13 17:45:00,34.882,44.482,993.06
AWS_AP16,2025-03-13 18:00:00,35.301,47.328,994.29
AWS_AP16,2025-03-13 18:15:00,34.446,44.359,994.454
AWS_AP16,2025-03-13 18:30:00,34.897,50.113,994.299
AWS_AP16,2025-03-13 18:45:00,34.366,44.991,994.31
AWS_AP16,2025-03-13 19:00:00,34.202,53.179,994.475
AWS_AP16,2025-03-13 19:15:00,34.149,48.027,994.837
AWS_AP16,2025-03-13 19:30:00,33.681,52.808,995.158
AWS_AP16,2025-03-13 19:45:00,33.318,53.027,995.461
AWS_AP16,2025-03-13 20:00:00,33.02,54.909,995.548
AWS_AP16,2025-03-13 20:15:00,32.777,53.486,994.953
AWS_AP16,2025-03-13 20:30:00,32.429,56.331,995.446
AWS_AP16,2025-03-13 20:45:00,31.773,54.734,996.215
AWS_AP16,2025-03-13 21:00:00,32.052,55.016,995.997
AWS_AP16,2025-03-13 21:15:00,31.91,60.48,995.756
AWS_AP16,2025-03-13 21:30:00,31.853,55.366,997.108
AWS_AP16,2025-03-13 21:45:00,31.386,59.222,995.556
AWS_AP16,2025-03-13 22:00:00,30.974,56.566,996.359
AWS_AP16,2025-03-13 22:15:00,31.014,59.223,996.386
AWS_AP16,2025-03-13 22:30:00,30.199,60.076,995.856
AWS_AP16,2025-03-13 22:45:00,29.308,61.879,995.849
AWS_AP16,2025-03-13 23:00:00,30.111,63.906,995.18
AWS_AP16,2025-03-13 23:15:00,29.485,61.892,996.009
AWS_AP16,2025-03-13 23:30:00,29.096,61.541,995.815
AWS_AP16,2025-03-13 23:45:00,29.442,64.352,995.957
AWS_AP16,2025-03-14 00:00:00,29.325,68.536,995.472
AWS_AP16,2025-03-14 00:15:00,28.392,68.864,996.011
AWS_AP16,2025-03-14 00:30:00,29.126,70.686,994.95
AWS_AP16,2025-03-14 00:45:00,29.082,69.955,995.315
AWS_AP16,2025-03-14 01:00:00,28.652,68.704,994.922
AWS_AP16,2025-03-14 01:15:00,28.301,67.904,995.22
AWS_AP16,2025-03-14 01:30:00,28.67,67.493,994.07
AWS_AP16,2025-03-14 01:45:00,27.876,66.62,994.668
AWS_AP16,2025-03-14 02:00:00,28.028,70.795,994.635
AWS_AP16,2025-03-14 02:15:00,28.1,72.666,993.772
AWS_AP16,2025-03-14 02:30:00,28.207,73.576,994.413
AWS_AP16,2025-03-14 02:45:00,27.636,74.088,993.4
AWS_AP16,2025-03-14 03:00:00,27.807,75.302,993.627
AWS_AP16,2025-03-14 03:15:00,27.879,73.999,993.54
AWS_AP16,2025-03-14 03:30:00,28.268,71.438,993.616
AWS_AP16,2025-03-14 03:45:00,28.018,72.846,993.361
AWS_AP16,2025-03-14 04:00:00,28.006,70.984,993.51
AWS_AP16,2025-03-14 04:15:00,27.702,72.326,993.534
AWS_AP16,2025-03-14 04:30:00,27.939,70.456,994.155
AWS_AP16,2025-03-14 04:45:00,28.799,71.738,993.843
AWS_AP16,2025-03-14 05:00:00,28.868,68.207,993.706
AWS_AP16,2025-03-14 05:15:00,28.273,71.213,994.067
AWS_AP16,2025-03-14 05:30:00,28.948,71.164,994.173
AWS_AP16,2025-03-14 05:45:00,28.842,69.414,993.98
AWS_AP16,2025-03-14 06:00:00,28.885,71.659,994.228
AWS_AP16,2025-03-14 06:15:00,29.038,65.898,995.005
AWS_AP16,2025-03-14 06:30:00,29.61,64.683,994.747
AWS_AP16,2025-03-14 06:45:00,29.877,63.959,994.431
AWS_AP16,2025-03-14 07:00:00,30.295,67.485,995.347
AWS_AP16,2025-03-14 07:15:00,30.318,64.841,995.334
AWS_AP16,2025-03-14 07:30:00,30.432,64.597,994.553
AWS_AP16,2025-03-14 07:45:00,31.142,68.955,995.123
AWS_AP16,2025-03-14 08:00:00,31.678,59.712,995.434
AWS_AP16,2025-03-14 08:15:00,31.318,61.028,996.369
AWS_AP16,2025-03-14 08:30:00,31.659,60.797,996.175
AWS_AP16,2025-03-14 08:45:00,31.521,58.876,996.224
AWS_AP16,2025-03-14 09:00:00,31.927,62.431,995.804
AWS_AP16,2025-03-14 09:15:00,32.364,60.983,996.199
AWS_AP16,2025-03-14 09:30:00,33.116,55.924,996.777
AWS_AP16,2025-03-14 09:45:00,32.842,57.181,996.341
AWS_AP16,2025-03-14 10:00:00,32.332,57.655,996.73
AWS_AP16,2025-03-14 10:15:00,33.495,53.81,995.885
AWS_AP16,2025-03-14 10:30:00,33.572,57.849,996.742
AWS_AP16,2025-03-14 10:45:00,33.269,49.9,996.069
AWS_AP16,2025-03-14 11:00:00,34.302,54.255,996.128
AWS_AP16,2025-03-14 11:15:00,34.167,54.366,996.662
AWS_AP16,2025-03-14 11:30:00,34.373,51.8,995.528
AWS_AP16,2025-03-14 11:45:00,34.578,48.412,995.966
AWS_AP16,2025-03-14 12:00:00,35.798,47.325,995.346
AWS_AP16,2025-03-14 12:15:00,35.018,49.29,995.2
AWS_AP16,2025-03-14 12:30:00,34.865,47.913,995.547
AWS_AP16,2025-03-14 12:45:00,35.111,48.84,995.217
AWS_AP16,2025-03-14 13:00:00,35.803,51.434,994.726
AWS_AP16,2025-03-14 13:15:00,36.08,49.232,994.124
AWS_AP16,2025-03-14 13:30:00,35.782,48.282,995.103
AWS_AP16,2025-03-14 13:45:00,35.61,49.849,994.349
AWS_AP16,2025-03-14 14:00:00,36.065,45.635,995.023
AWS_AP16,2025-03-14 14:15:00,36.854,45.945,993.485
AWS_AP16,2025-03-14 14:30:00,35.97,46.791,993.682
AWS_AP16,2025-03-14 14:45:00,35.966,50.966,993.802
AWS_AP16,2025-03-14 15:00:00,36.072,43.96,994.32
AWS_AP16,2025-03-28 06:00:00,26.006,72.265,991.771
AWS_AP16,2025-03-28 06:15:00,25.376,72.495,992.411
AWS_AP16,2025-04-01 12:00:00,31.462,54.347,993.614
AWS_AP16,2025-04-01 12:15:00,31.608,51.994,994.467
AWS_AP16,2025-04-03 09:15:00,29.946,61.178,994.121
AWS_AP16,2025-04-03 09:30:00,30.072,61.378,994.568
AWS_AP16,2025-04-16 02:30:00,31.141,71.963,990.536
AWS_AP16,2025-04-16 02:45:00,31.679,69.053,990.102
AWS_AP16,2025-04-21 13:00:00,33.8,48.805,990.985
AWS_AP16,2025-04-21 13:15:00,33.749,52.84,991.525
AWS_AP16,2025-04-22 02:00:00,27.634,73.294,990.716
AWS_AP16,2025-04-22 02:15:00,27.79,73.824,991.37
AWS_AP16,2025-05-07 17:45:00,31.396,54.19,987.866
AWS_AP16,2025-05-07 18:00:00,31.029,54.414,987.855
AWS_AP16,2025-05-07 21:30:00,27.978,65.55,991.18
AWS_AP16,2025-05-07 21:45:00,27.684,69.759,990.815
AWS_AP16,2025-05-10 14:45:00,34.084,55.108,987.331
AWS_AP16,2025-05-10 15:00:00,34.569,55.074,987.119
AWS_AP16,2025-05-13 03:00:00,24.771,79.176,988.649
AWS_AP16,2025-05-13 03:15:00,24.866,79.635,987.481
AWS_AP16,2025-05-16 09:30:00,31.059,65.197,990.826
AWS_AP16,2025-05-16 09:45:00,32.418,63.387,990.41
AWS_AP16,2025-05-17 00:45:00,26.058,71.209,989.511
AWS_AP16,2025-05-17 01:00:00,25.985,71.9,989.318
AWS_AP16,2025-05-17 17:15:00,32.606,53.632,988.136
AWS_AP16,2025-05-17 17:30:00,31.954,52.407,988.613
AWS_AP16,2025-05-17 17:45:00,31.935,55.072,988.998
AWS_AP16,2025-05-17 18:00:00,31.611,60.558,988.896
AWS_AP16,2025-05-17 18:15:00,31.424,55.961,989.037
AWS_AP16,2025-05-17 18:30:00,31.147,56.784,989.324
AWS_AP16,2025-05-17 18:45:00,30.794,55.802,989.692
AWS_AP16,2025-05-17 19:00:00,30.907,57.909,989.559
AWS_AP16,2025-05-17 19:15:00,29.899,55.831,989.51
AWS_AP16,2025-05-17 19:30:00,31.111,61.309,990.147
AWS_AP16,2025-05-17 19:45:00,30.193,58.368,989.384
AWS_AP16,2025-05-17 20:00:00,30.507,57.51,990.451
AWS_AP16,2025-05-17 20:15:00,29.417,57.45,989.773
AWS_AP16,2025-05-17 20:30:00,29.475,60.361,990.645
AWS_AP16,2025-05-17 20:45:00,29.613,62.411,989.994
AWS_AP16,2025-05-17 21:00:00,29.027,60.662,990.358
AWS_AP16,2025-05-17 21:15:00,28.686,62.78,990.095
AWS_AP16,2025-05-17 21:30:00,28.535,65.621,990.883
AWS_AP16,2025-05-17 21:45:00,28.005,64.834,990.492
AWS_AP16,2025-05-17 22:00:00,27.797,68.561,990.584
AWS_AP16,2025-05-17 22:15:00,27.543,67.571,991.263
AWS_AP16,2025-05-17 22:30:00,27.31,65.487,991.218
AWS_AP16,2025-05-17 22:45:00,27.064,66.522,990.993
AWS_AP16,2025-05-17 23:00:00,27.258,67.587,990.213
AWS_AP16,2025-05-17 23:15:00,26.656,65.701,991.376
AWS_AP16,2025-05-17 23:30:00,26.567,69.009,990.337
AWS_AP16,2025-05-17 23:45:00,26.094,69.999,989.717
AWS_AP16,2025-05-18 00:00:00,26.598,78.432,990.389
AWS_AP16,2025-05-18 00:15:00,26.314,78.353,989.933
AWS_AP16,2025-05-18 00:30:00,26.143,81.823,990.373
AWS_AP16,2025-05-18 00:45:00,26.252,82.8,990.182
AWS_AP16,2025-05-18 01:00:00,25.488,80.305,989.285
AWS_AP16,2025-05-18 01:15:00,25.92,81.093,989.072
AWS_AP16,2025-05-18 01:30:00,25.789,83.751,989.337
AWS_AP16,2025-05-18 01:45:00,25.492,86.79,988.922
AWS_AP16,2025-05-18 02:00:00,25.748,80.502,989.057
AWS_AP16,2025-05-18 02:15:00,25.209,84.051,988.699
AWS_AP16,2025-05-18 02:30:00,24.914,78.931,988.858
AWS_AP16,2025-05-18 02:45:00,25.383,81.004,988.843
AWS_AP16,2025-05-18 03:00:00,25.528,81.848,988.969
AWS_AP16,2025-05-18 03:15:00,25.025,79.045,989.377
AWS_AP16,2025-05-18 03:30:00,25.635,86.39,988.411
AWS_AP16,2025-05-18 03:45:00,25.347,80.1,988.428
AWS_AP16,2025-05-18 04:00:00,25.032,82.579,988.655
AWS_AP16,2025-05-18 04:15:00,25.854,82.147,987.854
AWS_AP16,2025-05-18 04:30:00,25.656,81.36,988.353
AWS_AP16,2025-05-18 04:45:00,25.211,84.576,988.336
AWS_AP16,2025-05-18 05:00:00,25.566,81.102,987.919
AWS_AP16,2025-05-18 05:15:00,25.966,81.429,988.495
AWS_AP16,2025-05-18 05:30:00,26.053,78.224,988.867
AWS_AP16,2025-05-18 05:45:00,25.986,83.477,988.746
AWS_AP16,2025-05-18 06:00:00,26.067,78.647,988.46
AWS_AP16,2025-05-18 06:15:00,26.39,78.937,989.855
AWS_AP16,2025-05-18 06:30:00,26.704,77.507,988.764
AWS_AP16,2025-05-18 06:45:00,27.32,76.106,989.501
AWS_AP16,2025-05-18 07:00:00,27.088,80.541,989.3
AWS_AP16,2025-05-18 07:15:00,27.837,78.705,989.907
AWS_AP16,2025-05-18 07:30:00,27.535,75.829,990.344
AWS_AP16,2025-05-18 07:45:00,28.454,77.558,989.602
AWS_AP16,2025-05-18 08:00:00,28.347,73.488,990.701
AWS_AP16,2025-05-18 08:15:00,27.959,72.104,990.521
AWS_AP16,2025-05-18 08:30:00,28.643,73.544,990.647
AWS_AP16,2025-05-18 08:45:00,28.96,69.524,991.182
AWS_AP16,2025-05-18 09:00:00,29.377,72.888,991.143
AWS_AP16,2025-05-18 09:15:00,29.188,70.346,991.053
AWS_AP16,2025-05-18 09:30:00,29.638,68.47,991.029
AWS_AP16,2025-05-18 09:45:00,29.609,64.456,991.101
AWS_AP16,2025-05-18 10:00:00,30.716,66.238,991.069
AWS_AP16,2025-05-18 10:15:00,30.514,65.994,990.893
AWS_AP16,2025-05-18 10:30:00,31.304,67.277,991.192
AWS_AP16,2025-05-18 10:45:00,30.413,64.937,991.481
AWS_AP16,2025-05-18 11:00:00,31.353,63.031,990.92
AWS_AP16,2025-05-18 11:15:00,31.524,66.569,990.127
AWS_AP16,2025-05-18 11:30:00,31.389,62.994,990.531
AWS_AP16,2025-05-18 11:45:00,32.31,66.289,990.836
AWS_AP16,2025-05-18 12:00:00,32.031,63.284,990.277
AWS_AP16,2025-05-18 12:15:00,32.341,57.534,990.479
AWS_AP16,2025-05-18 12:30:00,32.612,60.025,990.04
AWS_AP16,2025-05-18 12:45:00,32.536,61.256,989.768
AWS_AP16,2025-05-18 13:00:00,33.064,62.643,989.846
AWS_AP16,2025-05-18 13:15:00,32.358,62.462,989.241
AWS_AP16,2025-05-18 13:30:00,32.855,57.516,989.588
AWS_AP16,2025-05-18 13:45:00,32.856,59.235,988.759
AWS_AP16,2025-05-18 14:00:00,32.965,60.513,989.35
AWS_AP16,2025-05-18 14:15:00,33.073,59.612,988.93
AWS_AP16,2025-05-18 14:30:00,33.559,57.093,989.147
AWS_AP16,2025-05-18 14:45:00,32.74,63.213,988.424
AWS_AP16,2025-05-18 15:00:00,33.137,56.354,988.62
AWS_AP16,2025-05-18 15:15:00,33.097,56.894,988.255
AWS_AP16,2025-05-18 15:30:00,33.456,58.143,987.906
AWS_AP16,2025-05-18 15:45:00,33.44,56.603,988.323
AWS_AP16,2025-05-18 16:00:00,32.721,57.059,988.839
AWS_AP16,2025-05-18 16:15:00,33.118,59.93,988.823
AWS_AP16,2025-05-18 16:30:00,33.003,61.174,987.409
AWS_AP16,2025-05-18 16:45:00,32.587,62.371,988.665
AWS_AP16,2025-05-18 17:00:00,32.626,57.616,988.364
AWS_AP16,2025-05-18 17:15:00,13.925,61.483,988.737
AWS_AP16,2025-05-21 13:30:00,33.72,59.293,987.774
AWS_AP16,2025-05-21 13:45:00,33.9,59.393,987.861
AWS_AP16,2025-05-31 15:00:00,33.852,64.089,988.007
AWS_AP16,2025-05-31 15:15:00,33.712,63.532,986.891
AWS_AP16,2025-05-31 23:00:00,28.341,79.546,989.085
AWS_AP16,2025-05-31 23:15:00,27.645,84.538,989.698
AWS_AP16,2025-06-18 11:00:00,31.463,71.929,988.792
AWS_AP16,2025-06-18 11:15:00,31.108,71.763,987.873
AWS_AP16,2025-06-18 11:30:00,31.312,74.042,987.172
AWS_AP16,2025-06-18 11:45:00,31.557,68.188,987.295
AWS_AP16,2025-06-18 12:00:00,31.84,71.422,987.866
AWS_AP16,2025-06-18 12:15:00,31.863,70.93,986.316
AWS_AP16,2025-06-18 12:30:00,31.986,69.577,987.274
AWS_AP16,2025-06-18 12:45:00,32.473,65.446,986.715
AWS_AP16,2025-06-18 13:00:00,31.603,64.038,986.83
AWS_AP16,2025-06-18 13:15:00,31.87,66.094,986.472
AWS_AP16,2025-06-18 13:30:00,31.828,67.317,985.648
AWS_AP16,2025-06-18 13:45:00,32.453,65.885,985.239
AWS_AP16,2025-06-18 14:00:00,32.681,66.575,985.984
AWS_AP16,2025-06-18 14:15:00,32.697,68.122,985.978
AWS_AP16,2025-06-18 14:30:00,32.516,63.527,985.466
AWS_AP16,2025-06-18 14:45:00,33.116,67.664,985.061
AWS_AP16,2025-06-18 15:00:00,32.86,65.033,985.107
AWS_AP16,2025-06-18 15:15:00,32.832,65.669,984.557
AWS_AP16,2025-06-18 15:30:00,32.497,67.395,985.52
AWS_AP16,2025-06-18 15:45:00,32.518,66.958,984.543
AWS_AP16,2025-06-18 16:00:00,31.955,63.8,985.912
AWS_AP16,2025-06-18 16:15:00,32.484,68.129,984.048
AWS_AP16,2025-06-18 16:30:00,32.637,68.024,985.44
AWS_AP16,2025-06-18 16:45:00,32.358,70.976,985.415
AWS_AP16,2025-06-18 17:00:00,31.751,70.087,984.994
AWS_AP16,2025-06-18 17:15:00,32.689,67.317,985.197
AWS_AP16,2025-06-18 17:30:00,31.63,68.856,984.721
AWS_AP16,2025-06-18 17:45:00,32.099,67.642,985.091
AWS_AP16,2025-06-18 18:00:00,31.631,67.377,986.527
AWS_AP16,2025-06-18 18:15:00,31.675,68.571,986.25
AWS_AP16,2025-06-18 18:30:00,31.426,69.449,986.0
AWS_AP16,2025-06-18 18:45:00,30.611,71.304,985.599
AWS_AP16,2025-06-18 19:00:00,30.615,72.473,986.556
AWS_AP16,2025-06-18 19:15:00,30.44,73.931,987.19
AWS_AP16,2025-06-18 19:30:00,29.976,75.204,986.739
AWS_AP16,2025-06-18 19:45:00,30.886,73.107,986.734
AWS_AP16,2025-06-18 20:00:00,29.435,75.696,986.912
AWS_AP16,2025-06-18 20:15:00,29.931,78.356,987.697
AWS_AP16,2025-06-18 20:30:00,29.544,76.168,987.556
AWS_AP16,2025-06-18 20:45:00,29.741,77.758,986.6
AWS_AP16,2025-06-18 21:00:00,29.19,77.211,987.598
AWS_AP16,2025-06-18 21:15:00,28.789,77.553,987.509
AWS_AP16,2025-06-18 21:30:00,28.642,82.135,988.242
AWS_AP16,2025-06-18 21:45:00,28.661,75.166,987.367
AWS_AP16,2025-06-18 22:00:00,28.719,78.349,987.639
AWS_AP16,2025-06-18 22:15:00,28.054,78.034,988.469
AWS_AP16,2025-06-18 22:30:00,27.148,80.6,988.186
AWS_AP16,2025-06-18 22:45:00,28.123,83.769,987.422
AWS_AP16,2025-06-18 23:00:00,27.288,83.444,987.886
AWS_AP16,2025-06-18 23:15:00,26.995,84.06,986.896
AWS_AP16,2025-06-18 23:30:00,26.837,84.388,987.261
AWS_AP16,2025-06-18 23:45:00,26.597,85.93,987.24
AWS_AP16,2025-06-19 00:00:00,26.669,86.566,987.292
AWS_AP16,2025-06-19 00:15:00,25.858,85.631,986.846
AWS_AP16,2025-06-19 00:30:00,26.54,88.625,987.162
AWS_AP16,2025-06-19 00:45:00,26.052,84.678,986.843
AWS_AP16,2025-06-19 01:00:00,26.053,85.71,986.618
AWS_AP16,2025-06-19 01:15:00,26.136,90.075,987.354
AWS_AP16,2025-06-19 01:30:00,26.014,89.329,987.121
AWS_AP16,2025-06-19 01:45:00,25.256,85.372,985.866
AWS_AP16,2025-06-19 02:00:00,25.896,86.763,986.179
AWS_AP16,2025-06-19 02:15:00,25.23,87.217,985.502
AWS_AP16,2025-06-19 02:30:00,25.624,87.788,986.05
AWS_AP16,2025-06-19 02:45:00,25.923,90.795,985.624
AWS_AP16,2025-06-19 03:00:00,25.341,88.52,985.452
AWS_AP16,2025-06-19 03:15:00,25.175,92.737,986.259
AWS_AP16,2025-06-19 03:30:00,25.247,88.854,985.802
AWS_AP16,2025-06-19 03:45:00,26.207,90.713,985.095
AWS_AP16,2025-06-19 04:00:00,25.91,91.848,984.865
AWS_AP16,2025-06-19 04:15:00,25.867,87.179,985.658
AWS_AP16,2025-06-19 04:30:00,25.346,87.089,985.809
AWS_AP16,2025-06-19 04:45:00,25.739,89.447,985.739
AWS_AP16,2025-06-19 05:00:00,26.023,90.405,986.191
AWS_AP16,2025-06-19 05:15:00,25.836,82.342,985.969
AWS_AP16,2025-06-19 05:30:00,26.87,86.979,985.571
AWS_AP16,2025-06-19 05:45:00,26.53,84.038,986.212
AWS_AP16,2025-06-19 06:00:00,26.68,84.661,986.334
AWS_AP16,2025-06-19 06:15:00,27.132,87.045,985.904
AWS_AP16,2025-06-19 06:30:00,26.817,85.663,986.396
AWS_AP16,2025-06-19 06:45:00,26.988,84.544,986.566
AWS_AP16,2025-06-19 07:00:00,27.567,80.28,987.215
AWS_AP16,2025-06-19 07:15:00,27.763,85.675,987.191
AWS_AP16,2025-06-19 07:30:00,27.034,82.476,987.702
AWS_AP16,2025-06-19 07:45:00,27.984,82.846,987.152
AWS_AP16,2025-06-19 08:00:00,28.355,79.451,987.858
AWS_AP16,2025-06-19 08:15:00,28.555,79.069,988.023
AWS_AP16,2025-06-19 08:30:00,28.615,76.861,987.536
AWS_AP16,2025-06-19 08:45:00,28.468,79.068,987.21
AWS_AP16,2025-06-19 09:00:00,28.571,78.307,988.248
AWS_AP16,2025-06-19 09:15:00,29.39,74.152,987.941
AWS_AP16,2025-06-19 09:30:00,29.136,75.351,987.75
AWS_AP16,2025-06-19 09:45:00,30.846,70.988,988.727
AWS_AP16,2025-06-19 10:00:00,29.663,73.085,988.016
AWS_AP16,2025-06-19 10:15:00,29.518,74.293,988.271
AWS_AP16,2025-06-19 10:30:00,30.373,70.398,988.623
AWS_AP16,2025-06-19 10:45:00,30.726,69.103,987.877
AWS_AP16,2025-06-19 11:00:00,46.151,72.034,988.343
AWS_AP16,2025-06-22 11:00:00,31.481,70.567,987.725
AWS_AP16,2025-06-22 11:15:00,32.23,73.831,988.075
AWS_AP16,2025-06-23 01:45:00,25.449,93.107,985.108
AWS_AP16,2025-06-23 02:00:00,25.114,96.086,985.859
AWS_AP16,2025-06-26 11:45:00,29.313,68.434,987.746
AWS_AP16,2025-06-26 12:00:00,29.418,69.158,988.166
AWS_AP16,2025-06-27 00:45:00,26.981,87.07,987.254
AWS_AP16,2025-06-27 01:00:00,26.455,89.958,986.076
AWS_AP16,2025-07-04 06:30:00,27.672,89.429,986.83
AWS_AP16,2025-07-04 06:45:00,27.417,94.647,986.838
AWS_AP16,2025-07-10 05:45:00,24.616,92.999,988.286
AWS_AP16,2025-07-10 06:00:00,24.362,88.143,987.336
AWS_AP16,2025-07-10 14:30:00,29.105,72.157,987.009
AWS_AP16,2025-07-10 14:45:00,29.725,70.609,987.419
AWS_AP16,2025-07-15 03:15:00,24.082,95.83,985.757
AWS_AP16,2025-07-15 03:30:00,23.406,93.708,986.86
AWS_AP16,2025-07-15 11:45:00,29.312,77.27,988.965
AWS_AP16,2025-07-15 12:00:00,28.675,74.324,988.111
AWS_AP16,2025-07-21 23:15:00,26.898,88.823,989.481
AWS_AP16,2025-07-21 23:30:00,26.06,90.143,988.553
AWS_AP16,2025-07-22 08:00:00,23.785,85.017,987.135
AWS_AP16,2025-07-22 08:15:00,23.943,81.538,988.137
AWS_AP16,2025-08-12 04:15:00,25.668,93.718,988.04
AWS_AP16,2025-08-12 04:30:00,25.812,97.052,987.442
AWS_AP16,2025-08-12 20:45:00,28.687,83.546,990.267
AWS_AP16,2025-08-12 21:00:00,29.099,84.82,990.19
AWS_AP16,2025-08-15 10:30:00,27.742,83.815,991.005
AWS_AP16,2025-08-15 10:45:00,27.794,84.188,991.036
AWS_AP16,2025-09-20 00:15:00,24.875,89.706,989.891
AWS_AP16,2025-09-20 00:30:00,24.511,86.553,989.507
AWS_AP16,2025-10-04 10:30:00,29.266,70.173,994.435
AWS_AP16,2025-10-04 10:45:00,29.436,67.755,993.672
AWS_AP16,2025-10-06 22:30:00,24.325,82.23,991.382
AWS_AP16,2025-10-06 22:45:00,23.846,80.984,992.437
AWS_AP16,2025-10-10 19:45:00,27.171,77.333,993.065
AWS_AP16,2025-10-10 20:00:00,26.504,81.379,992.899
AWS_AP16,2025-10-17 17:15:00,28.303,64.156,991.866
AWS_AP16,2025-10-17 17:30:00,28.279,63.298,991.806
AWS_AP16,2025-10-23 13:00:00,28.505,67.055,994.195
AWS_AP16,2025-10-23 13:15:00,28.385,61.656,992.922
AWS_AP16,2025-10-26 21:00:00,25.553,73.789,994.55
AWS_AP16,2025-10-26 21:15:00,24.316,71.944,993.742
AWS_AP16,2025-11-02 11:45:00,27.725,70.697,994.53
AWS_AP16,2025-11-02 12:00:00,28.472,66.971,994.359
AWS_AP16,2025-11-06 17:30:00,27.776,63.836,992.964
AWS_AP16,2025-11-06 17:45:00,27.836,61.601,993.874
AWS_AP16,2025-11-10 03:00:00,20.801,75.807,993.45
AWS_AP16,2025-11-10 03:15:00,20.262,79.711,994.132
AWS_AP16,2025-12-03 02:00:00,20.038,82.479,995.321
AWS_AP16,2025-12-03 02:15:00,19.534,85.291,995.76
AWS_AP16,2025-12-21 01:15:00,19.362,83.488,997.823
AWS_AP16,2025-12-21 01:30:00,19.168,82.076,998.155
AWS_AP16,2025-12-23 17:45:00,24.495,57.958,995.848
AWS_AP16,2025-12-23 18:00:00,24.673,61.044,996.786
AWS_AP16,2025-12-23 22:45:00,19.897,71.52,997.393
AWS_AP16,2025-12-23 23:00:00,19.439,75.336,997.819
AWS_AP16,2025-12-23 23:15:00,19.076,75.843,997.82
AWS_AP16,2025-12-23 23:30:00,19.011,76.222,997.235
AWS_AP16,2025-12-23 23:45:00,18.588,77.128,997.358
AWS_AP16,2025-12-24 00:00:00,19.537,76.253,997.612
AWS_AP16,2025-12-24 00:15:00,19.17,81.632,997.712
AWS_AP16,2025-12-24 00:30:00,19.225,79.686,997.653
AWS_AP16,2025-12-24 00:45:00,19.219,77.312,997.301
AWS_AP16,2025-12-24 01:00:00,18.875,79.501,998.114
AWS_AP16,2025-12-24 01:15:00,19.915,80.925,997.123
AWS_AP16,2025-12-24 01:30:00,19.051,78.906,996.588
AWS_AP16,2025-12-24 01:45:00,18.606,80.077,996.331
AWS_AP16,2025-12-24 02:00:00,18.391,81.197,996.246
AWS_AP16,2025-12-24 02:15:00,18.468,80.048,996.215
AWS_AP16,2025-12-24 02:30:00,18.439,79.848,997.261
AWS_AP16,2025-12-24 02:45:00,18.732,81.287,996.343
AWS_AP16,2025-12-24 03:00:00,18.337,80.298,996.262
AWS_AP16,2025-12-24 03:15:00,18.905,83.468,996.222
AWS_AP16,2025-12-24 03:30:00,18.58,81.448,995.296
AWS_AP16,2025-12-24 03:45:00,18.724,82.226,995.896
AWS_AP16,2025-12-24 04:00:00,18.524,81.263,995.07
AWS_AP16,2025-12-24 04:15:00,18.487,84.937,995.579
AWS_AP16,2025-12-24 04:30:00,19.278,79.878,996.119
AWS_AP16,2025-12-24 04:45:00,19.312,80.594,996.316
AWS_AP16,2025-12-24 05:00:00,19.285,82.499,995.681
AWS_AP16,2025-12-24 05:15:00,18.748,80.458,995.953
AWS_AP16,2025-12-24 05:30:00,19.461,81.582,995.916
AWS_AP16,2025-12-24 05:45:00,19.409,76.583,995.897
AWS_AP16,2025-12-24 06:00:00,19.902,76.849,996.654
AWS_AP16,2025-12-24 06:15:00,20.153,79.617,996.994
AWS_AP16,2025-12-24 06:30:00,19.846,82.352,997.029
AWS_AP16,2025-12-24 06:45:00,20.547,82.669,997.449
AWS_AP16,2025-12-24 07:00:00,20.88,80.038,996.711
AWS_AP16,2025-12-24 07:15:00,20.909,82.254,997.91
AWS_AP16,2025-12-24 07:30:00,21.041,79.536,997.363
AWS_AP16,2025-12-24 07:45:00,21.351,85.879,998.354
AWS_AP16,2025-12-24 08:00:00,21.168,81.348,997.838
AWS_AP16,2025-12-24 08:15:00,21.395,81.024,997.262
AWS_AP16,2025-12-24 08:30:00,21.638,80.874,998.409
AWS_AP16,2025-12-24 08:45:00,21.416,87.102,998.063
AWS_AP16,2025-12-24 09:00:00,22.679,80.957,998.912
AWS_AP16,2025-12-24 09:15:00,22.706,86.291,998.393
AWS_AP16,2025-12-24 09:30:00,23.057,81.855,998.584
AWS_AP16,2025-12-24 09:45:00,23.681,83.926,998.152
AWS_AP16,2025-12-24 10:00:00,23.863,82.798,998.505
AWS_AP16,2025-12-24 10:15:00,23.537,88.604,998.876
AWS_AP16,2025-12-24 10:30:00,23.668,88.629,997.992
AWS_AP16,2025-12-24 10:45:00,24.532,92.459,998.033
AWS_AP16,2025-12-24 11:00:00,23.84,88.001,998.276
AWS_AP16,2025-12-24 11:15:00,25.107,87.331,997.837
AWS_AP16,2025-12-24 11:30:00,25.039,91.21,998.141
AWS_AP16,2025-12-24 11:45:00,25.574,90.991,997.124
AWS_AP16,2025-12-24 12:00:00,25.747,90.722,997.721
AWS_AP16,2025-12-24 12:15:00,25.896,58.336,998.196
AWS_AP16,2025-12-24 12:30:00,25.781,59.379,997.068
AWS_AP16,2025-12-24 12:45:00,26.284,59.211,997.444
AWS_AP16,2025-12-24 13:00:00,25.622,62.572,997.619
AWS_AP16,2025-12-24 13:15:00,26.261,59.788,997.791
AWS_AP16,2025-12-24 13:30:00,26.59,57.276,996.223
AWS_AP16,2025-12-24 13:45:00,26.201,59.852,996.301
AWS_AP16,2025-12-24 14:00:00,26.587,61.933,995.487
AWS_AP16,2025-12-24 14:15:00,26.433,59.14,996.435
AWS_AP16,2025-12-24 14:30:00,26.721,57.273,996.235
AWS_AP16,2025-12-24 14:45:00,26.737,57.524,995.301
AWS_AP16,2025-12-24 15:00:00,27.101,56.479,995.893
AWS_AP16,2025-12-24 15:15:00,26.295,59.461,995.976
AWS_AP16,2025-12-24 15:30:00,26.673,60.87,995.367
AWS_AP16,2025-12-24 15:45:00,26.85,57.973,996.488
AWS_AP16,2025-12-24 16:00:00,26.502,57.189,995.554
AWS_AP16,2025-12-24 16:15:00,26.355,61.122,995.96
AWS_AP16,2025-12-24 16:30:00,25.886,57.21,995.567
AWS_AP16,2025-12-24 16:45:00,25.77,61.903,996.498
AWS_AP16,2025-12-24 17:00:00,25.56,60.101,995.761
AWS_AP16,2025-12-24 17:15:00,25.621,57.568,996.108
AWS_AP16,2025-12-24 17:30:00,26.153,61.375,996.53
AWS_AP16,2025-12-24 17:45:00,25.412,55.725,996.142
AWS_AP16,2025-12-24 18:00:00,25.433,65.675,996.979
AWS_AP16,2025-12-24 18:15:00,25.161,60.52,996.408
AWS_AP16,2025-12-24 18:30:00,25.225,61.268,996.366
AWS_AP16,2025-12-24 18:45:00,25.317,65.167,996.691
AWS_AP16,2025-12-24 19:00:00,24.288,65.701,996.977
AWS_AP16,2025-12-24 19:15:00,24.326,67.915,997.804
AWS_AP16,2025-12-24 19:30:00,24.133,62.602,997.581
AWS_AP16,2025-12-24 19:45:00,24.149,68.017,997.828
AWS_AP16,2025-12-24 20:00:00,23.971,68.423,998.002
AWS_AP16,2025-12-24 20:15:00,23.403,65.844,998.395
AWS_AP16,2025-12-24 20:30:00,22.447,69.668,997.997
AWS_AP16,2025-12-24 20:45:00,22.811,71.847,997.908
AWS_AP16,2025-12-24 21:00:00,22.567,69.365,998.994
AWS_AP16,2025-12-24 21:15:00,22.408,68.516,998.447
AWS_AP16,2025-12-24 21:30:00,21.97,73.101,998.251
AWS_AP16,2025-12-24 21:45:00,21.576,72.938,998.005
AWS_AP16,2025-12-24 22:00:00,21.866,71.795,998.537
AWS_AP16,2025-12-24 22:15:00,21.226,74.785,998.594
AWS_AP16,2025-12-24 22:30:00,21.334,74.646,997.731
AWS_AP16,2025-12-24 22:45:00,20.982,77.044,1009.496
AWS_AP17,2025-01-14 13:30:00,26.825,39.987,992.397
AWS_AP17,2025-01-14 13:45:00,26.857,37.411,993.259
AWS_AP17,2025-01-15 02:30:00,17.873,75.363,993.368
AWS_AP17,2025-01-15 02:45:00,17.842,76.713,992.709
AWS_AP17,2025-01-17 15:45:00,29.608,32.738,993.319
AWS_AP17,2025-01-17 16:00:00,29.573,31.258,991.677
AWS_AP17,2025-01-20 05:00:00,19.11,71.641,990.609
AWS_AP17,2025-01-20 05:15:00,19.676,69.411,990.937
AWS_AP17,2025-01-24 02:30:00,19.279,72.162,992.539
AWS_AP17,2025-01-24 02:45:00,19.106,69.88,992.257
AWS_AP17,2025-01-26 00:00:00,20.289,65.892,993.043
AWS_AP17,2025-01-26 00:15:00,20.038,65.318,992.856
AWS_AP17,2025-01-26 00:30:00,19.37,69.778,991.642
AWS_AP17,2025-01-26 00:45:00,19.538,63.571,992.627
AWS_AP17,2025-01-26 01:00:00,18.889,67.479,991.906
AWS_AP17,2025-01-26 01:15:00,18.658,66.053,991.405
AWS_AP17,2025-01-26 01:30:00,18.68,69.761,992.124
AWS_AP17,2025-01-26 01:45:00,18.151,69.458,991.959
AWS_AP17,2025-01-26 02:00:00,18.77,68.779,991.336
AWS_AP17,2025-01-26 02:15:00,18.534,70.952,991.533
AWS_AP17,2025-01-26 02:30:00,18.227,70.95,990.416
AWS_AP17,2025-01-26 02:45:00,17.869,69.618,991.262
AWS_AP17,2025-01-26 03:00:00,18.107,70.378,990.698
AWS_AP17,2025-01-26 03:15:00,18.702,66.789,990.748
AWS_AP17,2025-01-26 03:30:00,18.385,72.755,991.352
AWS_AP17,2025-01-26 03:45:00,18.593,68.441,990.859
AWS_AP17,2025-01-26 04:00:00,18.567,65.157,990.78
AWS_AP17,2025-01-26 04:15:00,18.514,67.283,989.872
AWS_AP17,2025-01-26 04:30:00,19.731,69.766,990.386
AWS_AP17,2025-01-26 04:45:00,18.782,69.901,991.605
AWS_AP17,2025-01-26 05:00:00,19.387,69.649,990.626
AWS_AP17,2025-01-26 05:15:00,19.439,67.548,990.712
AWS_AP17,2025-01-26 05:30:00,20.414,64.061,991.137
AWS_AP17,2025-01-26 05:45:00,20.25,68.128,991.113
AWS_AP17,2025-01-26 06:00:00,20.332,60.27,991.382
AWS_AP17,2025-01-26 06:15:00,20.243,61.736,991.212
AWS_AP17,2025-01-26 06:30:00,20.756,63.849,991.931
AWS_AP17,2025-01-26 06:45:00,21.76,62.547,992.096
AWS_AP17,2025-01-26 07:00:00,21.139,57.405,991.185
AWS_AP17,2025-01-26 07:15:00,21.415,57.088,992.219
AWS_AP17,2025-01-26 07:30:00,22.045,57.889,992.618
AWS_AP17,2025-01-26 07:45:00,21.773,57.462,992.973
AWS_AP17,2025-01-26 08:00:00,22.906,57.454,992.46
AWS_AP17,2025-01-26 08:15:00,23.396,55.224,992.773
AWS_AP17,2025-01-26 08:30:00,23.879,51.866,992.982
AWS_AP17,2025-01-26 08:45:00,23.743,51.308,992.893
AWS_AP17,2025-01-26 09:00:00,24.66,47.336,992.609
AWS_AP17,2025-01-26 09:15:00,25.264,50.4,992.559
AWS_AP17,2025-01-26 09:30:00,25.173,47.146,993.141
AWS_AP17,2025-01-26 09:45:00,25.141,47.577,993.315
AWS_AP17,2025-01-26 10:00:00,26.652,43.268,993.802
AWS_AP17,2025-01-26 10:15:00,26.363,48.148,993.243
AWS_AP17,2025-01-26 10:30:00,27.133,41.953,992.806
AWS_AP17,2025-01-26 10:45:00,27.019,39.557,992.835
AWS_AP17,2025-01-26 11:00:00,27.957,38.375,992.705
AWS_AP17,2025-01-26 11:15:00,28.044,35.954,992.916
AWS_AP17,2025-01-26 11:30:00,28.145,36.988,992.683
AWS_AP17,2025-01-26 11:45:00,28.745,37.728,992.5
AWS_AP17,2025-01-26 12:00:00,28.989,34.175,993.189
AWS_AP17,2025-01-26 12:15:00,29.106,34.059,991.883
AWS_AP17,2025-01-26 12:30:00,29.841,32.204,992.341
AWS_AP17,2025-01-26 12:45:00,29.996,29.569,992.051
AWS_AP17,2025-01-26 13:00:00,29.575,28.669,991.819
AWS_AP17,2025-01-26 13:15:00,30.035,33.181,991.644
AWS_AP17,2025-01-26 13:30:00,30.017,30.976,991.164
AWS_AP17,2025-01-26 13:45:00,30.355,29.158,991.52
AWS_AP17,2025-01-26 14:00:00,30.707,27.21,991.908
AWS_AP17,2025-01-26 14:15:00,30.491,28.83,990.982
AWS_AP17,2025-01-26 14:30:00,30.798,28.233,990.77
AWS_AP17,2025-01-26 14:45:00,30.74,31.644,990.897
AWS_AP17,2025-01-26 15:00:00,30.571,31.508,990.661
AWS_AP17,2025-01-26 15:15:00,30.742,30.562,990.581
AWS_AP17,2025-01-26 15:30:00,30.433,27.773,991.705
AWS_AP17,2025-01-26 15:45:00,30.365,27.315,990.422
AWS_AP17,2025-01-26 16:00:00,30.738,27.33,990.729
AWS_AP17,2025-01-26 16:15:00,30.644,29.663,991.423
AWS_AP17,2025-01-26 16:30:00,30.104,24.287,991.12
AWS_AP17,2025-01-26 16:45:00,30.499,31.993,991.08
AWS_AP17,2025-01-26 17:00:00,29.977,32.741,990.694
AWS_AP17,2025-01-26 17:15:00,29.575,32.915,991.294
AWS_AP17,2025-01-26 17:30:00,29.443,32.54,991.067
AWS_AP17,2025-01-26 17:45:00,29.021,31.506,990.582
AWS_AP17,2025-01-26 18:00:00,28.511,35.618,991.121
AWS_AP17,2025-01-26 18:15:00,28.994,37.977,991.693
AWS_AP17,2025-01-26 18:30:00,28.411,36.756,991.304
AWS_AP17,2025-01-26 18:45:00,27.546,42.08,991.147
AWS_AP17,2025-01-26 19:00:00,27.755,40.293,992.24
AWS_AP17,2025-01-26 19:15:00,27.453,41.248,991.969
AWS_AP17,2025-01-26 19:30:00,27.038,40.929,991.82
AWS_AP17,2025-01-26 19:45:00,26.111,41.89,992.642
AWS_AP17,2025-01-26 20:00:00,26.569,43.716,992.676
AWS_AP17,2025-01-26 20:15:00,25.792,48.295,992.161
AWS_AP17,2025-01-26 20:30:00,25.094,46.524,992.913
AWS_AP17,2025-01-26 20:45:00,24.687,47.611,993.104
AWS_AP17,2025-01-26 21:00:00,24.638,51.383,992.388
AWS_AP17,2025-01-26 21:15:00,24.679,52.302,992.96
AWS_AP17,2025-01-26 21:30:00,23.635,51.438,992.857
AWS_AP17,2025-01-26 21:45:00,23.069,50.026,992.85
AWS_AP17,2025-01-26 22:00:00,22.94,55.162,992.777
AWS_AP17,2025-01-26 22:15:00,22.476,53.639,992.882
AWS_AP17,2025-01-26 22:30:00,21.863,55.35,993.284
AWS_AP17,2025-01-26 22:45:00,22.133,61.116,993.052
AWS_AP17,2025-01-26 23:00:00,21.237,59.174,993.242
AWS_AP17,2025-01-26 23:15:00,21.318,61.588,992.844
AWS_AP17,2025-01-26 23:30:00,20.872,64.421,993.516
AWS_AP17,2025-01-26 23:45:00,20.581,61.848,991.927
AWS_AP17,2025-01-27 00:00:00,19.726,62.418,995.395
AWS_AP17,2025-01-27 00:15:00,19.459,59.439,995.298
AWS_AP17,2025-01-27 00:30:00,19.41,63.137,994.555
AWS_AP17,2025-02-01 08:45:00,24.292,55.42,994.137
AWS_AP17,2025-02-01 09:00:00,24.712,51.123,994.462
AWS_AP17,2025-02-08 18:00:00,29.932,47.767,991.823
AWS_AP17,2025-02-08 18:15:00,30.69,48.69,991.401
AWS_AP17,2025-02-14 14:15:00,32.281,24.01,990.85
AWS_AP17,2025-02-14 14:30:00,32.706,21.822,991.386
AWS_AP17,2025-02-24 20:30:00,28.48,37.591,992.162
AWS_AP17,2025-02-24 20:45:00,27.805,38.525,991.674
AWS_AP17,2025-02-24 21:00:00,27.59,37.677,992.831
AWS_AP17,2025-02-24 21:15:00,27.05,41.804,991.72
AWS_AP17,2025-02-24 21:30:00,26.201,40.614,992.256
AWS_AP17,2025-02-24 21:45:00,25.737,43.014,992.221
AWS_AP17,2025-02-24 22:00:00,26.154,44.58,993.303
AWS_AP17,2025-02-24 22:15:00,25.392,43.573,992.509
AWS_AP17,2025-02-24 22:30:00,24.718,43.873,992.002
AWS_AP17,2025-02-24 22:45:00,24.612,47.941,992.945
AWS_AP17,2025-02-24 23:00:00,24.247,48.737,992.047
AWS_AP17,2025-02-24 23:15:00,24.093,47.957,992.493
AWS_AP17,2025-02-24 23:30:00,23.553,51.721,992.086
AWS_AP17,2025-02-24 23:45:00,23.021,49.543,992.58
AWS_AP17,2025-02-25 00:00:00,22.35,57.148,992.686
AWS_AP17,2025-02-25 00:15:00,22.159,56.358,991.695
AWS_AP17,2025-02-25 00:30:00,21.844,57.27,992.498
AWS_AP17,2025-02-25 00:45:00,21.527,55.805,992.004
AWS_AP17,2025-02-25 01:00:00,21.61,56.409,990.885
AWS_AP17,2025-02-25 01:15:00,21.25,59.977,991.391
AWS_AP17,2025-02-25 01:30:00,21.271,59.298,990.646
AWS_AP17,2025-02-25 01:45:00,21.231,64.545,991.62
AWS_AP17,2025-02-25 02:00:00,20.797,62.142,990.667
AWS_AP17,2025-02-25 02:15:00,20.855,59.571,990.973
AWS_AP17,2025-02-25 02:30:00,20.419,61.113,990.295
AWS_AP17,2025-02-25 02:45:00,20.628,60.871,990.611
AWS_AP17,2025-02-25 03:00:00,20.919,60.578,990.633
AWS_AP17,2025-02-25 03:15:00,20.523,58.729,990.946
AWS_AP17,2025-02-25 03:30:00,20.2,59.374,990.345
AWS_AP17,2025-02-25 03:45:00,20.669,65.171,990.836
AWS_AP17,2025-02-25 04:00:00,20.695,59.834,990.103
AWS_AP17,2025-02-25 04:15:00,20.275,58.418,989.897
AWS_AP17,2025-02-25 04:30:00,20.887,59.585,990.266
AWS_AP17,2025-02-25 04:45:00,21.332,63.283,990.033
AWS_AP17,2025-02-25 05:00:00,21.606,61.655,990.756
AWS_AP17,2025-02-25 05:15:00,21.863,58.838,990.491
AWS_AP17,2025-02-25 05:30:00,22.051,50.273,990.392
AWS_AP17,2025-02-25 05:45:00,22.93,55.518,991.297
AWS_AP17,2025-02-25 06:00:00,22.49,56.424,990.905
AWS_AP17,2025-02-25 06:15:00,22.66,54.581,990.107
AWS_AP17,2025-02-25 06:30:00,23.05,53.708,990.586
AWS_AP17,2025-02-25 06:45:00,23.828,53.254,991.417
AWS_AP17,2025-02-25 07:00:00,23.443,50.969,991.779
AWS_AP17,2025-02-25 07:15:00,24.391,49.463,990.994
AWS_AP17,2025-02-25 07:30:00,24.61,48.885,991.526
AWS_AP17,2025-02-25 07:45:00,25.332,50.825,992.357
AWS_AP17,2025-02-25 08:00:00,25.545,45.596,992.234
AWS_AP17,2025-02-25 08:15:00,25.535,46.414,992.286
AWS_AP17,2025-02-25 08:30:00,26.315,43.938,992.141
AWS_AP17,2025-02-25 08:45:00,26.654,42.218,992.426
AWS_AP17,2025-02-25 09:00:00,26.959,39.169,992.754
AWS_AP17,2025-02-25 09:15:00,27.071,37.629,993.274
AWS_AP17,2025-02-25 09:30:00,28.195,39.339,992.358
AWS_AP17,2025-02-25 09:45:00,28.43,34.511,992.314
AWS_AP17,2025-02-25 10:00:00,28.809,36.33,992.532
AWS_AP17,2025-02-25 10:15:00,29.314,38.581,993.459
AWS_AP17,2025-02-25 10:30:00,30.036,30.992,993.078
AWS_AP17,2025-02-25 10:45:00,30.282,30.586,992.28
AWS_AP17,2025-02-25 11:00:00,30.481,32.504,992.732
AWS_AP17,2025-02-25 11:15:00,30.953,28.005,993.183
AWS_AP17,2025-02-25 11:30:00,31.526,28.189,992.598
AWS_AP17,2025-02-25 11:45:00,31.352,31.341,991.872
AWS_AP17,2025-02-25 12:00:00,32.117,22.982,992.645
AWS_AP17,2025-02-25 12:15:00,32.052,26.244,992.003
AWS_AP17,2025-02-25 12:30:00,32.134,26.156,992.141
AWS_AP17,2025-02-25 12:45:00,33.02,23.203,991.648
AWS_AP17,2025-02-25 13:00:00,33.329,24.83,991.252
AWS_AP17,2025-02-25 13:15:00,33.243,27.582,991.296
AWS_AP17,2025-02-25 13:30:00,33.549,23.892,991.027
AWS_AP17,2025-02-25 13:45:00,33.454,23.046,990.358
AWS_AP17,2025-02-25 14:00:00,33.717,18.581,991.276
AWS_AP17,2025-02-25 14:15:00,33.26,21.25,991.104
AWS_AP17,2025-02-25 14:30:00,34.297,18.199,990.92
AWS_AP17,2025-02-25 14:45:00,33.694,18.983,990.284
AWS_AP17,2025-02-25 15:00:00,34.581,17.145,990.372
AWS_AP17,2025-02-25 15:15:00,33.962,19.822,989.903
AWS_AP17,2025-02-25 15:30:00,34.098,25.51,990.034
AWS_AP17,2025-02-25 15:45:00,33.798,22.552,990.636
AWS_AP17,2025-02-25 16:00:00,33.599,19.874,990.307
AWS_AP17,2025-02-25 16:15:00,33.783,22.544,990.13
AWS_AP17,2025-02-25 16:30:00,33.783,22.544,990.13
AWS_AP17,2025-02-25 16:45:00,32.547,23.4,989.735
AWS_AP17,2025-02-25 17:00:00,32.697,27.878,990.76
AWS_AP17,2025-02-25 17:15:00,32.525,25.325,990.229
AWS_AP17,2025-02-25 17:30:00,32.68,26.375,990.784
AWS_AP17,2025-02-25 17:45:00,32.787,23.641,990.381
AWS_AP17,2025-02-25 18:00:00,31.956,26.267,990.471
AWS_AP17,2025-02-25 18:15:00,31.972,27.799,990.696
AWS_AP17,2025-02-25 18:30:00,31.008,29.369,991.36
AWS_AP17,2025-02-25 18:45:00,31.178,29.401,991.825
AWS_AP17,2025-02-25 19:00:00,30.356,28.566,991.445
AWS_AP17,2025-02-25 19:15:00,30.316,30.815,991.464
AWS_AP17,2025-02-25 19:30:00,29.898,33.067,992.5
AWS_AP17,2025-02-25 19:45:00,29.208,31.908,991.851
AWS_AP17,2025-02-25 20:00:00,28.895,38.068,991.625
AWS_AP17,2025-02-25 20:15:00,28.462,39.12,992.416
AWS_AP17,2025-02-25 20:30:00,43.891,37.711,992.948
AWS_AP17,2025-03-06 12:30:00,33.771,23.806,991.634
AWS_AP17,2025-03-06 12:45:00,34.344,26.964,990.901
AWS_AP17,2025-03-08 11:30:00,31.041,27.529,992.105
AWS_AP17,2025-03-08 11:45:00,31.08,24.221,990.788
AWS_AP17,2025-03-10 03:15:00,26.593,46.253,988.392
AWS_AP17,2025-03-10 03:30:00,26.798,45.398,988.918
AWS_AP17,2025-03-11 12:15:00,36.585,11.394,992.877
AWS_AP17,2025-03-11 12:30:00,36.414,9.824,991.288
AWS_AP17,2025-03-13 15:00:00,38.67,9.877,988.617
AWS_AP17,2025-03-13 15:15:00,38.21,10.154,987.938
AWS_AP17,2025-03-13 15:30:00,38.92,8.738,988.944
AWS_AP17,2025-03-13 15:45:00,38.577,13.642,988.781
AWS_AP17,2025-03-13 16:00:00,38.334,8.736,988.939
AWS_AP17,2025-03-13 16:15:00,38.105,13.222,988.549
AWS_AP17,2025-03-13 16:30:00,37.848,7.681,989.057
AWS_AP17,2025-03-13 16:45:00,37.549,12.596,989.802
AWS_AP17,2025-03-13 17:00:00,37.65,13.771,989.555
AWS_AP17,2025-03-13 17:15:00,37.607,14.437,989.287
AWS_AP17,2025-03-13 17:30:00,37.161,15.064,989.434
AWS_AP17,2025-03-13 17:45:00,36.615,13.741,989.125
AWS_AP17,2025-03-13 18:00:00,36.5,15.407,989.243
AWS_AP17,2025-03-13 18:15:00,36.16,16.447,990.125
AWS_AP17,2025-03-13 18:30:00,36.187,16.052,989.294
AWS_AP17,2025-03-13 18:45:00,35.838,20.676,990.451
AWS_AP17,2025-03-13 19:00:00,35.115,22.088,990.096
AWS_AP17,2025-03-13 19:15:00,35.165,20.038,990.288
AWS_AP17,2025-03-13 19:30:00,34.287,26.08,990.081
AWS_AP17,2025-03-13 19:45:00,34.433,19.752,990.802
AWS_AP17,2025-03-13 20:00:00,33.009,28.118,990.652
AWS_AP17,2025-03-13 20:15:00,33.434,25.073,991.001
AWS_AP17,2025-03-13 20:30:00,31.994,25.109,991.174
AWS_AP17,2025-03-13 20:45:00,31.736,29.189,991.151
AWS_AP17,2025-03-13 21:00:00,31.351,30.007,991.303
AWS_AP17,2025-03-13 21:15:00,31.09,31.827,991.041
AWS_AP17,2025-03-13 21:30:00,30.95,31.55,991.834
AWS_AP17,2025-03-13 21:45:00,30.307,33.146,991.838
AWS_AP17,2025-03-13 22:00:00,29.572,33.931,990.972
AWS_AP17,2025-03-13 22:15:00,29.394,35.928,992.385
AWS_AP17,2025-03-13 22:30:00,29.857,36.86,990.962
AWS_AP17,2025-03-13 22:45:00,28.565,42.633,991.778
AWS_AP17,2025-03-13 23:00:00,27.8,43.626,991.081
AWS_AP17,2025-03-13 23:15:00,27.456,40.314,991.237
AWS_AP17,2025-03-13 23:30:00,27.629,41.041,990.78
AWS_AP17,2025-03-13 23:45:00,27.316,41.262,990.798
AWS_AP17,2025-03-14 00:00:00,28.258,40.323,991.69
AWS_AP17,2025-03-14 00:15:00,28.734,42.99,991.545
AWS_AP17,2025-03-14 00:30:00,28.432,43.977,991.502
AWS_AP17,2025-03-14 00:45:00,28.387,40.126,991.404
AWS_AP17,2025-03-14 01:00:00,27.919,42.571,990.51
AWS_AP17,2025-03-14 01:15:00,27.439,41.531,991.016
AWS_AP17,2025-03-14 01:30:00,27.788,46.649,990.891
AWS_AP17,2025-03-14 01:45:00,27.434,48.53,989.872
AWS_AP17,2025-03-14 02:00:00,27.26,43.154,989.476
AWS_AP17,2025-03-14 02:15:00,27.093,44.606,989.76
AWS_AP17,2025-03-14 02:30:00,26.911,48.501,989.875
AWS_AP17,2025-03-14 02:45:00,26.671,48.732,989.512
AWS_AP17,2025-03-14 03:00:00,27.174,47.53,990.212
AWS_AP17,2025-03-14 03:15:00,27.237,47.828,990.053
AWS_AP17,2025-03-14 03:30:00,26.678,46.636,989.129
AWS_AP17,2025-03-14 03:45:00,27.351,45.588,989.301
AWS_AP17,2025-03-14 04:00:00,27.151,45.666,989.768
AWS_AP17,2025-03-14 04:15:00,27.42,46.594,988.607
AWS_AP17,2025-03-14 04:30:00,27.34,48.424,990.554
AWS_AP17,2025-03-14 04:45:00,27.204,47.03,989.713
AWS_AP17,2025-03-14 05:00:00,27.861,45.32,989.832
AWS_AP17,2025-03-14 05:15:00,28.093,44.306,990.293
AWS_AP17,2025-03-14 05:30:00,28.768,40.485,989.835
AWS_AP17,2025-03-14 05:45:00,28.544,43.271,990.348
AWS_AP17,2025-03-14 06:00:00,28.926,44.135,990.357
AWS_AP17,2025-03-14 06:15:00,29.028,40.896,990.418
AWS_AP17,2025-03-14 06:30:00,30.205,41.427,989.902
AWS_AP17,2025-03-14 06:45:00,30.062,37.213,990.405
AWS_AP17,2025-03-14 07:00:00,30.372,34.547,990.905
AWS_AP17,2025-03-14 07:15:00,31.093,36.721,990.969
AWS_AP17,2025-03-14 07:30:00,31.975,36.866,991.556
AWS_AP17,2025-03-14 07:45:00,32.129,35.559,991.946
AWS_AP17,2025-03-14 08:00:00,32.345,36.385,991.821
AWS_AP17,2025-03-14 08:15:00,32.297,30.933,992.012
AWS_AP17,2025-03-14 08:30:00,33.316,30.154,992.457
AWS_AP17,2025-03-14 08:45:00,33.49,29.349,991.581
AWS_AP17,2025-03-14 09:00:00,34.064,28.477,991.785
AWS_AP17,2025-03-14 09:15:00,34.899,22.349,992.059
AWS_AP17,2025-03-14 09:30:00,35.285,23.412,992.143
AWS_AP17,2025-03-14 09:45:00,35.526,20.913,992.298
AWS_AP17,2025-03-14 10:00:00,35.749,22.005,992.377
AWS_AP17,2025-03-14 10:15:00,36.2,16.31,991.984
AWS_AP17,2025-03-14 10:30:00,36.647,16.508,992.352
AWS_AP17,2025-03-14 10:45:00,36.764,19.012,992.162
AWS_AP17,2025-03-14 11:00:00,37.044,21.1,992.062
AWS_AP17,2025-03-14 11:15:00,37.965,21.841,992.357
AWS_AP17,2025-03-14 11:30:00,38.405,13.389,992.454
AWS_AP17,2025-03-14 11:45:00,38.539,15.152,991.684
AWS_AP17,2025-03-14 12:00:00,39.062,14.961,991.387
AWS_AP17,2025-03-14 12:15:00,39.266,16.285,991.584
AWS_AP17,2025-03-14 12:30:00,39.201,10.394,991.462
AWS_AP17,2025-03-14 12:45:00,40.014,10.588,991.124
AWS_AP17,2025-03-14 13:00:00,39.996,10.754,991.295
AWS_AP17,2025-03-14 13:15:00,40.524,11.784,990.985
AWS_AP17,2025-03-14 13:30:00,40.576,10.96,990.875
AWS_AP17,2025-03-14 13:45:00,40.349,9.14,990.328
AWS_AP17,2025-03-14 14:00:00,40.512,10.307,990.492
AWS_AP17,2025-03-14 14:15:00,40.818,5.0,990.333
AWS_AP17,2025-03-14 14:30:00,40.123,10.321,989.37
AWS_AP17,2025-03-14 14:45:00,40.988,11.231,989.519
AWS_AP17,2025-03-14 15:00:00,40.586,5.023,990.626
AWS_AP17,2025-03-28 06:00:00,25.264,46.961,987.797
AWS_AP17,2025-03-28 06:15:00,25.729,43.621,987.983
AWS_AP17,2025-04-01 12:00:00,37.288,17.667,989.643
AWS_AP17,2025-04-01 12:15:00,37.882,18.753,989.713
AWS_AP17,2025-04-03 09:15:00,30.967,25.69,990.257
AWS_AP17,2025-04-03 09:30:00,31.689,26.666,989.908
AWS_AP17,2025-04-16 02:30:00,24.216,50.094,987.596
AWS_AP17,2025-04-16 02:45:00,24.386,50.599,987.009
AWS_AP17,2025-04-21 13:00:00,36.79,9.017,986.45
AWS_AP17,2025-04-21 13:15:00,36.745,10.709,986.863
AWS_AP17,2025-04-22 02:00:00,26.066,46.339,986.263
AWS_AP17,2025-04-22 02:15:00,26.442,51.85,985.759
AWS_AP17,2025-05-07 17:45:00,38.958,23.198,983.81
AWS_AP17,2025-05-07 18:00:00,38.967,20.623,984.57
AWS_AP17,2025-05-07 21:30:00,32.559,38.448,986.507
AWS_AP17,2025-05-07 21:45:00,32.311,39.532,986.319
AWS_AP17,2025-05-10 14:45:00,41.153,8.454,985.303
AWS_AP17,2025-05-10 15:00:00,42.071,9.4,984.243
AWS_AP17,2025-05-13 03:00:00,26.66,53.376,982.802
AWS_AP17,2025-05-13 03:15:00,26.402,51.136,983.556
AWS_AP17,2025-05-16 09:30:00,35.647,31.491,985.98
AWS_AP17,2025-05-16 09:45:00,35.989,25.435,985.843
AWS_AP17,2025-05-17 00:45:00,27.362,45.526,984.739
AWS_AP17,2025-05-17 01:00:00,26.859,48.512,983.379
AWS_AP17,2025-05-18 17:00:00,47.841,10.964,983.048
AWS_AP17,2025-05-18 17:15:00,47.688,6.451,982.995
AWS_AP17,2025-05-21 13:30:00,46.821,12.091,984.086
AWS_AP17,2025-05-21 13:45:00,46.867,9.132,983.972
AWS_AP17,2025-05-31 15:00:00,38.156,37.307,981.783
AWS_AP17,2025-05-31 15:15:00,38.469,32.12,982.0
AWS_AP17,2025-05-31 23:00:00,28.762,27.906,984.312
AWS_AP17,2025-05-31 23:15:00,28.711,27.906,983.821
AWS_AP17,2025-06-19 10:45:00,32.599,43.7,984.101
AWS_AP17,2025-06-19 11:00:00,33.127,38.482,984.07
AWS_AP17,2025-06-22 11:00:00,34.614,49.215,984.042
AWS_AP17,2025-06-22 11:15:00,35.071,47.263,983.599
AWS_AP17,2025-06-23 01:45:00,25.696,76.249,982.65
AWS_AP17,2025-06-23 02:00:00,25.186,77.211,982.184
AWS_AP17,2025-06-26 11:45:00,33.141,48.596,982.704
AWS_AP17,2025-06-26 12:00:00,33.443,46.464,982.585
AWS_AP17,2025-06-27 00:45:00,26.009,75.259,982.772
AWS_AP17,2025-06-27 01:00:00,25.625,71.739,982.416
AWS_AP17,2025-07-04 06:30:00,26.055,74.327,983.516
AWS_AP17,2025-07-04 06:45:00,26.37,71.147,982.587
AWS_AP17,2025-07-09 06:00:00,25.798,77.022,981.55
AWS_AP17,2025-07-09 06:15:00,25.926,73.044,982.081
AWS_AP17,2025-07-09 06:30:00,25.982,75.46,982.27
AWS_AP17,2025-07-09 06:45:00,26.468,68.499,982.841
AWS_AP17,2025-07-09 07:00:00,27.101,69.698,982.716
AWS_AP17,2025-07-09 07:15:00,27.568,70.708,982.556
AWS_AP17,2025-07-09 07:30:00,26.901,69.836,983.885
AWS_AP17,2025-07-09 07:45:00,27.138,69.053,983.862
AWS_AP17,2025-07-09 08:00:00,28.034,65.028,983.032
AWS_AP17,2025-07-09 08:15:00,28.464,63.114,983.578
AWS_AP17,2025-07-09 08:30:00,29.324,58.388,982.586
AWS_AP17,2025-07-09 08:45:00,28.542,61.739,983.919
AWS_AP17,2025-07-09 09:00:00,29.15,59.405,983.522
AWS_AP17,2025-07-09 09:15:00,29.089,60.397,984.042
AWS_AP17,2025-07-09 09:30:00,29.841,56.603,983.827
AWS_AP17,2025-07-09 09:45:00,30.367,56.668,983.198
AWS_AP17,2025-07-09 10:00:00,30.561,51.819,983.696
AWS_AP17,2025-07-09 10:15:00,30.888,57.585,983.898
AWS_AP17,2025-07-09 10:30:00,31.155,50.266,984.183
AWS_AP17,2025-07-09 10:45:00,31.381,52.276,983.879
AWS_AP17,2025-07-09 11:00:00,31.483,47.839,984.345
AWS_AP17,2025-07-09 11:15:00,31.537,49.218,983.561
AWS_AP17,2025-07-09 11:30:00,31.69,48.669,983.75
AWS_AP17,2025-07-09 11:45:00,32.746,47.544,983.167
AWS_AP17,2025-07-09 12:00:00,32.334,46.768,982.888
AWS_AP17,2025-07-09 12:15:00,33.294,42.427,983.129
AWS_AP17,2025-07-09 12:30:00,32.714,42.406,982.393
AWS_AP17,2025-07-09 12:45:00,33.087,47.533,983.193
AWS_AP17,2025-07-09 13:00:00,32.998,46.763,982.381
AWS_AP17,2025-07-09 13:15:00,33.655,42.045,982.223
AWS_AP17,2025-07-09 13:30:00,33.508,41.107,981.863
AWS_AP17,2025-07-09 13:45:00,34.16,41.565,982.146
AWS_AP17,2025-07-09 14:00:00,33.659,40.573,982.071
AWS_AP17,2025-07-09 14:15:00,33.668,44.845,982.198
AWS_AP17,2025-07-09 14:30:00,33.377,41.305,981.679
AWS_AP17,2025-07-09 14:45:00,33.587,41.46,981.726
AWS_AP17,2025-07-09 15:00:00,33.38,43.702,981.915
AWS_AP17,2025-07-09 15:15:00,33.813,39.748,981.372
AWS_AP17,2025-07-09 15:30:00,33.646,40.964,981.623
AWS_AP17,2025-07-09 15:45:00,33.671,38.955,981.913
AWS_AP17,2025-07-09 16:00:00,34.132,41.726,981.27
AWS_AP17,2025-07-09 16:15:00,33.893,43.81,981.493
AWS_AP17,2025-07-09 16:30:00,33.193,42.944,981.421
AWS_AP17,2025-07-09 16:45:00,33.466,41.694,981.402
AWS_AP17,2025-07-09 17:00:00,33.301,44.784,981.266
AWS_AP17,2025-07-09 17:15:00,32.897,44.934,982.204
AWS_AP17,2025-07-09 17:30:00,32.785,45.801,982.267
AWS_AP17,2025-07-09 17:45:00,32.71,47.343,982.375
AWS_AP17,2025-07-09 18:00:00,32.222,48.529,982.303
AWS_AP17,2025-07-09 18:15:00,32.524,45.37,982.42
AWS_AP17,2025-07-09 18:30:00,31.926,46.358,982.401
AWS_AP17,2025-07-09 18:45:00,32.204,50.177,981.735
AWS_AP17,2025-07-09 19:00:00,31.29,47.861,983.685
AWS_AP17,2025-07-09 19:15:00,31.083,75.298,982.483
AWS_AP17,2025-07-09 19:30:00,30.838,54.407,983.368
AWS_AP17,2025-07-09 19:45:00,30.848,53.861,983.223
AWS_AP17,2025-07-09 20:00:00,30.639,54.164,983.339
AWS_AP17,2025-07-09 20:15:00,29.82,57.31,982.893
AWS_AP17,2025-07-09 20:30:00,29.301,59.309,984.224
AWS_AP17,2025-07-09 20:45:00,29.738,60.308,983.983
AWS_AP17,2025-07-09 21:00:00,28.688,62.668,984.04
AWS_AP17,2025-07-09 21:15:00,28.959,57.66,983.583
AWS_AP17,2025-07-09 21:30:00,28.351,62.369,984.342
AWS_AP17,2025-07-09 21:45:00,28.172,64.277,983.798
AWS_AP17,2025-07-09 22:00:00,27.717,62.993,983.906
AWS_AP17,2025-07-09 22:15:00,27.46,67.743,984.162
AWS_AP17,2025-07-09 22:30:00,27.061,69.184,983.966
AWS_AP17,2025-07-09 22:45:00,26.764,71.423,983.911
AWS_AP17,2025-07-09 23:00:00,26.645,69.827,984.086
AWS_AP17,2025-07-09 23:15:00,26.067,72.893,984.295
AWS_AP17,2025-07-09 23:30:00,25.912,72.025,983.338
AWS_AP17,2025-07-09 23:45:00,26.151,75.33,982.448
AWS_AP17,2025-07-10 00:00:00,26.856,73.664,984.471
AWS_AP17,2025-07-10 00:15:00,26.398,74.644,983.828
AWS_AP17,2025-07-10 00:30:00,25.984,73.814,984.038
AWS_AP17,2025-07-10 00:45:00,26.126,76.935,983.604
AWS_AP17,2025-07-10 01:00:00,26.322,77.821,983.479
AWS_AP17,2025-07-10 01:15:00,25.894,73.757,984.038
AWS_AP17,2025-07-10 01:30:00,25.73,78.533,983.86
AWS_AP17,2025-07-10 01:45:00,25.914,77.054,983.636
AWS_AP17,2025-07-10 02:00:00,26.084,78.116,982.805
AWS_AP17,2025-07-10 02:15:00,25.523,77.532,982.947
AWS_AP17,2025-07-10 02:30:00,25.27,77.762,983.188
AWS_AP17,2025-07-10 02:45:00,25.13,80.228,982.259
AWS_AP17,2025-07-10 03:00:00,25.261,76.207,982.426
AWS_AP17,2025-07-10 03:15:00,25.218,79.11,981.955
AWS_AP17,2025-07-10 03:30:00,26.182,78.869,981.932
AWS_AP17,2025-07-10 03:45:00,26.091,79.835,982.022
AWS_AP17,2025-07-10 04:00:00,25.337,79.703,981.968
AWS_AP17,2025-07-10 04:15:00,25.61,78.64,982.431
AWS_AP17,2025-07-10 04:30:00,25.989,74.976,982.063
AWS_AP17,2025-07-10 04:45:00,25.948,75.803,982.355
AWS_AP17,2025-07-10 05:00:00,25.476,76.994,982.968
AWS_AP17,2025-07-10 05:15:00,25.818,75.215,982.687
AWS_AP17,2025-07-10 05:30:00,25.715,74.42,983.192
AWS_AP17,2025-07-10 05:45:00,26.535,75.542,983.431
AWS_AP17,2025-07-10 06:00:00,7.065,70.553,983.715
AWS_AP17,2025-07-10 14:30:00,34.952,38.394,982.892
AWS_AP17,2025-07-10 14:45:00,34.563,41.6,983.356
AWS_AP17,2025-07-15 03:15:00,22.823,76.463,982.103
AWS_AP17,2025-07-15 03:30:00,22.442,81.402,981.382
AWS_AP17,2025-07-15 11:45:00,29.941,46.516,983.021
AWS_AP17,2025-07-15 12:00:00,30.219,44.021,983.74
AWS_AP17,2025-07-21 08:15:00,25.136,61.563,984.237
AWS_AP17,2025-07-21 08:30:00,25.298,62.414,984.444
AWS_AP17,2025-07-21 08:45:00,25.554,61.876,984.424
AWS_AP17,2025-07-21 09:00:00,25.661,57.854,984.036
AWS_AP17,2025-07-21 09:15:00,26.276,55.44,984.434
AWS_AP17,2025-07-21 09:30:00,26.633,52.827,983.78
AWS_AP17,2025-07-21 09:45:00,26.641,55.148,984.683
AWS_AP17,2025-07-21 10:00:00,26.895,51.858,984.218
AWS_AP17,2025-07-21 10:15:00,26.9,56.227,984.495
AWS_AP17,2025-07-21 10:30:00,27.264,51.771,984.652
AWS_AP17,2025-07-21 10:45:00,27.602,47.724,984.177
AWS_AP17,2025-07-21 11:00:00,27.762,49.714,984.298
AWS_AP17,2025-07-21 11:15:00,27.859,49.76,984.459
AWS_AP17,2025-07-21 11:30:00,28.168,47.24,984.684
AWS_AP17,2025-07-21 11:45:00,28.688,46.303,983.824
AWS_AP17,2025-07-21 12:00:00,28.836,44.242,983.703
AWS_AP17,2025-07-21 12:15:00,28.987,40.129,983.194
AWS_AP17,2025-07-21 12:30:00,28.23,44.443,984.065
AWS_AP17,2025-07-21 12:45:00,29.834,37.558,983.284
AWS_AP17,2025-07-21 13:00:00,29.609,42.336,983.541
AWS_AP17,2025-07-21 13:15:00,29.177,42.976,983.252
AWS_AP17,2025-07-21 13:30:00,29.983,38.239,982.971
AWS_AP17,2025-07-21 13:45:00,29.946,39.224,982.429
AWS_AP17,2025-07-21 14:00:00,30.058,34.193,982.663
AWS_AP17,2025-07-21 14:15:00,30.351,41.387,982.465
AWS_AP17,2025-07-21 14:30:00,29.963,37.858,982.713
AWS_AP17,2025-07-21 14:45:00,29.61,38.696,982.661
AWS_AP17,2025-07-21 15:00:00,29.693,37.959,982.617
AWS_AP17,2025-07-21 15:15:00,30.03,35.537,982.282
AWS_AP17,2025-07-21 15:30:00,30.081,32.474,981.95
AWS_AP17,2025-07-21 15:45:00,29.72,36.722,982.495
AWS_AP17,2025-07-21 16:00:00,29.74,39.409,982.153
AWS_AP17,2025-07-21 16:15:00,29.568,42.664,982.093
AWS_AP17,2025-07-21 16:30:00,29.97,39.743,982.802
AWS_AP17,2025-07-21 16:45:00,29.708,40.372,981.997
AWS_AP17,2025-07-21 17:00:00,29.525,43.5,981.903
AWS_AP17,2025-07-21 17:15:00,29.469,40.289,982.782
AWS_AP17,2025-07-21 17:30:00,29.412,41.006,982.708
AWS_AP17,2025-07-21 17:45:00,29.139,39.653,982.436
AWS_AP17,2025-07-21 18:00:00,28.836,45.952,982.7
AWS_AP17,2025-07-21 18:15:00,28.577,43.713,982.834
AWS_AP17,2025-07-21 18:30:00,28.565,44.609,983.427
AWS_AP17,2025-07-21 18:45:00,27.657,46.728,983.566
AWS_AP17,2025-07-21 19:00:00,27.744,48.309,983.068
AWS_AP17,2025-07-21 19:15:00,27.57,49.511,982.651
AWS_AP17,2025-07-21 19:30:00,27.669,49.73,983.811
AWS_AP17,2025-07-21 19:45:00,27.389,50.958,983.614
AWS_AP17,2025-07-21 20:00:00,26.263,50.732,983.423
AWS_AP17,2025-07-21 20:15:00,26.794,55.302,984.295
AWS_AP17,2025-07-21 20:30:00,26.441,55.967,984.144
AWS_AP17,2025-07-21 20:45:00,26.306,55.438,984.137
AWS_AP17,2025-07-21 21:00:00,25.571,61.693,985.13
AWS_AP17,2025-07-21 21:15:00,25.533,57.929,985.651
AWS_AP17,2025-07-21 21:30:00,24.661,55.95,984.651
AWS_AP17,2025-07-21 21:45:00,24.978,63.233,983.852
AWS_AP17,2025-07-21 22:00:00,24.698,62.313,984.913
AWS_AP17,2025-07-21 22:15:00,24.652,64.524,984.666
AWS_AP17,2025-07-21 22:30:00,23.106,59.419,985.191
AWS_AP17,2025-07-21 22:45:00,23.452,64.841,984.101
AWS_AP17,2025-07-21 23:00:00,23.479,69.555,985.023
AWS_AP17,2025-07-21 23:15:00,23.014,65.768,984.483
AWS_AP17,2025-07-21 23:30:00,22.382,71.883,984.246
AWS_AP17,2025-07-21 23:45:00,22.732,74.547,983.704
AWS_AP17,2025-07-22 00:00:00,26.465,77.562,984.381
AWS_AP17,2025-07-22 00:15:00,25.826,80.475,983.463
AWS_AP17,2025-07-22 00:30:00,25.542,77.699,984.445
AWS_AP17,2025-07-22 00:45:00,25.379,79.469,983.98
AWS_AP17,2025-07-22 01:00:00,25.242,84.385,983.144
AWS_AP17,2025-07-22 01:15:00,25.3,81.825,983.584
AWS_AP17,2025-07-22 01:30:00,25.423,79.144,983.617
AWS_AP17,2025-07-22 01:45:00,24.96,81.427,983.369
AWS_AP17,2025-07-22 02:00:00,25.021,83.49,983.086
AWS_AP17,2025-07-22 02:15:00,24.906,80.676,982.937
AWS_AP17,2025-07-22 02:30:00,24.663,82.672,982.563
AWS_AP17,2025-07-22 02:45:00,24.099,79.699,982.899
AWS_AP17,2025-07-22 03:00:00,24.673,83.677,982.723
AWS_AP17,2025-07-22 03:15:00,24.443,86.979,982.245
AWS_AP17,2025-07-22 03:30:00,25.173,84.426,982.503
AWS_AP17,2025-07-22 03:45:00,24.47,82.823,982.091
AWS_AP17,2025-07-22 04:00:00,25.007,81.542,982.081
AWS_AP17,2025-07-22 04:15:00,25.383,82.417,982.303
AWS_AP17,2025-07-22 04:30:00,25.081,81.77,982.425
AWS_AP17,2025-07-22 04:45:00,25.451,79.914,982.529
AWS_AP17,2025-07-22 05:00:00,25.409,78.533,982.912
AWS_AP17,2025-07-22 05:15:00,25.411,80.651,982.494
AWS_AP17,2025-07-22 05:30:00,25.897,75.159,982.128
AWS_AP17,2025-07-22 05:45:00,26.061,78.74,982.623
AWS_AP17,2025-07-22 06:00:00,25.626,76.279,982.993
AWS_AP17,2025-07-22 06:15:00,26.214,77.195,982.925
AWS_AP17,2025-07-22 06:30:00,26.389,72.785,983.821
AWS_AP17,2025-07-22 06:45:00,27.15,72.947,982.759
AWS_AP17,2025-07-22 07:00:00,27.038,74.443,983.838
AWS_AP17,2025-07-22 07:15:00,26.856,69.98,983.476
AWS_AP17,2025-07-22 07:30:00,27.572,72.021,984.301
AWS_AP17,2025-07-22 07:45:00,27.763,69.124,984.356
AWS_AP17,2025-07-22 08:00:00,28.217,66.836,984.384
AWS_AP17,2025-07-22 08:15:00,28.925,66.516,996.923
AWS_AP17,2025-08-12 04:15:00,21.464,80.571,983.442
AWS_AP17,2025-08-12 04:30:00,22.224,83.159,983.418
AWS_AP17,2025-08-12 20:45:00,26.573,60.069,985.173
AWS_AP17,2025-08-12 21:00:00,26.125,59.077,985.65
AWS_AP17,2025-08-15 10:30:00,28.337,47.613,984.581
AWS_AP17,2025-08-15 10:45:00,28.768,52.815,985.069
AWS_AP17,2025-09-20 00:15:00,22.292,72.963,986.578
AWS_AP17,2025-09-20 00:30:00,21.645,73.59,986.651
AWS_AP17,2025-10-04 10:30:00,27.335,49.698,988.73
AWS_AP17,2025-10-04 10:45:00,28.037,50.312,987.663
AWS_AP17,2025-10-06 22:30:00,23.385,63.779,988.861
AWS_AP17,2025-10-06 22:45:00,22.949,65.679,989.195
AWS_AP17,2025-10-10 19:45:00,25.292,45.326,987.762
AWS_AP17,2025-10-10 20:00:00,25.288,44.823,988.865
AWS_AP17,2025-10-17 17:15:00,29.02,33.032,985.771
AWS_AP17,2025-10-17 17:30:00,29.357,32.968,987.226
AWS_AP17,2025-10-23 13:00:00,31.305,31.304,989.638
AWS_AP17,2025-10-23 13:15:00,31.195,27.297,988.704
AWS_AP17,2025-10-26 21:00:00,24.361,49.046,990.595
AWS_AP17,2025-10-26 21:15:00,23.383,47.695,990.127
AWS_AP17,2025-11-02 11:45:00,26.336,36.759,990.957
AWS_AP17,2025-11-02 12:00:00,26.72,35.679,991.611
AWS_AP17,2025-11-06 17:30:00,27.918,30.919,989.468
AWS_AP17,2025-11-06 17:45:00,27.1,31.262,989.718
AWS_AP17,2025-11-10 03:00:00,18.152,70.398,989.21
AWS_AP17,2025-11-10 03:15:00,17.366,74.174,989.754
AWS_AP17,2025-12-03 02:00:00,12.186,71.027,991.166
AWS_AP17,2025-12-03 02:15:00,12.294,74.6,991.301
AWS_AP17,2025-12-21 01:15:00,15.867,69.78,992.244
AWS_AP17,2025-12-21 01:30:00,16.013,72.531,993.409
AWS_AP17,2025-12-23 17:45:00,26.517,37.425,992.772
AWS_AP17,2025-12-23 18:00:00,26.336,41.156,992.142
AWS_AP17,2025-12-24 22:30:00,20.139,62.042,995.073
AWS_AP17,2025-12-24 22:45:00,20.17,61.137,994.888
AWS_AP18,2025-01-14 13:30:00,23.146,42.317,949.33
AWS_AP18,2025-01-14 13:45:00,23.449,42.247,948.728
AWS_AP18,2025-01-15 02:30:00,14.458,71.989,948.154
AWS_AP18,2025-01-15 02:45:00,14.48,72.778,948.123
AWS_AP18,2025-01-17 15:45:00,27.713,32.59,947.747
AWS_AP18,2025-01-17 16:00:00,28.246,35.343,947.987
AWS_AP18,2025-01-20 05:00:00,14.666,67.329,948.968
AWS_AP18,2025-01-20 05:15:00,15.334,68.815,948.545
AWS_AP18,2025-01-24 02:30:00,15.507,75.493,947.559
AWS_AP18,2025-01-24 02:45:00,15.677,70.923,948.202
AWS_AP18,2025-01-26 00:00:00,17.924,63.924,951.075
AWS_AP18,2025-01-26 00:15:00,16.905,66.715,949.827
AWS_AP18,2025-01-26 00:30:00,17.501,69.232,950.196
AWS_AP18,2025-01-26 00:45:00,16.584,70.895,950.383
AWS_AP18,2025-01-26 01:00:00,16.683,71.565,950.013
AWS_AP18,2025-01-26 01:15:00,15.95,70.243,949.875
AWS_AP18,2025-01-26 01:30:00,16.76,68.641,949.173
AWS_AP18,2025-01-26 01:45:00,16.292,71.096,948.644
AWS_AP18,2025-01-26 02:00:00,15.687,70.958,948.748
AWS_AP18,2025-01-26 02:15:00,15.969,71.31,948.529
AWS_AP18,2025-01-26 02:30:00,15.896,67.887,948.275
AWS_AP18,2025-01-26 02:45:00,16.155,70.35,948.679
AWS_AP18,2025-01-26 03:00:00,15.499,72.103,948.419
AWS_AP18,2025-01-26 03:15:00,15.751,71.448,948.391
AWS_AP18,2025-01-26 03:30:00,15.674,69.352,949.119
AWS_AP18,2025-01-26 03:45:00,15.198,70.874,948.292
AWS_AP18,2025-01-26 04:00:00,15.904,72.126,947.966
AWS_AP18,2025-01-26 04:15:00,15.814,73.52,947.963
AWS_AP18,2025-01-26 04:30:00,15.994,69.577,948.652
AWS_AP18,2025-01-26 04:45:00,16.091,64.986,948.012
AWS_AP18,2025-01-26 05:00:00,15.922,68.862,948.632
AWS_AP18,2025-01-26 05:15:00,16.551,66.509,949.135
AWS_AP18,2025-01-26 05:30:00,17.008,67.857,948.649
AWS_AP18,2025-01-26 05:45:00,17.163,62.854,949.48
AWS_AP18,2025-01-26 06:00:00,17.216,66.327,949.221
AWS_AP18,2025-01-26 06:15:00,17.09,64.221,949.58
AWS_AP18,2025-01-26 06:30:00,17.881,62.301,949.426
AWS_AP18,2025-01-26 06:45:00,18.468,66.164,949.945
AWS_AP18,2025-01-26 07:00:00,18.438,60.774,950.287
AWS_AP18,2025-01-26 07:15:00,19.037,61.129,950.368
AWS_AP18,2025-01-26 07:30:00,19.845,57.931,950.302
AWS_AP18,2025-01-26 07:45:00,19.852,55.95,949.891
AWS_AP18,2025-01-26 08:00:00,20.053,53.713,949.556
AWS_AP18,2025-01-26 08:15:00,20.907,56.399,950.325
AWS_AP18,2025-01-26 08:30:00,21.659,55.654,950.597
AWS_AP18,2025-01-26 08:45:00,21.64,53.71,950.575
AWS_AP18,2025-01-26 09:00:00,22.018,48.827,950.48
AWS_AP18,2025-01-26 09:15:00,21.96,48.142,951.77
AWS_AP18,2025-01-26 09:30:00,22.42,49.416,950.849
AWS_AP18,2025-01-26 09:45:00,23.595,48.411,951.258
AWS_AP18,2025-01-26 10:00:00,23.62,47.559,951.201
AWS_AP18,2025-01-26 10:15:00,23.513,45.254,950.709
AWS_AP18,2025-01-26 10:30:00,24.588,43.664,950.859
AWS_AP18,2025-01-26 10:45:00,24.428,40.477,950.898
AWS_AP18,2025-01-26 11:00:00,25.306,41.353,950.564
AWS_AP18,2025-01-26 11:15:00,25.798,40.584,950.002
AWS_AP18,2025-01-26 11:30:00,25.258,37.606,950.853
AWS_AP18,2025-01-26 11:45:00,26.016,37.981,950.56
AWS_AP18,2025-01-26 12:00:00,26.376,38.085,950.71
AWS_AP18,2025-01-26 12:15:00,26.257,37.095,950.308
AWS_AP18,2025-01-26 12:30:00,26.564,34.65,950.246
AWS_AP18,2025-01-26 12:45:00,26.849,33.764,949.573
AWS_AP18,2025-01-26 13:00:00,27.249,36.595,949.863
AWS_AP18,2025-01-26 13:15:00,27.006,34.992,949.427
AWS_AP18,2025-01-26 13:30:00,27.668,34.972,949.007
AWS_AP18,2025-01-26 13:45:00,27.825,29.793,949.57
AWS_AP18,2025-01-26 14:00:00,27.759,32.969,949.177
AWS_AP18,2025-01-26 14:15:00,27.433,32.783,949.837
AWS_AP18,2025-01-26 14:30:00,28.329,31.712,948.031
AWS_AP18,2025-01-26 14:45:00,28.533,32.895,947.928
AWS_AP18,2025-01-26 15:00:00,28.073,30.325,949.075
AWS_AP18,2025-01-26 15:15:00,27.861,31.216,948.044
AWS_AP18,2025-01-26 15:30:00,27.891,34.372,948.19
AWS_AP18,2025-01-26 15:45:00,28.047,30.026,948.632
AWS_AP18,2025-01-26 16:00:00,27.778,30.517,948.497
AWS_AP18,2025-01-26 16:15:00,27.596,34.058,948.569
AWS_AP18,2025-01-26 16:30:00,27.025,34.423,948.602
AWS_AP18,2025-01-26 16:45:00,27.281,33.544,948.833
AWS_AP18,2025-01-26 17:00:00,27.371,35.975,947.888
AWS_AP18,2025-01-26 17:15:00,26.57,36.748,949.034
AWS_AP18,2025-01-26 17:30:00,26.798,33.774,948.698
AWS_AP18,2025-01-26 17:45:00,26.481,33.557,948.977
AWS_AP18,2025-01-26 18:00:00,26.095,36.514,949.027
AWS_AP18,2025-01-26 18:15:00,25.923,37.931,949.316
AWS_AP18,2025-01-26 18:30:00,25.635,40.815,949.884
AWS_AP18,2025-01-26 18:45:00,24.822,39.873,949.292
AWS_AP18,2025-01-26 19:00:00,25.3,40.752,949.662
AWS_AP18,2025-01-26 19:15:00,24.317,41.644,949.903
AWS_AP18,2025-01-26 19:30:00,24.37,42.235,949.862
AWS_AP18,2025-01-26 19:45:00,23.549,48.595,950.016
AWS_AP18,2025-01-26 20:00:00,23.602,40.939,950.247
AWS_AP18,2025-01-26 20:15:00,23.615,46.237,949.782
AWS_AP18,2025-01-26 20:30:00,22.233,46.455,950.808
AWS_AP18,2025-01-26 20:45:00,22.104,49.019,950.991
AWS_AP18,2025-01-26 21:00:00,21.647,52.698,950.653
AWS_AP18,2025-01-26 21:15:00,21.745,54.538,950.093
AWS_AP18,2025-01-26 21:30:00,20.987,54.559,950.357
AWS_AP18,2025-01-26 21:45:00,20.256,56.033,951.692
AWS_AP18,2025-01-26 22:00:00,20.076,53.745,950.86
AWS_AP18,2025-01-26 22:15:00,19.746,57.284,951.388
AWS_AP18,2025-01-26 22:30:00,19.381,62.173,951.224
AWS_AP18,2025-01-26 22:45:00,19.225,60.61,950.533
AWS_AP18,2025-01-26 23:00:00,19.128,62.685,950.365
AWS_AP18,2025-01-26 23:15:00,18.837,60.719,951.384
AWS_AP18,2025-01-26 23:30:00,18.307,65.778,949.886
AWS_AP18,2025-01-26 23:45:00,17.577,65.859,949.849
AWS_AP18,2025-01-27 00:00:00,16.534,73.329,949.791
AWS_AP18,2025-01-27 00:15:00,16.363,68.243,949.917
AWS_AP18,2025-01-27 00:30:00,16.255,70.799,950.281
AWS_AP18,2025-02-01 08:45:00,22.468,49.734,951.464
AWS_AP18,2025-02-01 09:00:00,22.262,50.574,950.731
AWS_AP18,2025-02-08 18:00:00,28.498,30.779,948.641
AWS_AP18,2025-02-08 18:15:00,28.529,36.343,948.594
AWS_AP18,2025-02-14 14:15:00,28.922,23.713,948.349
AWS_AP18,2025-02-14 14:30:00,28.684,24.62,947.803
AWS_AP18,2025-02-25 11:30:00,28.015,31.758,948.898
AWS_AP18,2025-02-25 11:45:00,28.39,25.032,948.526
AWS_AP18,2025-02-25 20:15:00,25.377,35.518,947.73
AWS_AP18,2025-02-25 20:30:00,24.546,36.888,948.347
AWS_AP18,2025-03-06 12:30:00,30.471,24.922,948.126
AWS_AP18,2025-03-06 12:45:00,30.972,27.452,947.472
AWS_AP18,2025-03-08 11:30:00,31.687,26.556,948.137
AWS_AP18,2025-03-08 11:45:00,32.171,23.693,948.169
AWS_AP18,2025-03-10 03:15:00,22.875,49.295,945.939
AWS_AP18,2025-03-10 03:30:00,22.909,50.159,945.993
AWS_AP18,2025-03-11 12:15:00,36.786,16.13,948.395
AWS_AP18,2025-03-11 12:30:00,37.516,14.499,948.105
AWS_AP18,2025-03-13 15:00:00,38.563,9.492,946.501
AWS_AP18,2025-03-13 15:15:00,38.602,9.715,946.972
AWS_AP18,2025-03-13 15:30:00,38.381,7.487,946.777
AWS_AP18,2025-03-13 15:45:00,37.899,9.313,947.575
AWS_AP18,2025-03-13 16:00:00,37.619,8.648,947.11
AWS_AP18,2025-03-13 16:15:00,37.561,5.873,946.348
AWS_AP18,2025-03-13 16:30:00,37.468,8.332,946.118
AWS_AP18,2025-03-13 16:45:00,37.222,10.928,946.847
AWS_AP18,2025-03-13 17:00:00,37.827,10.404,946.909
AWS_AP18,2025-03-13 17:15:00,37.02,8.951,947.284
AWS_AP18,2025-03-13 17:30:00,37.1,13.136,947.014
AWS_AP18,2025-03-13 17:45:00,36.673,13.851,947.167
AWS_AP18,2025-03-13 18:00:00,36.622,12.274,946.627
AWS_AP18,2025-03-13 18:15:00,35.58,14.253,947.979
AWS_AP18,2025-03-13 18:30:00,35.55,17.814,947.985
AWS_AP18,2025-03-13 18:45:00,35.192,12.803,946.968
AWS_AP18,2025-03-13 19:00:00,35.286,17.157,947.675
AWS_AP18,2025-03-13 19:15:00,34.951,18.276,947.997
AWS_AP18,2025-03-13 19:30:00,33.854,17.344,948.088
AWS_AP18,2025-03-13 19:45:00,33.504,21.369,948.532
AWS_AP18,2025-03-13 20:00:00,33.147,24.541,948.661
AWS_AP18,2025-03-13 20:15:00,32.559,25.221,948.916
AWS_AP18,2025-03-13 20:30:00,32.512,24.707,948.366
AWS_AP18,2025-03-13 20:45:00,31.668,25.048,948.472
AWS_AP18,2025-03-13 21:00:00,30.958,29.869,948.919
AWS_AP18,2025-03-13 21:15:00,30.934,26.922,948.573
AWS_AP18,2025-03-13 21:30:00,30.899,30.682,949.554
AWS_AP18,2025-03-13 21:45:00,30.308,33.403,948.855
AWS_AP18,2025-03-13 22:00:00,29.354,32.689,949.13
AWS_AP18,2025-03-13 22:15:00,28.574,31.321,948.897
AWS_AP18,2025-03-13 22:30:00,28.73,35.779,949.794
AWS_AP18,2025-03-13 22:45:00,28.703,36.377,949.385
AWS_AP18,2025-03-13 23:00:00,28.398,41.551,948.667
AWS_AP18,2025-03-13 23:15:00,27.225,35.962,948.605
AWS_AP18,2025-03-13 23:30:00,26.734,39.921,948.445
AWS_AP18,2025-03-13 23:45:00,26.423,39.123,948.238
AWS_AP18,2025-03-14 00:00:00,26.836,33.1,948.901
AWS_AP18,2025-03-14 00:15:00,27.087,37.917,949.111
AWS_AP18,2025-03-14 00:30:00,26.281,39.984,948.214
AWS_AP18,2025-03-14 00:45:00,26.207,39.397,948.329
AWS_AP18,2025-03-14 01:00:00,25.56,41.075,947.821
AWS_AP18,2025-03-14 01:15:00,25.015,42.336,948.117
AWS_AP18,2025-03-14 01:30:00,25.514,42.44,947.864
AWS_AP18,2025-03-14 01:45:00,25.15,43.16,947.748
AWS_AP18,2025-03-14 02:00:00,25.635,42.584,947.38
AWS_AP18,2025-03-14 02:15:00,25.638,45.556,947.574
AWS_AP18,2025-03-14 02:30:00,24.621,40.105,946.93
AWS_AP18,2025-03-14 02:45:00,25.005,41.885,947.223
AWS_AP18,2025-03-14 03:00:00,25.198,40.85,947.327
AWS_AP18,2025-03-14 03:15:00,24.765,41.297,947.247
AWS_AP18,2025-03-14 03:30:00,25.072,41.593,946.312
AWS_AP18,2025-03-14 03:45:00,24.769,44.6,946.741
AWS_AP18,2025-03-14 04:00:00,25.326,41.713,946.618
AWS_AP18,2025-03-14 04:15:00,25.469,42.451,946.866
AWS_AP18,2025-03-14 04:30:00,25.72,38.591,946.492
AWS_AP18,2025-03-14 04:45:00,25.602,41.038,946.947
AWS_AP18,2025-03-14 05:00:00,26.11,37.096,947.125
AWS_AP18,2025-03-14 05:15:00,26.163,39.854,946.818
AWS_AP18,2025-03-14 05:30:00,25.766,43.692,947.165
AWS_AP18,2025-03-14 05:45:00,26.719,35.805,947.604
AWS_AP18,2025-03-14 06:00:00,27.117,33.744,947.514
AWS_AP18,2025-03-14 06:15:00,27.099,35.073,948.271
AWS_AP18,2025-03-14 06:30:00,27.68,33.229,948.11
AWS_AP18,2025-03-14 06:45:00,27.591,31.213,948.888
AWS_AP18,2025-03-14 07:00:00,28.347,30.842,948.109
AWS_AP18,2025-03-14 07:15:00,27.852,29.761,948.664
AWS_AP18,2025-03-14 07:30:00,29.688,25.872,948.676
AWS_AP18,2025-03-14 07:45:00,29.544,25.384,948.703
AWS_AP18,2025-03-14 08:00:00,30.284,25.709,949.123
AWS_AP18,2025-03-14 08:15:00,31.25,27.424,948.221
AWS_AP18,2025-03-14 08:30:00,30.569,27.804,949.015
AWS_AP18,2025-03-14 08:45:00,31.762,24.488,948.951
AWS_AP18,2025-03-14 09:00:00,31.982,21.852,949.185
AWS_AP18,2025-03-14 09:15:00,32.506,20.724,949.811
AWS_AP18,2025-03-14 09:30:00,32.746,19.454,949.046
AWS_AP18,2025-03-14 09:45:00,33.522,17.218,949.23
AWS_AP18,2025-03-14 10:00:00,33.814,17.403,949.334
AWS_AP18,2025-03-14 10:15:00,34.534,18.837,949.617
AWS_AP18,2025-03-14 10:30:00,34.833,14.711,949.662
AWS_AP18,2025-03-14 10:45:00,35.097,12.256,949.046
AWS_AP18,2025-03-14 11:00:00,34.783,12.635,949.104
AWS_AP18,2025-03-14 11:15:00,35.756,14.443,949.533
AWS_AP18,2025-03-14 11:30:00,35.923,9.091,948.891
AWS_AP18,2025-03-14 11:45:00,36.731,11.089,949.018
AWS_AP18,2025-03-14 12:00:00,37.05,5.0,948.773
AWS_AP18,2025-03-14 12:15:00,36.356,7.866,948.927
AWS_AP18,2025-03-14 12:30:00,37.914,8.841,948.9
AWS_AP18,2025-03-14 12:45:00,37.689,7.975,947.819
AWS_AP18,2025-03-14 13:00:00,37.929,5.0,949.135
AWS_AP18,2025-03-14 13:15:00,38.48,5.551,948.018
AWS_AP18,2025-03-14 13:30:00,38.6,7.166,947.872
AWS_AP18,2025-03-14 13:45:00,39.163,5.0,946.767
AWS_AP18,2025-03-14 14:00:00,38.409,5.0,946.61
AWS_AP18,2025-03-14 14:15:00,38.918,7.442,947.058
AWS_AP18,2025-03-14 14:30:00,38.472,5.906,946.502
AWS_AP18,2025-03-14 14:45:00,39.26,5.0,947.195
AWS_AP18,2025-03-14 15:00:00,39.19,5.0,946.911
AWS_AP18,2025-03-28 06:00:00,24.662,48.093,944.696
AWS_AP18,2025-03-28 06:15:00,26.4,41.448,943.937
AWS_AP18,2025-04-01 12:00:00,34.163,18.671,945.747
AWS_AP18,2025-04-01 12:15:00,33.751,15.317,945.786
AWS_AP18,2025-04-03 09:15:00,29.541,27.152,946.028
AWS_AP18,2025-04-03 09:30:00,29.681,27.826,946.914
AWS_AP18,2025-04-16 02:30:00,21.939,46.388,944.662
AWS_AP18,2025-04-16 02:45:00,22.172,48.315,943.131
AWS_AP18,2025-04-21 13:00:00,36.251,11.936,944.849
AWS_AP18,2025-04-21 13:15:00,36.313,11.818,943.999
AWS_AP18,2025-04-22 02:00:00,24.014,51.9,942.513
AWS_AP18,2025-04-22 02:15:00,23.855,52.189,943.008
AWS_AP18,2025-05-07 17:45:00,36.49,13.533,939.893
AWS_AP18,2025-05-07 18:00:00,36.452,15.571,940.726
AWS_AP18,2025-05-07 21:30:00,30.547,31.609,942.388
AWS_AP18,2025-05-07 21:45:00,29.921,34.098,942.431
AWS_AP18,2025-05-10 14:45:00,37.426,11.494,940.409
AWS_AP18,2025-05-10 15:00:00,37.837,9.625,941.507
AWS_AP18,2025-05-13 03:00:00,26.528,49.118,939.114
AWS_AP18,2025-05-13 03:15:00,26.758,49.799,939.735
AWS_AP18,2025-05-16 09:30:00,31.957,30.996,943.424
AWS_AP18,2025-05-16 09:45:00,32.794,31.131,943.403
AWS_AP18,2025-05-17 00:45:00,26.368,54.556,942.201
AWS_AP18,2025-05-17 01:00:00,26.003,48.733,941.597
AWS_AP18,2025-05-18 17:00:00,43.909,10.576,939.578
AWS_AP18,2025-05-18 17:15:00,42.946,9.824,939.616
AWS_AP18,2025-05-21 13:30:00,45.545,9.083,940.912
AWS_AP18,2025-05-21 13:45:00,45.377,12.626,940.729
AWS_AP18,2025-05-31 15:00:00,37.67,20.875,938.98
AWS_AP18,2025-05-31 15:15:00,36.896,22.302,938.975
AWS_AP18,2025-05-31 23:00:00,27.782,51.279,940.976
AWS_AP18,2025-05-31 23:15:00,27.172,49.748,941.613
AWS_AP18,2025-06-19 10:45:00,30.419,46.418,941.266
AWS_AP18,2025-06-19 11:00:00,30.475,48.353,941.957
AWS_AP18,2025-06-22 11:00:00,31.512,46.835,941.166
AWS_AP18,2025-06-22 11:15:00,31.205,42.589,941.49
AWS_AP18,2025-06-23 01:45:00,22.474,78.276,938.514
AWS_AP18,2025-06-23 02:00:00,22.793,75.916,938.948
AWS_AP18,2025-06-26 01:00:00,22.441,69.771,939.427
AWS_AP18,2025-06-26 01:15:00,22.244,71.399,939.259
AWS_AP18,2025-06-26 01:30:00,22.102,80.266,938.584
AWS_AP18,2025-06-26 01:45:00,22.557,73.161,939.098
AWS_AP18,2025-06-26 02:00:00,21.943,74.436,938.437
AWS_AP18,2025-06-26 02:15:00,22.26,73.586,939.038
AWS_AP18,2025-06-26 02:30:00,21.775,81.126,938.369
AWS_AP18,2025-06-26 02:45:00,22.221,76.305,939.446
AWS_AP18,2025-06-26 03:00:00,22.024,77.96,938.136
AWS_AP18,2025-06-26 03:15:00,22.236,79.211,938.461
AWS_AP18,2025-06-26 03:30:00,21.826,79.374,938.761
AWS_AP18,2025-06-26 03:45:00,22.001,74.442,938.161
AWS_AP18,2025-06-26 04:00:00,22.609,73.78,938.817
AWS_AP18,2025-06-26 04:15:00,22.635,76.69,938.747
AWS_AP18,2025-06-26 04:30:00,22.173,73.075,938.447
AWS_AP18,2025-06-26 04:45:00,22.979,74.494,938.713
AWS_AP18,2025-06-26 05:00:00,22.548,73.17,939.414
AWS_AP18,2025-06-26 05:15:00,22.88,72.437,938.719
AWS_AP18,2025-06-26 05:30:00,23.076,74.952,939.157
AWS_AP18,2025-06-26 05:45:00,23.658,72.1,938.215
AWS_AP18,2025-06-26 06:00:00,23.394,69.957,938.655
AWS_AP18,2025-06-26 06:15:00,23.76,67.17,938.937
AWS_AP18,2025-06-26 06:30:00,23.981,68.507,939.908
AWS_AP18,2025-06-26 06:45:00,23.842,68.052,939.261
AWS_AP18,2025-06-26 07:00:00,24.847,64.865,940.292
AWS_AP18,2025-06-26 07:15:00,25.052,66.48,940.384
AWS_AP18,2025-06-26 07:30:00,25.228,62.503,939.174
AWS_AP18,2025-06-26 07:45:00,25.56,63.478,939.72
AWS_AP18,2025-06-26 08:00:00,26.011,58.761,940.221
AWS_AP18,2025-06-26 08:15:00,26.095,57.089,940.422
AWS_AP18,2025-06-26 08:30:00,26.563,60.528,940.616
AWS_AP18,2025-06-26 08:45:00,27.053,57.905,940.307
AWS_AP18,2025-06-26 09:00:00,28.155,57.522,941.379
AWS_AP18,2025-06-26 09:15:00,27.434,60.559,941.232
AWS_AP18,2025-06-26 09:30:00,28.158,57.471,940.757
AWS_AP18,2025-06-26 09:45:00,28.267,52.393,940.728
AWS_AP18,2025-06-26 10:00:00,28.571,47.403,940.908
AWS_AP18,2025-06-26 10:15:00,28.694,51.372,940.929
AWS_AP18,2025-06-26 10:30:00,29.279,50.86,940.859
AWS_AP18,2025-06-26 10:45:00,29.526,45.409,941.103
AWS_AP18,2025-06-26 11:00:00,29.86,45.739,940.565
AWS_AP18,2025-06-26 11:15:00,30.282,46.206,940.55
AWS_AP18,2025-06-26 11:30:00,29.64,45.136,941.183
AWS_AP18,2025-06-26 11:45:00,30.821,43.578,940.672
AWS_AP18,2025-06-26 12:00:00,30.917,44.631,940.456
AWS_AP18,2025-06-26 12:15:00,31.466,43.394,940.224
AWS_AP18,2025-06-26 12:30:00,31.261,37.656,939.691
AWS_AP18,2025-06-26 12:45:00,31.894,37.667,939.855
AWS_AP18,2025-06-26 13:00:00,31.333,40.238,939.796
AWS_AP18,2025-06-26 13:15:00,31.602,38.29,939.888
AWS_AP18,2025-06-26 13:30:00,32.58,36.619,939.302
AWS_AP18,2025-06-26 13:45:00,32.47,34.727,939.732
AWS_AP18,2025-06-26 14:00:00,32.35,35.002,939.545
AWS_AP18,2025-06-26 14:15:00,32.161,39.345,938.506
AWS_AP18,2025-06-26 14:30:00,32.211,36.486,939.141
AWS_AP18,2025-06-26 14:45:00,32.019,38.082,938.744
AWS_AP18,2025-06-26 15:00:00,32.435,31.92,938.183
AWS_AP18,2025-06-26 15:15:00,32.948,36.349,938.368
AWS_AP18,2025-06-26 15:30:00,32.405,33.497,938.042
AWS_AP18,2025-06-26 15:45:00,32.446,35.192,938.781
AWS_AP18,2025-06-26 16:00:00,32.094,37.517,938.332
AWS_AP18,2025-06-26 16:15:00,32.059,36.39,938.314
AWS_AP18,2025-06-26 16:30:00,31.905,38.552,939.109
AWS_AP18,2025-06-26 16:45:00,32.133,41.034,938.777
AWS_AP18,2025-06-26 17:00:00,31.365,41.04,938.524
AWS_AP18,2025-06-26 17:15:00,31.401,43.024,939.606
AWS_AP18,2025-06-26 17:30:00,31.35,38.208,939.161
AWS_AP18,2025-06-26 17:45:00,30.987,43.846,938.247
AWS_AP18,2025-06-26 18:00:00,30.662,43.112,939.488
AWS_AP18,2025-06-26 18:15:00,30.63,42.89,939.588
AWS_AP18,2025-06-26 18:30:00,29.816,43.305,939.661
AWS_AP18,2025-06-26 18:45:00,30.559,46.89,939.649
AWS_AP18,2025-06-26 19:00:00,29.705,47.014,940.02
AWS_AP18,2025-06-26 19:15:00,29.507,46.944,940.05
AWS_AP18,2025-06-26 19:30:00,29.68,48.424,940.178
AWS_AP18,2025-06-26 19:45:00,29.094,51.826,940.215
AWS_AP18,2025-06-26 20:00:00,28.593,56.548,941.307
AWS_AP18,2025-06-26 20:15:00,28.148,50.497,940.408
AWS_AP18,2025-06-26 20:30:00,28.467,51.928,940.233
AWS_AP18,2025-06-26 20:45:00,27.155,58.273,941.265
AWS_AP18,2025-06-26 21:00:00,26.809,56.638,940.321
AWS_AP18,2025-06-26 21:15:00,26.984,55.867,940.827
AWS_AP18,2025-06-26 21:30:00,26.413,57.419,940.857
AWS_AP18,2025-06-26 21:45:00,26.844,60.999,941.266
AWS_AP18,2025-06-26 22:00:00,26.035,61.459,941.094
AWS_AP18,2025-06-26 22:15:00,25.303,62.836,941.151
AWS_AP18,2025-06-26 22:30:00,25.329,65.888,940.591
AWS_AP18,2025-06-26 22:45:00,24.463,66.806,940.685
AWS_AP18,2025-06-26 23:00:00,24.741,66.92,941.018
AWS_AP18,2025-06-26 23:15:00,24.303,69.924,941.143
AWS_AP18,2025-06-26 23:30:00,24.15,69.232,940.326
AWS_AP18,2025-06-26 23:45:00,24.097,67.102,940.642
AWS_AP18,2025-06-27 00:00:00,25.051,72.964,939.544
AWS_AP18,2025-06-27 00:15:00,25.425,76.991,939.851
AWS_AP18,2025-06-27 00:30:00,24.572,75.071,939.657
AWS_AP18,2025-06-27 00:45:00,24.428,75.827,939.289
AWS_AP18,2025-06-27 01:00:00,24.316,77.883,953.605
AWS_AP18,2025-07-04 06:30:00,23.983,71.641,940.248
AWS_AP18,2025-07-04 06:45:00,24.467,70.98,940.869
AWS_AP18,2025-07-10 05:45:00,22.986,75.512,939.918
AWS_AP18,2025-07-10 06:00:00,22.532,74.137,939.909
AWS_AP18,2025-07-10 14:30:00,30.726,35.511,939.286
AWS_AP18,2025-07-10 14:45:00,31.065,45.01,938.455
AWS_AP18,2025-07-15 03:15:00,21.314,79.954,939.444
AWS_AP18,2025-07-15 03:30:00,21.626,83.098,939.215
AWS_AP18,2025-07-15 11:45:00,28.726,49.37,941.365
AWS_AP18,2025-07-15 12:00:00,29.138,49.134,941.085
AWS_AP18,2025-07-21 23:15:00,23.642,70.571,941.806
AWS_AP18,2025-07-21 23:30:00,23.163,72.344,942.048
AWS_AP18,2025-07-22 08:00:00,23.715,72.581,940.46
AWS_AP18,2025-07-22 08:15:00,24.4,66.274,941.442
AWS_AP18,2025-08-12 04:15:00,19.994,77.347,940.322
AWS_AP18,2025-08-12 04:30:00,20.134,74.294,941.184
AWS_AP18,2025-08-12 20:45:00,24.665,59.205,942.802
AWS_AP18,2025-08-12 21:00:00,24.899,55.763,943.349
AWS_AP18,2025-08-15 10:30:00,25.307,55.309,941.671
AWS_AP18,2025-08-15 10:45:00,25.018,54.087,941.937
AWS_AP18,2025-09-19 00:30:00,22.16,66.803,943.295
AWS_AP18,2025-09-19 00:45:00,21.496,69.21,942.881
AWS_AP18,2025-09-19 01:00:00,20.794,71.281,942.985
AWS_AP18,2025-09-19 01:15:00,21.798,70.858,942.529
AWS_AP18,2025-09-19 01:30:00,21.471,73.505,942.613
AWS_AP18,2025-09-19 01:45:00,21.125,71.661,941.756
AWS_AP18,2025-09-19 02:00:00,21.043,72.564,942.418
AWS_AP18,2025-09-19 02:15:00,20.884,75.354,941.749
AWS_AP18,2025-09-19 02:30:00,21.144,76.149,941.985
AWS_AP18,2025-09-19 02:45:00,20.337,71.058,941.701
AWS_AP18,2025-09-19 03:00:00,20.982,77.296,941.807
AWS_AP18,2025-09-19 03:15:00,20.531,71.667,942.009
AWS_AP18,2025-09-19 03:30:00,20.643,74.191,941.818
AWS_AP18,2025-09-19 03:45:00,20.959,71.527,940.949
AWS_AP18,2025-09-19 04:00:00,21.193,73.452,941.555
AWS_AP18,2025-09-19 04:15:00,21.572,70.999,941.251
AWS_AP18,2025-09-19 04:30:00,21.067,67.725,941.825
AWS_AP18,2025-09-19 04:45:00,21.864,70.316,941.63
AWS_AP18,2025-09-19 05:00:00,21.858,72.011,941.279
AWS_AP18,2025-09-19 05:15:00,21.193,69.421,941.476
AWS_AP18,2025-09-19 05:30:00,22.037,70.487,941.41
AWS_AP18,2025-09-19 05:45:00,22.03,66.747,941.619
AWS_AP18,2025-09-19 06:00:00,22.091,66.237,941.916
AWS_AP18,2025-09-19 06:15:00,22.153,65.091,942.668
AWS_AP18,2025-09-19 06:30:00,22.235,65.294,942.07
AWS_AP18,2025-09-19 06:45:00,22.819,66.214,942.098
AWS_AP18,2025-09-19 07:00:00,23.067,63.635,942.46
AWS_AP18,2025-09-19 07:15:00,23.378,59.659,942.526
AWS_AP18,2025-09-19 07:30:00,23.94,59.764,942.579
AWS_AP18,2025-09-19 07:45:00,24.087,56.738,943.308
AWS_AP18,2025-09-19 08:00:00,24.411,58.179,943.034
AWS_AP18,2025-09-19 08:15:00,25.016,55.426,943.556
AWS_AP18,2025-09-19 08:30:00,24.811,53.345,942.679
AWS_AP18,2025-09-19 08:45:00,24.983,54.126,943.682
AWS_AP18,2025-09-19 09:00:00,25.245,54.463,943.951
AWS_AP18,2025-09-19 09:15:00,25.834,49.57,943.258
AWS_AP18,2025-09-19 09:30:00,25.942,50.21,944.067
AWS_AP18,2025-09-19 09:45:00,26.798,50.575,943.296
AWS_AP18,2025-09-19 10:00:00,27.227,43.932,943.152
AWS_AP18,2025-09-19 10:15:00,27.078,42.837,944.243
AWS_AP18,2025-09-19 10:30:00,27.595,43.676,944.124
AWS_AP18,2025-09-19 10:45:00,27.897,44.303,943.264
AWS_AP18,2025-09-19 11:00:00,28.411,42.724,943.339
AWS_AP18,2025-09-19 11:15:00,28.384,38.119,943.631
AWS_AP18,2025-09-19 11:30:00,28.859,40.401,943.188
AWS_AP18,2025-09-19 11:45:00,29.226,42.251,943.394
AWS_AP18,2025-09-19 12:00:00,29.469,40.852,943.102
AWS_AP18,2025-09-19 12:15:00,30.165,34.313,943.252
AWS_AP18,2025-09-19 12:30:00,29.857,37.124,942.787
AWS_AP18,2025-09-19 12:45:00,29.746,35.328,943.401
AWS_AP18,2025-09-19 13:00:00,29.847,36.521,942.504
AWS_AP18,2025-09-19 13:15:00,30.661,33.686,942.39
AWS_AP18,2025-09-19 13:30:00,30.184,33.64,942.045
AWS_AP18,2025-09-19 13:45:00,30.46,34.283,942.599
AWS_AP18,2025-09-19 14:00:00,30.64,30.016,941.615
AWS_AP18,2025-09-19 14:15:00,30.373,31.119,941.634
AWS_AP18,2025-09-19 14:30:00,30.656,30.13,941.375
AWS_AP18,2025-09-19 14:45:00,31.137,29.207,941.44
AWS_AP18,2025-09-19 15:00:00,30.789,31.804,941.625
AWS_AP18,2025-09-19 15:15:00,30.815,31.835,941.786
AWS_AP18,2025-09-19 15:30:00,30.408,34.848,941.486
AWS_AP18,2025-09-19 15:45:00,30.687,33.553,941.193
AWS_AP18,2025-09-19 16:00:00,30.594,30.578,942.122
AWS_AP18,2025-09-19 16:15:00,30.215,33.704,940.561
AWS_AP18,2025-09-19 16:30:00,30.289,32.444,940.664
AWS_AP18,2025-09-19 16:45:00,30.446,36.109,940.777
AWS_AP18,2025-09-19 17:00:00,29.539,33.545,940.863
AWS_AP18,2025-09-19 17:15:00,30.015,34.646,941.759
AWS_AP18,2025-09-19 17:30:00,29.72,36.905,941.825
AWS_AP18,2025-09-19 17:45:00,29.501,34.6,941.723
AWS_AP18,2025-09-19 18:00:00,28.942,36.377,941.24
AWS_AP18,2025-09-19 18:15:00,29.014,39.317,942.062
AWS_AP18,2025-09-19 18:30:00,28.99,40.837,942.136
AWS_AP18,2025-09-19 18:45:00,28.467,40.947,942.235
AWS_AP18,2025-09-19 19:00:00,27.741,41.851,942.959
AWS_AP18,2025-09-19 19:15:00,28.199,44.72,943.329
AWS_AP18,2025-09-19 19:30:00,27.693,46.678,942.368
AWS_AP18,2025-09-19 19:45:00,27.262,42.732,943.947
AWS_AP18,2025-09-19 20:00:00,26.305,44.646,943.186
AWS_AP18,2025-09-19 20:15:00,27.056,50.455,943.216
AWS_AP18,2025-09-19 20:30:00,26.376,51.653,943.667
AWS_AP18,2025-09-19 20:45:00,26.404,52.741,944.408
AWS_AP18,2025-09-19 21:00:00,25.707,51.961,944.338
AWS_AP18,2025-09-19 21:15:00,25.368,53.316,942.907
AWS_AP18,2025-09-19 21:30:00,25.067,57.356,943.736
AWS_AP18,2025-09-19 21:45:00,24.814,56.521,944.177
AWS_AP18,2025-09-19 22:00:00,23.61,57.155,943.557
AWS_AP18,2025-09-19 22:15:00,23.864,55.741,943.567
AWS_AP18,2025-09-19 22:30:00,24.142,62.315,943.745
AWS_AP18,2025-09-19 22:45:00,23.125,62.742,944.375
AWS_AP18,2025-09-19 23:00:00,23.363,64.393,943.817
AWS_AP18,2025-09-19 23:15:00,22.953,61.606,943.23
AWS_AP18,2025-09-19 23:30:00,22.177,64.77,943.52
AWS_AP18,2025-09-19 23:45:00,22.739,64.145,944.369
AWS_AP18,2025-09-20 00:00:00,22.145,71.59,943.754
AWS_AP18,2025-09-20 00:15:00,22.26,72.525,943.183
AWS_AP18,2025-09-20 00:30:00,36.541,73.137,943.142
AWS_AP18,2025-10-04 10:30:00,24.537,43.815,944.677
AWS_AP18,2025-10-04 10:45:00,25.019,43.459,944.859
AWS_AP18,2025-10-06 22:30:00,21.051,63.627,946.048
AWS_AP18,2025-10-06 22:45:00,20.567,57.252,945.374
AWS_AP18,2025-10-10 19:45:00,25.915,46.252,946.062
AWS_AP18,2025-10-10 20:00:00,25.066,51.488,945.519
AWS_AP18,2025-10-17 17:15:00,28.193,32.338,943.613
AWS_AP18,2025-10-17 17:30:00,27.509,30.777,944.003
AWS_AP18,2025-10-23 13:00:00,25.902,40.1,945.517
AWS_AP18,2025-10-23 13:15:00,25.977,35.074,944.983
AWS_AP18,2025-10-25 21:15:00,21.423,53.369,948.371
AWS_AP18,2025-10-25 21:30:00,21.105,56.747,948.805
AWS_AP18,2025-10-25 21:45:00,20.229,57.816,949.019
AWS_AP18,2025-10-25 22:00:00,20.065,60.176,949.411
AWS_AP18,2025-10-25 22:15:00,20.376,58.907,948.841
AWS_AP18,2025-10-25 22:30:00,19.461,58.568,948.846
AWS_AP18,2025-10-25 22:45:00,19.33,61.077,948.158
AWS_AP18,2025-10-25 23:00:00,18.305,62.868,948.953
AWS_AP18,2025-10-25 23:15:00,18.709,61.901,948.539
AWS_AP18,2025-10-25 23:30:00,18.085,64.306,948.313
AWS_AP18,2025-10-25 23:45:00,17.661,63.944,947.702
AWS_AP18,2025-10-26 00:00:00,17.883,60.751,946.872
AWS_AP18,2025-10-26 00:15:00,17.232,60.055,945.968
AWS_AP18,2025-10-26 00:30:00,17.621,58.24,946.532
AWS_AP18,2025-10-26 00:45:00,17.009,60.94,945.962
AWS_AP18,2025-10-26 01:00:00,16.639,64.322,945.61
AWS_AP18,2025-10-26 01:15:00,16.87,61.957,945.316
AWS_AP18,2025-10-26 01:30:00,16.486,66.23,945.454
AWS_AP18,2025-10-26 01:45:00,16.553,64.004,944.702
AWS_AP18,2025-10-26 02:00:00,16.398,66.691,945.11
AWS_AP18,2025-10-26 02:15:00,16.26,66.853,944.639
AWS_AP18,2025-10-26 02:30:00,16.196,64.423,944.054
AWS_AP18,2025-10-26 02:45:00,16.366,61.83,945.023
AWS_AP18,2025-10-26 03:00:00,16.349,64.469,945.65
AWS_AP18,2025-10-26 03:15:00,15.59,69.712,944.43
AWS_AP18,2025-10-26 03:30:00,16.488,67.494,943.893
AWS_AP18,2025-10-26 03:45:00,16.299,69.361,944.589
AWS_AP18,2025-10-26 04:00:00,15.859,64.645,944.855
AWS_AP18,2025-10-26 04:15:00,16.305,65.34,943.798
AWS_AP18,2025-10-26 04:30:00,16.661,64.424,944.583
AWS_AP18,2025-10-26 04:45:00,16.449,64.807,944.212
AWS_AP18,2025-10-26 05:00:00,16.417,66.03,944.477
AWS_AP18,2025-10-26 05:15:00,16.509,63.209,944.787
AWS_AP18,2025-10-26 05:30:00,17.015,62.039,944.546
AWS_AP18,2025-10-26 05:45:00,17.26,61.243,945.398
AWS_AP18,2025-10-26 06:00:00,17.563,59.394,945.266
AWS_AP18,2025-10-26 06:15:00,18.297,63.598,945.923
AWS_AP18,2025-10-26 06:30:00,17.81,56.886,945.852
AWS_AP18,2025-10-26 06:45:00,18.186,57.143,945.537
AWS_AP18,2025-10-26 07:00:00,18.852,56.509,946.023
AWS_AP18,2025-10-26 07:15:00,19.202,54.139,945.708
AWS_AP18,2025-10-26 07:30:00,19.204,50.243,946.864
AWS_AP18,2025-10-26 07:45:00,19.532,53.65,947.048
AWS_AP18,2025-10-26 08:00:00,19.227,49.011,946.616
AWS_AP18,2025-10-26 08:15:00,20.099,50.28,946.525
AWS_AP18,2025-10-26 08:30:00,20.356,49.126,947.594
AWS_AP18,2025-10-26 08:45:00,20.838,47.603,947.291
AWS_AP18,2025-10-26 09:00:00,21.559,43.668,946.772
AWS_AP18,2025-10-26 09:15:00,21.151,44.63,947.702
AWS_AP18,2025-10-26 09:30:00,21.457,44.266,947.208
AWS_AP18,2025-10-26 09:45:00,22.109,38.541,946.946
AWS_AP18,2025-10-26 10:00:00,22.349,41.099,946.612
AWS_AP18,2025-10-26 10:15:00,23.202,38.147,947.676
AWS_AP18,2025-10-26 10:30:00,22.645,36.33,947.585
AWS_AP18,2025-10-26 10:45:00,23.251,35.395,947.241
AWS_AP18,2025-10-26 11:00:00,23.473,35.772,947.18
AWS_AP18,2025-10-26 11:15:00,24.354,34.821,946.349
AWS_AP18,2025-10-26 11:30:00,24.239,36.687,947.16
AWS_AP18,2025-10-26 11:45:00,24.522,33.53,945.825
AWS_AP18,2025-10-26 12:00:00,24.765,30.58,946.022
AWS_AP18,2025-10-26 12:15:00,24.82,27.789,946.581
AWS_AP18,2025-10-26 12:30:00,25.47,26.222,946.303
AWS_AP18,2025-10-26 12:45:00,25.364,31.215,945.986
AWS_AP18,2025-10-26 13:00:00,25.802,29.023,945.035
AWS_AP18,2025-10-26 13:15:00,25.634,28.729,945.879
AWS_AP18,2025-10-26 13:30:00,26.36,28.12,945.721
AWS_AP18,2025-10-26 13:45:00,26.153,29.352,945.975
AWS_AP18,2025-10-26 14:00:00,26.169,28.368,945.322
AWS_AP18,2025-10-26 14:15:00,25.934,26.541,945.076
AWS_AP18,2025-10-26 14:30:00,25.679,26.03,944.485
AWS_AP18,2025-10-26 14:45:00,26.562,29.441,944.534
AWS_AP18,2025-10-26 15:00:00,25.53,27.378,944.469
AWS_AP18,2025-10-26 15:15:00,26.668,27.131,944.118
AWS_AP18,2025-10-26 15:30:00,26.5,25.622,944.713
AWS_AP18,2025-10-26 15:45:00,25.844,28.384,943.955
AWS_AP18,2025-10-26 16:00:00,26.517,28.551,944.675
AWS_AP18,2025-10-26 16:15:00,26.105,28.636,944.557
AWS_AP18,2025-10-26 16:30:00,25.383,29.261,944.952
AWS_AP18,2025-10-26 16:45:00,25.146,28.206,945.28
AWS_AP18,2025-10-26 17:00:00,25.367,31.254,945.227
AWS_AP18,2025-10-26 17:15:00,25.466,31.404,944.398
AWS_AP18,2025-10-26 17:30:00,25.075,27.738,945.425
AWS_AP18,2025-10-26 17:45:00,24.901,30.244,944.489
AWS_AP18,2025-10-26 18:00:00,24.441,32.353,945.347
AWS_AP18,2025-10-26 18:15:00,24.213,36.108,945.823
AWS_AP18,2025-10-26 18:30:00,24.332,33.191,946.111
AWS_AP18,2025-10-26 18:45:00,24.175,37.193,945.136
AWS_AP18,2025-10-26 19:00:00,24.041,34.07,945.544
AWS_AP18,2025-10-26 19:15:00,23.368,38.037,946.144
AWS_AP18,2025-10-26 19:30:00,23.122,38.686,946.569
AWS_AP18,2025-10-26 19:45:00,22.75,37.1,946.155
AWS_AP18,2025-10-26 20:00:00,22.941,41.82,946.853
AWS_AP18,2025-10-26 20:15:00,22.679,43.851,946.327
AWS_AP18,2025-10-26 20:30:00,22.08,44.836,946.19
AWS_AP18,2025-10-26 20:45:00,21.655,49.215,947.345
AWS_AP18,2025-10-26 21:00:00,21.289,46.832,946.824
AWS_AP18,2025-10-26 21:15:00,8.11,43.988,947.154
AWS_AP18,2025-11-02 11:45:00,25.216,33.64,948.065
AWS_AP18,2025-11-02 12:00:00,24.859,34.113,948.824
AWS_AP18,2025-11-06 17:30:00,23.155,29.42,946.689
AWS_AP18,2025-11-06 17:45:00,22.868,30.17,945.941
AWS_AP18,2025-11-10 03:00:00,15.821,70.521,946.163
AWS_AP18,2025-11-10 03:15:00,15.858,70.439,946.41
AWS_AP18,2025-12-03 02:00:00,10.478,70.811,948.853
AWS_AP18,2025-12-03 02:15:00,11.09,71.18,948.85
AWS_AP18,2025-12-21 01:15:00,15.005,69.109,949.768
AWS_AP18,2025-12-21 01:30:00,14.681,71.316,949.542
AWS_AP18,2025-12-23 17:45:00,24.116,32.579,949.41
AWS_AP18,2025-12-23 18:00:00,23.845,36.634,949.853
AWS_AP18,2025-12-24 22:30:00,17.382,60.368,950.19
AWS_AP18,2025-12-24 22:45:00,17.124,62.619,950.031
AWS_AP19,2025-01-14 13:30:00,27.863,65.508,1013.021
AWS_AP19,2025-01-14 13:45:00,28.749,63.18,1012.413
AWS_AP19,2025-01-15 02:30:00,20.605,84.624,1012.041
AWS_AP19,2025-01-15 02:45:00,20.517,82.201,1012.33
AWS_AP19,2025-01-17 15:45:00,28.019,56.917,1011.744
AWS_AP19,2025-01-17 16:00:00,28.434,57.532,1011.863
AWS_AP19,2025-01-20 05:00:00,20.944,83.065,1010.613
AWS_AP19,2025-01-20 05:15:00,21.881,78.007,1010.141
AWS_AP19,2025-01-24 02:30:00,20.319,80.157,1010.954
AWS_AP19,2025-01-24 02:45:00,20.323,79.171,1010.359
AWS_AP19,2025-01-26 00:00:00,21.422,74.309,1012.212
AWS_AP19,2025-01-26 00:15:00,21.027,74.158,1012.574
AWS_AP19,2025-01-26 00:30:00,20.502,78.695,1011.605
AWS_AP19,2025-01-26 00:45:00,20.468,76.383,1011.787
AWS_AP19,2025-01-26 01:00:00,20.885,78.344,1012.008
AWS_AP19,2025-01-26 01:15:00,20.593,76.402,1011.912
AWS_AP19,2025-01-26 01:30:00,20.111,78.53,1011.878
AWS_AP19,2025-01-26 01:45:00,20.43,78.34,1011.694
AWS_AP19,2025-01-26 02:00:00,19.773,82.44,1011.439
AWS_AP19,2025-01-26 02:15:00,20.725,76.879,1011.221
AWS_AP19,2025-01-26 02:30:00,19.622,80.179,1011.205
AWS_AP19,2025-01-26 02:45:00,19.896,81.409,1011.07
AWS_AP19,2025-01-26 03:00:00,19.952,78.401,1011.602
AWS_AP19,2025-01-26 03:15:00,20.421,79.082,1010.12
AWS_AP19,2025-01-26 03:30:00,19.641,79.917,1011.028
AWS_AP19,2025-01-26 03:45:00,19.977,78.8,1010.319
AWS_AP19,2025-01-26 04:00:00,20.177,75.327,1011.038
AWS_AP19,2025-01-26 04:15:00,19.946,76.003,1009.768
AWS_AP19,2025-01-26 04:30:00,20.251,75.941,1010.917
AWS_AP19,2025-01-26 04:45:00,20.515,79.761,1010.836
AWS_AP19,2025-01-26 05:00:00,20.952,74.357,1011.07
AWS_AP19,2025-01-26 05:15:00,21.083,75.467,1010.055
AWS_AP19,2025-01-26 05:30:00,21.216,75.384,1010.326
AWS_AP19,2025-01-26 05:45:00,21.402,74.974,1010.289
AWS_AP19,2025-01-26 06:00:00,21.635,77.158,1011.005
AWS_AP19,2025-01-26 06:15:00,21.535,75.317,1011.235
AWS_AP19,2025-01-26 06:30:00,21.406,71.671,1011.249
AWS_AP19,2025-01-26 06:45:00,22.035,74.713,1011.38
AWS_AP19,2025-01-26 07:00:00,21.608,68.662,1012.619
AWS_AP19,2025-01-26 07:15:00,22.389,75.535,1011.801
AWS_AP19,2025-01-26 07:30:00,22.868,71.588,1012.924
AWS_AP19,2025-01-26 07:45:00,22.61,68.891,1012.489
AWS_AP19,2025-01-26 08:00:00,23.007,70.05,1012.669
AWS_AP19,2025-01-26 08:15:00,23.9,71.141,1012.385
AWS_AP19,2025-01-26 08:30:00,23.679,66.456,1012.444
AWS_AP19,2025-01-26 08:45:00,23.816,69.52,1011.583
AWS_AP19,2025-01-26 09:00:00,24.154,68.165,1012.995
AWS_AP19,2025-01-26 09:15:00,24.882,64.85,1013.057
AWS_AP19,2025-01-26 09:30:00,25.068,67.326,1012.732
AWS_AP19,2025-01-26 09:45:00,25.246,62.464,1013.04
AWS_AP19,2025-01-26 10:00:00,25.336,66.81,1012.547
AWS_AP19,2025-01-26 10:15:00,25.488,61.564,1012.759
AWS_AP19,2025-01-26 10:30:00,25.651,62.424,1013.281
AWS_AP19,2025-01-26 10:45:00,25.488,64.673,1012.848
AWS_AP19,2025-01-26 11:00:00,26.286,60.839,1012.621
AWS_AP19,2025-01-26 11:15:00,26.307,59.364,1012.679
AWS_AP19,2025-01-26 11:30:00,27.085,58.528,1012.908
AWS_AP19,2025-01-26 11:45:00,27.034,56.907,1012.734
AWS_AP19,2025-01-26 12:00:00,27.453,61.758,1012.205
AWS_AP19,2025-01-26 12:15:00,27.859,56.213,1013.119
AWS_AP19,2025-01-26 12:30:00,27.7,55.734,1012.349
AWS_AP19,2025-01-26 12:45:00,27.927,55.568,1012.679
AWS_AP19,2025-01-26 13:00:00,27.806,54.7,1011.738
AWS_AP19,2025-01-26 13:15:00,28.149,55.71,1012.188
AWS_AP19,2025-01-26 13:30:00,28.032,54.574,1011.298
AWS_AP19,2025-01-26 13:45:00,28.067,58.536,1012.013
AWS_AP19,2025-01-26 14:00:00,28.502,52.856,1010.845
AWS_AP19,2025-01-26 14:15:00,28.69,55.724,1010.736
AWS_AP19,2025-01-26 14:30:00,28.211,56.105,1011.814
AWS_AP19,2025-01-26 14:45:00,28.424,54.362,1011.309
AWS_AP19,2025-01-26 15:00:00,28.106,55.706,1010.805
AWS_AP19,2025-01-26 15:15:00,28.618,56.777,1010.402
AWS_AP19,2025-01-26 15:30:00,28.488,57.127,1010.533
AWS_AP19,2025-01-26 15:45:00,28.248,54.765,1010.423
AWS_AP19,2025-01-26 16:00:00,28.482,52.297,1010.658
AWS_AP19,2025-01-26 16:15:00,27.791,58.064,1010.701
AWS_AP19,2025-01-26 16:30:00,28.397,58.002,1010.506
AWS_AP19,2025-01-26 16:45:00,28.561,55.508,1010.069
AWS_AP19,2025-01-26 17:00:00,28.382,58.767,1010.654
AWS_AP19,2025-01-26 17:15:00,27.981,60.073,1010.438
AWS_AP19,2025-01-26 17:30:00,27.454,56.025,1011.762
AWS_AP19,2025-01-26 17:45:00,27.119,55.853,1010.624
AWS_AP19,2025-01-26 18:00:00,27.086,56.681,1010.738
AWS_AP19,2025-01-26 18:15:00,27.163,60.789,1011.196
AWS_AP19,2025-01-26 18:30:00,26.728,60.981,1011.145
AWS_AP19,2025-01-26 18:45:00,26.359,59.004,1011.6
AWS_AP19,2025-01-26 19:00:00,25.828,59.835,1012.187
AWS_AP19,2025-01-26 19:15:00,26.289,65.067,1011.5
AWS_AP19,2025-01-26 19:30:00,25.725,64.103,1012.064
AWS_AP19,2025-01-26 19:45:00,25.888,63.523,1011.98
AWS_AP19,2025-01-26 20:00:00,25.435,60.664,1013.237
AWS_AP19,2025-01-26 20:15:00,24.784,67.11,1012.859
AWS_AP19,2025-01-26 20:30:00,25.391,63.933,1012.886
AWS_AP19,2025-01-26 20:45:00,24.218,66.937,1013.163
AWS_AP19,2025-01-26 21:00:00,23.949,67.794,1013.095
AWS_AP19,2025-01-26 21:15:00,24.402,67.541,1012.756
AWS_AP19,2025-01-26 21:30:00,23.677,64.742,1012.836
AWS_AP19,2025-01-26 21:45:00,23.427,67.681,1012.982
AWS_AP19,2025-01-26 22:00:00,22.823,73.144,1012.71
AWS_AP19,2025-01-26 22:15:00,22.782,71.486,1012.785
AWS_AP19,2025-01-26 22:30:00,22.436,73.231,1013.291
AWS_AP19,2025-01-26 22:45:00,21.898,71.197,1012.776
AWS_AP19,2025-01-26 23:00:00,21.283,70.11,1012.445
AWS_AP19,2025-01-26 23:15:00,22.193,73.879,1013.531
AWS_AP19,2025-01-26 23:30:00,21.884,73.553,1012.864
AWS_AP19,2025-01-26 23:45:00,21.986,75.764,1013.318
AWS_AP19,2025-01-27 00:00:00,17.503,85.904,1013.016
AWS_AP19,2025-01-27 00:15:00,16.977,87.545,1012.334
AWS_AP19,2025-01-27 00:30:00,16.757,85.367,1012.166
AWS_AP19,2025-02-01 08:45:00,24.848,67.763,1012.854
AWS_AP19,2025-02-01 09:00:00,25.076,65.073,1012.945
AWS_AP19,2025-02-08 18:00:00,28.555,57.66,1010.084
AWS_AP19,2025-02-08 18:15:00,27.884,56.632,1010.833
AWS_AP19,2025-02-14 14:15:00,28.925,55.348,1010.387
AWS_AP19,2025-02-14 14:30:00,29.732,57.861,1011.119
AWS_AP19,2025-02-25 11:30:00,27.746,56.77,1011.498
AWS_AP19,2025-02-25 11:45:00,27.886,57.304,1011.107
AWS_AP19,2025-02-25 20:15:00,26.787,66.752,1011.354
AWS_AP19,2025-02-25 20:30:00,25.632,63.936,1011.375
AWS_AP19,2025-03-06 12:30:00,30.637,55.118,1009.599
AWS_AP19,2025-03-06 12:45:00,31.072,54.175,1008.67
AWS_AP19,2025-03-08 11:30:00,30.337,56.087,1010.045
AWS_AP19,2025-03-08 11:45:00,30.341,55.44,1009.696
AWS_AP19,2025-03-10 03:15:00,26.616,72.788,1008.383
AWS_AP19,2025-03-10 03:30:00,26.864,72.05,1008.752
AWS_AP19,2025-03-11 12:15:00,34.129,45.524,1010.318
AWS_AP19,2025-03-11 12:30:00,33.946,42.799,1010.102
AWS_AP19,2025-03-13 15:00:00,36.121,41.145,1008.422
AWS_AP19,2025-03-13 15:15:00,36.138,36.202,1007.676
AWS_AP19,2025-03-13 15:30:00,35.933,41.849,1007.963
AWS_AP19,2025-03-13 15:45:00,35.893,40.083,1007.894
AWS_AP19,2025-03-13 16:00:00,35.646,40.751,1008.007
AWS_AP19,2025-03-13 16:15:00,35.581,42.468,1007.539
AWS_AP19,2025-03-13 16:30:00,35.79,40.137,1007.857
AWS_AP19,2025-03-13 16:45:00,35.567,42.835,1007.161
AWS_AP19,2025-03-13 17:00:00,34.95,39.763,1008.38
AWS_AP19,2025-03-13 17:15:00,34.911,41.464,1007.936
AWS_AP19,2025-03-13 17:30:00,35.333,45.953,1009.13
AWS_AP19,2025-03-13 17:45:00,34.648,41.172,1008.765
AWS_AP19,2025-03-13 18:00:00,34.158,45.461,1007.74
AWS_AP19,2025-03-13 18:15:00,34.5,46.426,1008.952
AWS_AP19,2025-03-13 18:30:00,34.072,45.72,1008.934
AWS_AP19,2025-03-13 18:45:00,34.097,42.438,1009.224
AWS_AP19,2025-03-13 19:00:00,33.526,49.234,1008.935
AWS_AP19,2025-03-13 19:15:00,33.365,41.458,1009.4
AWS_AP19,2025-03-13 19:30:00,33.106,49.253,1009.194
AWS_AP19,2025-03-13 19:45:00,33.281,46.227,1009.654
AWS_AP19,2025-03-13 20:00:00,32.696,51.854,1010.267
AWS_AP19,2025-03-13 20:15:00,32.711,51.455,1009.302
AWS_AP19,2025-03-13 20:30:00,31.996,50.752,1009.981
AWS_AP19,2025-03-13 20:45:00,32.092,54.523,1010.162
AWS_AP19,2025-03-13 21:00:00,31.788,52.014,1010.65
AWS_AP19,2025-03-13 21:15:00,31.43,57.388,1010.352
AWS_AP19,2025-03-13 21:30:00,31.536,54.395,1010.237
AWS_AP19,2025-03-13 21:45:00,31.376,53.513,1010.705
AWS_AP19,2025-03-13 22:00:00,30.721,56.872,1010.385
AWS_AP19,2025-03-13 22:15:00,30.448,54.439,1010.638
AWS_AP19,2025-03-13 22:30:00,30.28,59.336,1010.507
AWS_AP19,2025-03-13 22:45:00,30.202,59.133,1009.546
AWS_AP19,2025-03-13 23:00:00,29.976,58.467,1010.641
AWS_AP19,2025-03-13 23:15:00,29.378,57.559,1011.039
AWS_AP19,2025-03-13 23:30:00,29.669,62.537,1010.004
AWS_AP19,2025-03-13 23:45:00,29.041,56.238,1009.982
AWS_AP19,2025-03-14 00:00:00,29.293,65.697,1008.862
AWS_AP19,2025-03-14 00:15:00,29.187,66.466,1008.95
AWS_AP19,2025-03-14 00:30:00,29.127,67.368,1008.715
AWS_AP19,2025-03-14 00:45:00,29.251,66.61,1008.288
AWS_AP19,2025-03-14 01:00:00,28.959,66.904,1009.172
AWS_AP19,2025-03-14 01:15:00,29.064,66.193,1008.383
AWS_AP19,2025-03-14 01:30:00,29.028,73.304,1008.633
AWS_AP19,2025-03-14 01:45:00,28.201,68.044,1007.497
AWS_AP19,2025-03-14 02:00:00,28.018,69.593,1008.531
AWS_AP19,2025-03-14 02:15:00,28.808,69.646,1008.145
AWS_AP19,2025-03-14 02:30:00,28.339,67.797,1008.047
AWS_AP19,2025-03-14 02:45:00,27.979,64.805,1007.813
AWS_AP19,2025-03-14 03:00:00,28.604,70.819,1007.875
AWS_AP19,2025-03-14 03:15:00,28.078,67.016,1006.768
AWS_AP19,2025-03-14 03:30:00,28.073,67.308,1007.807
AWS_AP19,2025-03-14 03:45:00,28.919,69.6,1007.062
AWS_AP19,2025-03-14 04:00:00,28.442,71.843,1007.094
AWS_AP19,2025-03-14 04:15:00,28.595,70.037,1007.299
AWS_AP19,2025-03-14 04:30:00,27.955,70.155,1006.824
AWS_AP19,2025-03-14 04:45:00,28.96,70.284,1007.901
AWS_AP19,2025-03-14 05:00:00,28.705,67.747,1007.559
AWS_AP19,2025-03-14 05:15:00,28.826,65.955,1008.161
AWS_AP19,2025-03-14 05:30:00,29.522,65.698,1008.13
AWS_AP19,2025-03-14 05:45:00,29.458,64.218,1007.079
AWS_AP19,2025-03-14 06:00:00,29.246,64.123,1008.604
AWS_AP19,2025-03-14 06:15:00,29.459,67.27,1008.226
AWS_AP19,2025-03-14 06:30:00,29.574,65.009,1008.332
AWS_AP19,2025-03-14 06:45:00,29.646,64.423,1008.947
AWS_AP19,2025-03-14 07:00:00,30.67,62.939,1008.819
AWS_AP19,2025-03-14 07:15:00,30.669,61.565,1009.185
AWS_AP19,2025-03-14 07:30:00,30.723,65.387,1008.915
AWS_AP19,2025-03-14 07:45:00,31.048,64.153,1009.1
AWS_AP19,2025-03-14 08:00:00,30.776,57.916,1008.936
AWS_AP19,2025-03-14 08:15:00,31.647,58.946,1008.884
AWS_AP19,2025-03-14 08:30:00,31.935,61.752,1009.74
AWS_AP19,2025-03-14 08:45:00,31.856,59.904,1009.189
AWS_AP19,2025-03-14 09:00:00,32.81,57.755,1010.799
AWS_AP19,2025-03-14 09:15:00,32.811,56.024,1009.574
AWS_AP19,2025-03-14 09:30:00,32.95,57.846,1009.818
AWS_AP19,2025-03-14 09:45:00,32.864,55.101,1010.105
AWS_AP19,2025-03-14 10:00:00,33.873,54.603,1010.271
AWS_AP19,2025-03-14 10:15:00,33.762,50.382,1009.533
AWS_AP19,2025-03-14 10:30:00,34.255,52.305,1009.594
AWS_AP19,2025-03-14 10:45:00,34.091,51.358,1009.874
AWS_AP19,2025-03-14 11:00:00,34.759,50.898,1009.872
AWS_AP19,2025-03-14 11:15:00,35.266,52.803,1009.233
AWS_AP19,2025-03-14 11:30:00,35.496,51.139,1009.504
AWS_AP19,2025-03-14 11:45:00,34.634,51.516,1009.437
AWS_AP19,2025-03-14 12:00:00,35.201,47.565,1009.773
AWS_AP19,2025-03-14 12:15:00,35.935,48.263,1008.536
AWS_AP19,2025-03-14 12:30:00,35.732,45.583,1009.083
AWS_AP19,2025-03-14 12:45:00,35.64,49.284,1008.88
AWS_AP19,2025-03-14 13:00:00,36.242,48.811,1008.571
AWS_AP19,2025-03-14 13:15:00,35.805,47.19,1008.645
AWS_AP19,2025-03-14 13:30:00,35.91,45.322,1008.077
AWS_AP19,2025-03-14 13:45:00,36.235,43.827,1008.663
AWS_AP19,2025-03-14 14:00:00,36.082,47.01,1007.619
AWS_AP19,2025-03-14 14:15:00,36.171,42.586,1008.089
AWS_AP19,2025-03-14 14:30:00,36.399,47.295,1007.829
AWS_AP19,2025-03-14 14:45:00,35.579,44.27,1007.443
AWS_AP19,2025-03-14 15:00:00,36.663,45.683,1007.882
AWS_AP19,2025-03-28 06:00:00,25.843,71.888,1008.624
AWS_AP19,2025-03-28 06:15:00,26.836,74.536,1008.725
AWS_AP19,2025-04-01 12:00:00,31.98,54.384,1008.222
AWS_AP19,2025-04-01 12:15:00,31.872,58.647,1007.241
AWS_AP19,2025-04-03 09:15:00,29.871,64.501,1008.329
AWS_AP19,2025-04-03 09:30:00,29.67,62.138,1008.812
AWS_AP19,2025-04-16 02:30:00,32.365,69.1,1005.377
AWS_AP19,2025-04-16 02:45:00,32.675,65.665,1005.544
AWS_AP19,2025-04-21 13:00:00,33.121,52.311,1005.414
AWS_AP19,2025-04-21 13:15:00,32.946,50.338,1005.484
AWS_AP19,2025-04-22 02:00:00,25.781,74.449,1005.041
AWS_AP19,2025-04-22 02:15:00,25.877,74.966,1004.547
AWS_AP19,2025-05-07 17:45:00,35.243,62.682,1002.119
AWS_AP19,2025-05-07 18:00:00,34.118,60.923,1002.843
AWS_AP19,2025-05-07 21:30:00,31.076,67.39,1003.585
AWS_AP19,2025-05-07 21:45:00,30.645,72.57,1004.095
AWS_AP19,2025-05-10 14:45:00,33.8,52.66,1002.617
AWS_AP19,2025-05-10 15:00:00,33.998,55.685,1002.334
AWS_AP19,2025-05-13 03:00:00,29.098,72.451,1003.399
AWS_AP19,2025-05-13 03:15:00,28.331,76.752,1003.21
AWS_AP19,2025-05-16 09:30:00,31.256,63.448,1004.899
AWS_AP19,2025-05-16 09:45:00,31.595,64.229,1004.394
AWS_AP19,2025-05-17 00:45:00,26.643,80.082,1002.964
AWS_AP19,2025-05-17 01:00:00,26.753,74.924,1003.36
AWS_AP19,2025-05-18 17:00:00,35.893,59.813,1002.049
AWS_AP19,2025-05-18 17:15:00,35.695,55.291,1002.565
AWS_AP19,2025-05-21 13:30:00,35.492,59.159,1001.257
AWS_AP19,2025-05-21 13:45:00,35.377,59.345,1000.972
AWS_AP19,2025-05-31 15:00:00,34.516,61.303,999.552
AWS_AP19,2025-05-31 15:15:00,33.773,63.441,999.507
AWS_AP19,2025-05-31 23:00:00,28.563,76.376,1001.982
AWS_AP19,2025-05-31 23:15:00,28.659,82.439,1001.923
AWS_AP19,2025-06-19 10:45:00,30.591,69.847,1003.186
AWS_AP19,2025-06-19 11:00:00,30.362,73.688,1003.054
AWS_AP19,2025-06-22 11:00:00,30.5,72.48,1001.985
AWS_AP19,2025-06-22 11:15:00,30.611,72.441,1001.458
AWS_AP19,2025-06-23 01:45:00,26.371,85.905,1001.638
AWS_AP19,2025-06-23 02:00:00,25.932,89.431,1000.418
AWS_AP19,2025-06-26 11:45:00,31.966,67.46,1002.529
AWS_AP19,2025-06-26 12:00:00,32.39,78.387,1003.772
AWS_AP19,2025-06-27 00:45:00,26.684,84.197,1001.201
AWS_AP19,2025-06-27 01:00:00,26.753,86.26,1001.169
AWS_AP19,2025-07-04 06:30:00,25.269,89.198,1001.972
AWS_AP19,2025-07-04 06:45:00,25.916,91.402,1000.923
AWS_AP19,2025-07-10 05:45:00,26.193,94.711,1002.263
AWS_AP19,2025-07-10 06:00:00,26.011,95.091,1001.895
AWS_AP19,2025-07-10 14:30:00,32.002,69.984,1001.651
AWS_AP19,2025-07-10 14:45:00,31.578,69.688,1001.658
AWS_AP19,2025-07-15 03:15:00,26.104,85.669,1001.139
AWS_AP19,2025-07-15 03:30:00,26.717,92.494,1000.6
AWS_AP19,2025-07-15 11:45:00,32.034,69.605,1002.457
AWS_AP19,2025-07-15 12:00:00,31.635,70.051,1002.82
AWS_AP19,2025-07-21 23:15:00,26.05,80.899,1003.78
AWS_AP19,2025-07-21 23:30:00,26.513,85.641,1002.721
AWS_AP19,2025-07-22 08:00:00,28.047,86.041,1002.816
AWS_AP19,2025-07-22 08:15:00,29.001,87.891,1003.271
AWS_AP19,2025-08-11 04:30:00,24.147,93.818,1001.985
AWS_AP19,2025-08-11 04:45:00,23.842,91.55,1002.04
AWS_AP19,2025-08-11 05:00:00,23.953,91.685,1002.487
AWS_AP19,2025-08-11 05:15:00,24.161,93.168,1002.222
AWS_AP19,2025-08-11 05:30:00,24.018,91.935,1002.344
AWS_AP19,2025-08-11 05:45:00,24.748,88.13,1002.485
AWS_AP19,2025-08-11 06:00:00,24.97,89.797,1002.509
AWS_AP19,2025-08-11 06:15:00,24.982,87.952,1002.933
AWS_AP19,2025-08-11 06:30:00,25.124,87.484,1003.096
AWS_AP19,2025-08-11 06:45:00,24.294,93.095,1003.984
AWS_AP19,2025-08-11 07:00:00,25.119,89.081,1003.57
AWS_AP19,2025-08-11 07:15:00,25.221,86.933,1004.345
AWS_AP19,2025-08-11 07:30:00,25.631,87.396,1003.444
AWS_AP19,2025-08-11 07:45:00,26.132,82.379,1003.455
AWS_AP19,2025-08-11 08:00:00,25.574,81.833,1003.94
AWS_AP19,2025-08-11 08:15:00,26.326,82.983,1004.91
AWS_AP19,2025-08-11 08:30:00,26.335,83.256,1004.156
AWS_AP19,2025-08-11 08:45:00,26.73,83.092,1005.255
AWS_AP19,2025-08-11 09:00:00,27.114,81.863,1004.854
AWS_AP19,2025-08-11 09:15:00,27.028,81.304,1005.372
AWS_AP19,2025-08-11 09:30:00,26.978,80.206,1004.591
AWS_AP19,2025-08-11 09:45:00,26.844,82.44,1004.753
AWS_AP19,2025-08-11 10:00:00,27.844,76.84,1004.682
AWS_AP19,2025-08-11 10:15:00,27.708,75.99,1004.09
AWS_AP19,2025-08-11 10:30:00,27.687,75.618,1004.438
AWS_AP19,2025-08-11 10:45:00,28.101,78.712,1005.224
AWS_AP19,2025-08-11 11:00:00,28.242,75.786,1004.95
AWS_AP19,2025-08-11 11:15:00,28.946,76.126,1004.264
AWS_AP19,2025-08-11 11:30:00,28.605,72.818,1005.028
AWS_AP19,2025-08-11 11:45:00,28.371,73.251,1004.851
AWS_AP19,2025-08-11 12:00:00,28.523,71.691,1004.47
AWS_AP19,2025-08-11 12:15:00,29.034,73.333,1004.513
AWS_AP19,2025-08-11 12:30:00,28.969,69.653,1003.832
AWS_AP19,2025-08-11 12:45:00,28.902,70.296,1003.96
AWS_AP19,2025-08-11 13:00:00,29.074,71.308,1003.737
AWS_AP19,2025-08-11 13:15:00,29.464,69.426,1003.19
AWS_AP19,2025-08-11 13:30:00,29.488,73.173,1003.674
AWS_AP19,2025-08-11 13:45:00,29.591,70.731,1003.274
AWS_AP19,2025-08-11 14:00:00,29.441,70.35,1002.876
AWS_AP19,2025-08-11 14:15:00,30.256,68.472,1002.672
AWS_AP19,2025-08-11 14:30:00,30.443,70.245,1003.117
AWS_AP19,2025-08-11 14:45:00,29.6,68.854,1002.391
AWS_AP19,2025-08-11 15:00:00,29.55,70.245,1002.509
AWS_AP19,2025-08-11 15:15:00,29.628,75.45,1002.643
AWS_AP19,2025-08-11 15:30:00,29.596,70.408,1002.869
AWS_AP19,2025-08-11 15:45:00,29.628,70.552,1003.052
AWS_AP19,2025-08-11 16:00:00,29.581,68.797,1002.455
AWS_AP19,2025-08-11 16:15:00,29.076,73.731,1003.032
AWS_AP19,2025-08-11 16:30:00,29.532,69.547,1002.235
AWS_AP19,2025-08-11 16:45:00,29.434,71.356,1002.431
AWS_AP19,2025-08-11 17:00:00,29.668,71.37,1002.312
AWS_AP19,2025-08-11 17:15:00,29.707,69.912,1003.027
AWS_AP19,2025-08-11 17:30:00,29.451,72.428,1002.666
AWS_AP19,2025-08-11 17:45:00,29.057,72.701,1002.527
AWS_AP19,2025-08-11 18:00:00,28.722,71.242,1003.474
AWS_AP19,2025-08-11 18:15:00,28.314,74.363,1002.991
AWS_AP19,2025-08-11 18:30:00,28.888,77.234,1003.235
AWS_AP19,2025-08-11 18:45:00,27.754,76.998,1003.098
AWS_AP19,2025-08-11 19:00:00,27.929,71.877,1004.124
AWS_AP19,2025-08-11 19:15:00,27.65,76.835,1003.65
AWS_AP19,2025-08-11 19:30:00,28.122,73.083,1004.162
AWS_AP19,2025-08-11 19:45:00,27.484,79.094,1004.497
AWS_AP19,2025-08-11 20:00:00,27.102,78.763,1004.643
AWS_AP19,2025-08-11 20:15:00,27.274,79.44,1004.615
AWS_AP19,2025-08-11 20:30:00,26.653,78.151,1004.056
AWS_AP19,2025-08-11 20:45:00,26.598,81.785,1004.651
AWS_AP19,2025-08-11 21:00:00,26.606,83.138,1003.57
AWS_AP19,2025-08-11 21:15:00,26.465,79.279,1005.193
AWS_AP19,2025-08-11 21:30:00,26.941,82.621,1005.017
AWS_AP19,2025-08-11 21:45:00,26.13,80.703,1005.303
AWS_AP19,2025-08-11 22:00:00,25.863,84.643,1004.47
AWS_AP19,2025-08-11 22:15:00,26.021,82.939,1005.396
AWS_AP19,2025-08-11 22:30:00,25.786,89.211,1004.777
AWS_AP19,2025-08-11 22:45:00,25.759,84.907,1004.788
AWS_AP19,2025-08-11 23:00:00,25.698,85.695,1004.327
AWS_AP19,2025-08-11 23:15:00,25.552,91.726,1005.45
AWS_AP19,2025-08-11 23:30:00,24.755,89.042,1004.804
AWS_AP19,2025-08-11 23:45:00,24.156,93.187,1004.379
AWS_AP19,2025-08-12 00:00:00,23.974,90.64,1002.976
AWS_AP19,2025-08-12 00:15:00,24.024,94.904,1003.351
AWS_AP19,2025-08-12 00:30:00,24.22,98.451,1002.502
AWS_AP19,2025-08-12 00:45:00,23.572,92.718,1001.988
AWS_AP19,2025-08-12 01:00:00,23.233,94.23,1003.087
AWS_AP19,2025-08-12 01:15:00,24.075,96.296,1002.042
AWS_AP19,2025-08-12 01:30:00,23.977,97.49,1002.232
AWS_AP19,2025-08-12 01:45:00,23.668,98.076,1002.094
AWS_AP19,2025-08-12 02:00:00,22.873,93.285,1002.518
AWS_AP19,2025-08-12 02:15:00,23.314,96.127,1002.165
AWS_AP19,2025-08-12 02:30:00,23.131,92.767,1001.622
AWS_AP19,2025-08-12 02:45:00,23.193,94.812,1000.946
AWS_AP19,2025-08-12 03:00:00,23.431,96.676,1001.459
AWS_AP19,2025-08-12 03:15:00,23.196,96.763,1000.836
AWS_AP19,2025-08-12 03:30:00,23.104,95.238,1001.25
AWS_AP19,2025-08-12 03:45:00,23.09,96.3,1001.156
AWS_AP19,2025-08-12 04:00:00,23.165,89.998,1001.068
AWS_AP19,2025-08-12 04:15:00,23.684,93.708,1001.972
AWS_AP19,2025-08-12 04:30:00,22.925,95.674,1013.135
AWS_AP19,2025-08-12 20:45:00,26.799,83.008,1003.7
AWS_AP19,2025-08-12 21:00:00,26.353,80.142,1003.895
AWS_AP19,2025-08-15 10:30:00,29.191,80.075,1003.87
AWS_AP19,2025-08-15 10:45:00,29.772,74.371,1003.752
AWS_AP19,2025-09-20 00:15:00,24.324,85.99,1004.42
AWS_AP19,2025-09-20 00:30:00,24.618,93.212,1003.758
AWS_AP19,2025-10-04 10:30:00,27.074,65.922,1007.045
AWS_AP19,2025-10-04 10:45:00,27.643,69.634,1006.463
AWS_AP19,2025-10-05 22:45:00,24.848,80.763,1006.803
AWS_AP19,2025-10-05 23:00:00,25.5,79.594,1006.674
AWS_AP19,2025-10-05 23:15:00,25.222,83.069,1006.816
AWS_AP19,2025-10-05 23:30:00,24.591,82.701,1006.476
AWS_AP19,2025-10-05 23:45:00,24.831,85.144,1006.828
AWS_AP19,2025-10-06 00:00:00,25.013,83.783,1006.484
AWS_AP19,2025-10-06 00:15:00,25.224,84.511,1005.759
AWS_AP19,2025-10-06 00:30:00,24.777,87.018,1006.397
AWS_AP19,2025-10-06 00:45:00,25.029,87.667,1006.16
AWS_AP19,2025-10-06 01:00:00,24.904,89.139,1005.026
AWS_AP19,2025-10-06 01:15:00,24.493,87.632,1005.649
AWS_AP19,2025-10-06 01:30:00,24.42,89.254,1005.268
AWS_AP19,2025-10-06 01:45:00,24.254,87.665,1004.92
AWS_AP19,2025-10-06 02:00:00,24.54,90.206,1004.831
AWS_AP19,2025-10-06 02:15:00,24.584,88.915,1004.671
AWS_AP19,2025-10-06 02:30:00,24.693,88.869,1004.119
AWS_AP19,2025-10-06 02:45:00,23.99,86.993,1004.763
AWS_AP19,2025-10-06 03:00:00,24.083,89.268,1003.98
AWS_AP19,2025-10-06 03:15:00,24.264,86.547,1004.207
AWS_AP19,2025-10-06 03:30:00,24.361,90.542,1004.523
AWS_AP19,2025-10-06 03:45:00,24.406,90.768,1004.492
AWS_AP19,2025-10-06 04:00:00,24.125,89.463,1003.847
AWS_AP19,2025-10-06 04:15:00,24.631,88.731,1004.003
AWS_AP19,2025-10-06 04:30:00,23.936,90.266,1004.231
AWS_AP19,2025-10-06 04:45:00,24.599,87.98,1004.309
AWS_AP19,2025-10-06 05:00:00,24.249,87.479,1003.331
AWS_AP19,2025-10-06 05:15:00,24.782,87.4,1004.576
AWS_AP19,2025-10-06 05:30:00,25.013,89.403,1005.428
AWS_AP19,2025-10-06 05:45:00,25.09,87.255,1004.546
AWS_AP19,2025-10-06 06:00:00,25.057,86.918,1005.061
AWS_AP19,2025-10-06 06:15:00,25.043,82.63,1004.863
AWS_AP19,2025-10-06 06:30:00,25.603,82.2,1005.373
AWS_AP19,2025-10-06 06:45:00,25.573,86.358,1005.218
AWS_AP19,2025-10-06 07:00:00,25.687,85.975,1005.485
AWS_AP19,2025-10-06 07:15:00,26.161,80.115,1005.486
AWS_AP19,2025-10-06 07:30:00,26.739,79.927,1005.894
AWS_AP19,2025-10-06 07:45:00,26.164,84.99,1005.449
AWS_AP19,2025-10-06 08:00:00,26.694,82.47,1006.057
AWS_AP19,2025-10-06 08:15:00,27.707,78.287,1006.697
AWS_AP19,2025-10-06 08:30:00,27.058,79.53,1006.333
AWS_AP19,2025-10-06 08:45:00,27.499,78.9,1006.349
AWS_AP19,2025-10-06 09:00:00,27.922,74.573,1006.968
AWS_AP19,2025-10-06 09:15:00,27.849,76.164,1006.212
AWS_AP19,2025-10-06 09:30:00,27.634,73.61,1006.4
AWS_AP19,2025-10-06 09:45:00,28.505,76.86,1007.122
AWS_AP19,2025-10-06 10:00:00,28.426,69.732,1007.022
AWS_AP19,2025-10-06 10:15:00,28.915,72.033,1007.266
AWS_AP19,2025-10-06 10:30:00,29.445,71.22,1007.53
AWS_AP19,2025-10-06 10:45:00,29.25,69.901,1007.094
AWS_AP19,2025-10-06 11:00:00,29.429,72.434,1006.681
AWS_AP19,2025-10-06 11:15:00,29.743,67.892,1007.166
AWS_AP19,2025-10-06 11:30:00,29.492,69.469,1006.463
AWS_AP19,2025-10-06 11:45:00,29.646,70.898,1006.995
AWS_AP19,2025-10-06 12:00:00,30.07,68.227,1005.913
AWS_AP19,2025-10-06 12:15:00,30.63,67.861,1006.519
AWS_AP19,2025-10-06 12:30:00,31.09,67.971,1006.288
AWS_AP19,2025-10-06 12:45:00,30.671,67.19,1005.991
AWS_AP19,2025-10-06 13:00:00,30.574,70.135,1006.0
AWS_AP19,2025-10-06 13:15:00,30.785,65.148,1004.563
AWS_AP19,2025-10-06 13:30:00,30.665,65.724,1005.197
AWS_AP19,2025-10-06 13:45:00,30.994,67.357,1005.22
AWS_AP19,2025-10-06 14:00:00,31.272,66.349,1005.491
AWS_AP19,2025-10-06 14:15:00,31.62,66.035,1005.58
AWS_AP19,2025-10-06 14:30:00,31.145,64.487,1004.979
AWS_AP19,2025-10-06 14:45:00,31.1,62.04,1004.561
AWS_AP19,2025-10-06 15:00:00,31.355,62.249,1004.063
AWS_AP19,2025-10-06 15:15:00,31.184,67.672,1004.287
AWS_AP19,2025-10-06 15:30:00,31.14,63.68,1004.489
AWS_AP19,2025-10-06 15:45:00,31.446,63.125,1004.671
AWS_AP19,2025-10-06 16:00:00,31.004,68.026,1004.53
AWS_AP19,2025-10-06 16:15:00,31.469,66.434,1003.97
AWS_AP19,2025-10-06 16:30:00,31.08,69.889,1003.924
AWS_AP19,2025-10-06 16:45:00,30.573,61.659,1004.068
AWS_AP19,2025-10-06 17:00:00,30.908,69.167,1004.216
AWS_AP19,2025-10-06 17:15:00,30.989,66.251,1004.458
AWS_AP19,2025-10-06 17:30:00,31.269,71.584,1005.108
AWS_AP19,2025-10-06 17:45:00,30.649,67.859,1004.428
AWS_AP19,2025-10-06 18:00:00,30.153,70.911,1004.8
AWS_AP19,2025-10-06 18:15:00,29.443,68.658,1005.549
AWS_AP19,2025-10-06 18:30:00,30.128,74.579,1005.066
AWS_AP19,2025-10-06 18:45:00,30.304,68.346,1005.653
AWS_AP19,2025-10-06 19:00:00,29.186,70.543,1005.203
AWS_AP19,2025-10-06 19:15:00,28.742,72.154,1005.913
AWS_AP19,2025-10-06 19:30:00,28.58,71.676,1005.847
AWS_AP19,2025-10-06 19:45:00,28.753,73.622,1006.145
AWS_AP19,2025-10-06 20:00:00,28.442,73.215,1005.246
AWS_AP19,2025-10-06 20:15:00,28.024,73.664,1006.519
AWS_AP19,2025-10-06 20:30:00,28.255,77.575,1006.194
AWS_AP19,2025-10-06 20:45:00,28.21,71.083,1006.798
AWS_AP19,2025-10-06 21:00:00,27.621,74.566,1006.376
AWS_AP19,2025-10-06 21:15:00,27.318,79.616,1006.631
AWS_AP19,2025-10-06 21:30:00,27.841,79.484,1006.597
AWS_AP19,2025-10-06 21:45:00,26.828,78.105,1006.957
AWS_AP19,2025-10-06 22:00:00,26.876,80.172,1006.308
AWS_AP19,2025-10-06 22:15:00,26.658,77.492,1006.876
AWS_AP19,2025-10-06 22:30:00,26.403,85.234,1006.707
AWS_AP19,2025-10-06 22:45:00,8.185,83.107,1006.031
AWS_AP19,2025-10-10 19:45:00,28.137,77.806,1007.102
AWS_AP19,2025-10-10 20:00:00,28.026,75.733,1007.601
AWS_AP19,2025-10-17 17:15:00,30.597,65.295,1005.616
AWS_AP19,2025-10-17 17:30:00,30.286,67.876,1005.421
AWS_AP19,2025-10-23 13:00:00,27.988,63.826,1009.272
AWS_AP19,2025-10-23 13:15:00,27.655,65.912,1008.512
AWS_AP19,2025-10-26 21:00:00,25.337,71.365,1008.516
AWS_AP19,2025-10-26 21:15:00,25.605,75.043,1008.99
AWS_AP19,2025-11-02 11:45:00,30.3,67.001,1009.642
AWS_AP19,2025-11-02 12:00:00,30.215,64.405,1009.882
AWS_AP19,2025-11-05 17:45:00,29.052,59.564,1008.426
AWS_AP19,2025-11-05 18:00:00,28.487,63.717,1008.252
AWS_AP19,2025-11-05 18:15:00,28.152,64.621,1009.141
AWS_AP19,2025-11-05 18:30:00,28.279,63.522,1008.509
AWS_AP19,2025-11-05 18:45:00,27.375,60.312,1008.718
AWS_AP19,2025-11-05 19:00:00,27.926,64.344,1009.174
AWS_AP19,2025-11-05 19:15:00,27.616,65.624,1010.343
AWS_AP19,2025-11-05 19:30:00,27.646,64.472,1009.06
AWS_AP19,2025-11-05 19:45:00,27.379,65.635,1009.436
AWS_AP19,2025-11-05 20:00:00,27.059,64.82,1010.031
AWS_AP19,2025-11-05 20:15:00,26.397,68.546,1009.597
AWS_AP19,2025-11-05 20:30:00,26.481,65.623,1010.359
AWS_AP19,2025-11-05 20:45:00,25.794,71.289,1010.577
AWS_AP19,2025-11-05 21:00:00,25.859,70.201,1010.921
AWS_AP19,2025-11-05 21:15:00,25.787,71.84,1010.012
AWS_AP19,2025-11-05 21:30:00,25.373,70.506,1010.259
AWS_AP19,2025-11-05 21:45:00,25.845,71.658,1010.31
AWS_AP19,2025-11-05 22:00:00,24.849,70.817,1010.182
AWS_AP19,2025-11-05 22:15:00,24.549,76.876,1010.901
AWS_AP19,2025-11-05 22:30:00,24.945,74.589,1010.467
AWS_AP19,2025-11-05 22:45:00,24.525,73.353,1010.67
AWS_AP19,2025-11-05 23:00:00,24.051,75.113,1010.779
AWS_AP19,2025-11-05 23:15:00,24.269,77.687,1010.531
AWS_AP19,2025-11-05 23:30:00,24.154,77.538,1009.674
AWS_AP19,2025-11-05 23:45:00,23.807,76.621,1009.793
AWS_AP19,2025-11-06 00:00:00,24.516,81.341,1009.736
AWS_AP19,2025-11-06 00:15:00,24.66,87.345,1009.236
AWS_AP19,2025-11-06 00:30:00,24.301,82.978,1008.67
AWS_AP19,2025-11-06 00:45:00,24.18,82.694,1008.594
AWS_AP19,2025-11-06 01:00:00,24.171,85.412,1009.165
AWS_AP19,2025-11-06 01:15:00,23.544,82.495,1008.622
AWS_AP19,2025-11-06 01:30:00,23.388,85.838,1008.136
AWS_AP19,2025-11-06 01:45:00,23.853,88.752,1008.261
AWS_AP19,2025-11-06 02:00:00,23.561,88.115,1008.954
AWS_AP19,2025-11-06 02:15:00,23.539,84.912,1007.361
AWS_AP19,2025-11-06 02:30:00,24.102,86.387,1007.473
AWS_AP19,2025-11-06 02:45:00,23.477,85.38,1007.857
AWS_AP19,2025-11-06 03:00:00,23.364,88.47,1007.838
AWS_AP19,2025-11-06 03:15:00,23.645,86.319,1008.059
AWS_AP19,2025-11-06 03:30:00,23.572,85.266,1007.512
AWS_AP19,2025-11-06 03:45:00,23.772,88.927,1007.594
AWS_AP19,2025-11-06 04:00:00,23.826,85.77,1007.58
AWS_AP19,2025-11-06 04:15:00,23.804,83.874,1007.072
AWS_AP19,2025-11-06 04:30:00,23.927,83.833,1007.053
AWS_AP19,2025-11-06 04:45:00,23.644,82.828,1008.28
AWS_AP19,2025-11-06 05:00:00,24.295,87.526,1007.158
AWS_AP19,2025-11-06 05:15:00,24.154,81.043,1007.869
AWS_AP19,2025-11-06 05:30:00,24.105,84.401,1007.378
AWS_AP19,2025-11-06 05:45:00,24.282,79.825,1007.183
AWS_AP19,2025-11-06 06:00:00,24.72,83.286,1008.392
AWS_AP19,2025-11-06 06:15:00,25.04,80.84,1008.108
AWS_AP19,2025-11-06 06:30:00,25.235,80.381,1008.61
AWS_AP19,2025-11-06 06:45:00,25.678,77.291,1008.224
AWS_AP19,2025-11-06 07:00:00,24.889,82.771,1007.959
AWS_AP19,2025-11-06 07:15:00,25.294,75.169,1008.344
AWS_AP19,2025-11-06 07:30:00,26.143,73.823,1007.935
AWS_AP19,2025-11-06 07:45:00,26.052,76.092,1008.577
AWS_AP19,2025-11-06 08:00:00,26.171,74.659,1009.18
AWS_AP19,2025-11-06 08:15:00,26.313,76.292,1009.45
AWS_AP19,2025-11-06 08:30:00,26.56,72.929,1009.682
AWS_AP19,2025-11-06 08:45:00,26.731,72.466,1009.07
AWS_AP19,2025-11-06 09:00:00,27.197,74.547,1009.519
AWS_AP19,2025-11-06 09:15:00,27.538,71.914,1009.984
AWS_AP19,2025-11-06 09:30:00,27.005,75.028,1010.319
AWS_AP19,2025-11-06 09:45:00,27.689,73.29,1010.425
AWS_AP19,2025-11-06 10:00:00,27.85,71.359,1009.752
AWS_AP19,2025-11-06 10:15:00,27.919,71.701,1009.07
AWS_AP19,2025-11-06 10:30:00,28.784,71.083,1009.233
AWS_AP19,2025-11-06 10:45:00,28.457,66.992,1009.512
AWS_AP19,2025-11-06 11:00:00,28.581,66.669,1009.832
AWS_AP19,2025-11-06 11:15:00,28.563,66.113,1009.5
AWS_AP19,2025-11-06 11:30:00,29.721,63.969,1008.947
AWS_AP19,2025-11-06 11:45:00,29.683,64.114,1009.002
AWS_AP19,2025-11-06 12:00:00,29.297,66.223,1009.246
AWS_AP19,2025-11-06 12:15:00,29.985,67.156,1008.75
AWS_AP19,2025-11-06 12:30:00,29.858,67.557,1008.282
AWS_AP19,2025-11-06 12:45:00,29.949,64.671,1008.669
AWS_AP19,2025-11-06 13:00:00,30.523,62.262,1009.122
AWS_AP19,2025-11-06 13:15:00,29.841,62.901,1008.27
AWS_AP19,2025-11-06 13:30:00,30.526,65.695,1008.46
AWS_AP19,2025-11-06 13:45:00,29.924,62.6,1008.223
AWS_AP19,2025-11-06 14:00:00,30.829,61.71,1007.75
AWS_AP19,2025-11-06 14:15:00,30.694,64.736,1007.608
AWS_AP19,2025-11-06 14:30:00,30.711,62.717,1008.078
AWS_AP19,2025-11-06 14:45:00,30.313,62.466,1007.466
AWS_AP19,2025-11-06 15:00:00,30.571,64.797,1007.355
AWS_AP19,2025-11-06 15:15:00,30.665,65.763,1007.366
AWS_AP19,2025-11-06 15:30:00,30.53,61.351,1007.797
AWS_AP19,2025-11-06 15:45:00,30.536,59.764,1008.0
AWS_AP19,2025-11-06 16:00:00,30.164,65.763,1007.078
AWS_AP19,2025-11-06 16:15:00,30.662,62.535,1007.382
AWS_AP19,2025-11-06 16:30:00,30.446,63.239,1006.551
AWS_AP19,2025-11-06 16:45:00,30.263,63.444,1007.831
AWS_AP19,2025-11-06 17:00:00,30.344,62.798,1007.327
AWS_AP19,2025-11-06 17:15:00,30.013,64.157,1007.802
AWS_AP19,2025-11-06 17:30:00,30.142,62.982,1008.821
AWS_AP19,2025-11-06 17:45:00,45.499,65.678,1008.48
AWS_AP19,2025-11-10 03:00:00,21.233,85.7,1009.864
AWS_AP19,2025-11-10 03:15:00,21.255,82.641,1009.1
AWS_AP19,2025-12-03 02:00:00,19.472,82.035,1011.681
AWS_AP19,2025-12-03 02:15:00,19.612,81.632,1012.279
AWS_AP19,2025-12-21 01:15:00,19.076,81.546,1011.778
AWS_AP19,2025-12-21 01:30:00,18.884,84.128,1012.355
AWS_AP19,2025-12-23 17:45:00,24.896,63.164,1010.737
AWS_AP19,2025-12-23 18:00:00,24.233,61.042,1010.621
AWS_AP19,2025-12-24 22:30:00,23.82,74.845,1013.367
AWS_AP19,2025-12-24 22:45:00,23.298,77.047,1012.451
AWS_AP20,2025-01-14 13:30:00,21.423,37.097,936.163
AWS_AP20,2025-01-14 13:45:00,21.586,40.228,937.181
AWS_AP20,2025-01-15 02:30:00,13.762,68.689,935.641
AWS_AP20,2025-01-15 02:45:00,13.469,71.068,935.472
AWS_AP20,2025-01-16 16:00:00,25.316,32.529,937.297
AWS_AP20,2025-01-16 16:15:00,25.095,34.442,937.354
AWS_AP20,2025-01-16 16:30:00,24.845,32.864,937.485
AWS_AP20,2025-01-16 16:45:00,24.592,40.42,937.556
AWS_AP20,2025-01-16 17:00:00,25.291,36.555,936.893
AWS_AP20,2025-01-16 17:15:00,24.452,42.325,938.284
AWS_AP20,2025-01-16 17:30:00,24.436,37.768,937.873
AWS_AP20,2025-01-16 17:45:00,23.711,41.867,938.414
AWS_AP20,2025-01-16 18:00:00,23.695,39.03,938.567
AWS_AP20,2025-01-16 18:15:00,23.308,41.697,938.068
AWS_AP20,2025-01-16 18:30:00,23.353,40.303,938.303
AWS_AP20,2025-01-16 18:45:00,22.628,42.501,939.178
AWS_AP20,2025-01-16 19:00:00,22.681,44.107,938.491
AWS_AP20,2025-01-16 19:15:00,21.911,44.805,938.373
AWS_AP20,2025-01-16 19:30:00,21.999,48.904,938.403
AWS_AP20,2025-01-16 19:45:00,21.49,44.603,940.123
AWS_AP20,2025-01-16 20:00:00,20.62,50.306,939.559
AWS_AP20,2025-01-16 20:15:00,20.351,50.192,940.262
AWS_AP20,2025-01-16 20:30:00,20.352,50.058,939.926
AWS_AP20,2025-01-16 20:45:00,19.619,51.883,940.006
AWS_AP20,2025-01-16 21:00:00,19.796,53.47,939.577
AWS_AP20,2025-01-16 21:15:00,18.94,53.69,940.237
AWS_AP20,2025-01-16 21:30:00,19.136,55.17,939.66
AWS_AP20,2025-01-16 21:45:00,17.96,58.667,939.686
AWS_AP20,2025-01-16 22:00:00,18.07,59.255,940.167
AWS_AP20,2025-01-16 22:15:00,17.995,59.849,939.334
AWS_AP20,2025-01-16 22:30:00,17.489,61.986,939.97
AWS_AP20,2025-01-16 22:45:00,16.754,63.547,939.373
AWS_AP20,2025-01-16 23:00:00,16.094,65.069,939.71
AWS_AP20,2025-01-16 23:15:00,16.239,68.309,939.671
AWS_AP20,2025-01-16 23:30:00,15.955,67.273,939.893
AWS_AP20,2025-01-16 23:45:00,15.013,66.356,938.984
AWS_AP20,2025-01-17 00:00:00,16.433,70.36,937.804
AWS_AP20,2025-01-17 00:15:00,16.134,73.14,937.195
AWS_AP20,2025-01-17 00:30:00,15.824,70.434,937.442
AWS_AP20,2025-01-17 00:45:00,16.261,71.002,937.564
AWS_AP20,2025-01-17 01:00:00,16.256,75.094,937.58
AWS_AP20,2025-01-17 01:15:00,15.053,71.001,936.317
AWS_AP20,2025-01-17 01:30:00,14.647,70.129,936.837
AWS_AP20,2025-01-17 01:45:00,14.795,76.555,936.449
AWS_AP20,2025-01-17 02:00:00,15.002,71.934,935.795
AWS_AP20,2025-01-17 02:15:00,15.247,71.207,936.17
AWS_AP20,2025-01-17 02:30:00,14.397,73.31,936.197
AWS_AP20,2025-01-17 02:45:00,14.592,72.705,935.747
AWS_AP20,2025-01-17 03:00:00,14.692,72.118,935.511
AWS_AP20,2025-01-17 03:15:00,14.651,72.145,934.998
AWS_AP20,2025-01-17 03:30:00,14.841,72.982,936.148
AWS_AP20,2025-01-17 03:45:00,14.888,77.784,935.598
AWS_AP20,2025-01-17 04:00:00,15.587,73.839,936.036
AWS_AP20,2025-01-17 04:15:00,14.93,76.304,935.602
AWS_AP20,2025-01-17 04:30:00,15.35,69.188,935.223
AWS_AP20,2025-01-17 04:45:00,15.123,71.098,935.535
AWS_AP20,2025-01-17 05:00:00,15.158,72.128,936.684
AWS_AP20,2025-01-17 05:15:00,16.194,66.939,936.267
AWS_AP20,2025-01-17 05:30:00,15.782,69.787,936.23
AWS_AP20,2025-01-17 05:45:00,15.993,71.076,936.388
AWS_AP20,2025-01-17 06:00:00,16.83,68.587,936.519
AWS_AP20,2025-01-17 06:15:00,16.455,68.58,936.464
AWS_AP20,2025-01-17 06:30:00,16.943,64.347,936.408
AWS_AP20,2025-01-17 06:45:00,17.313,67.683,937.155
AWS_AP20,2025-01-17 07:00:00,17.37,63.393,938.345
AWS_AP20,2025-01-17 07:15:00,17.973,61.163,936.715
AWS_AP20,2025-01-17 07:30:00,18.812,59.632,937.746
AWS_AP20,2025-01-17 07:45:00,18.821,62.683,937.287
AWS_AP20,2025-01-17 08:00:00,19.237,59.584,937.292
AWS_AP20,2025-01-17 08:15:00,20.039,58.321,937.96
AWS_AP20,2025-01-17 08:30:00,19.544,55.581,937.962
AWS_AP20,2025-01-17 08:45:00,19.414,51.03,937.981
AWS_AP20,2025-01-17 09:00:00,20.444,52.002,938.125
AWS_AP20,2025-01-17 09:15:00,21.191,54.793,938.361
AWS_AP20,2025-01-17 09:30:00,21.387,53.382,939.175
AWS_AP20,2025-01-17 09:45:00,22.381,52.025,937.638
AWS_AP20,2025-01-17 10:00:00,21.863,46.654,938.663
AWS_AP20,2025-01-17 10:15:00,22.654,46.356,938.506
AWS_AP20,2025-01-17 10:30:00,23.92,45.406,938.371
AWS_AP20,2025-01-17 10:45:00,23.173,45.994,938.305
AWS_AP20,2025-01-17 11:00:00,23.616,46.462,938.862
AWS_AP20,2025-01-17 11:15:00,23.857,45.181,938.22
AWS_AP20,2025-01-17 11:30:00,24.431,41.685,938.004
AWS_AP20,2025-01-17 11:45:00,24.282,43.829,938.265
AWS_AP20,2025-01-17 12:00:00,25.347,41.042,937.304
AWS_AP20,2025-01-17 12:15:00,25.8,38.442,937.597
AWS_AP20,2025-01-17 12:30:00,25.351,40.351,937.846
AWS_AP20,2025-01-17 12:45:00,25.939,35.36,937.186
AWS_AP20,2025-01-17 13:00:00,25.989,38.237,936.71
AWS_AP20,2025-01-17 13:15:00,25.546,38.027,937.018
AWS_AP20,2025-01-17 13:30:00,26.093,33.274,936.36
AWS_AP20,2025-01-17 13:45:00,26.628,37.707,937.007
AWS_AP20,2025-01-17 14:00:00,26.518,36.169,936.143
AWS_AP20,2025-01-17 14:15:00,26.658,32.2,936.606
AWS_AP20,2025-01-17 14:30:00,26.62,33.705,936.32
AWS_AP20,2025-01-17 14:45:00,26.69,33.551,935.415
AWS_AP20,2025-01-17 15:00:00,26.78,34.653,936.46
AWS_AP20,2025-01-17 15:15:00,27.235,34.126,935.782
AWS_AP20,2025-01-17 15:30:00,27.443,34.767,935.902
AWS_AP20,2025-01-17 15:45:00,26.486,38.332,935.41
AWS_AP20,2025-01-17 16:00:00,26.522,33.504,948.089
AWS_AP20,2025-01-20 05:00:00,14.967,70.801,937.1
AWS_AP20,2025-01-20 05:15:00,15.495,66.859,935.824
AWS_AP20,2025-01-24 02:30:00,14.919,69.845,936.335
AWS_AP20,2025-01-24 02:45:00,14.507,73.413,937.43
AWS_AP20,2025-01-26 00:00:00,17.333,65.912,936.812
AWS_AP20,2025-01-26 00:15:00,16.903,68.562,936.751
AWS_AP20,2025-01-26 00:30:00,16.615,68.74,937.266
AWS_AP20,2025-01-26 00:45:00,16.8,66.216,936.643
AWS_AP20,2025-01-26 01:00:00,16.223,69.868,937.042
AWS_AP20,2025-01-26 01:15:00,16.163,68.263,935.942
AWS_AP20,2025-01-26 01:30:00,15.643,69.231,936.504
AWS_AP20,2025-01-26 01:45:00,16.168,73.791,935.488
AWS_AP20,2025-01-26 02:00:00,16.039,70.472,935.959
AWS_AP20,2025-01-26 02:15:00,15.891,71.838,936.409
AWS_AP20,2025-01-26 02:30:00,15.031,72.572,935.446
AWS_AP20,2025-01-26 02:45:00,15.483,72.284,934.708
AWS_AP20,2025-01-26 03:00:00,15.737,70.297,935.726
AWS_AP20,2025-01-26 03:15:00,15.642,70.23,935.734
AWS_AP20,2025-01-26 03:30:00,15.404,68.249,935.566
AWS_AP20,2025-01-26 03:45:00,15.65,69.18,934.777
AWS_AP20,2025-01-26 04:00:00,16.069,70.46,934.888
AWS_AP20,2025-01-26 04:15:00,27.197,72.691,935.54
AWS_AP20,2025-01-26 04:30:00,16.4,70.17,935.662
AWS_AP20,2025-01-26 04:45:00,15.807,66.985,935.066
AWS_AP20,2025-01-26 05:00:00,16.216,70.297,935.281
AWS_AP20,2025-01-26 05:15:00,16.766,67.116,935.163
AWS_AP20,2025-01-26 05:30:00,16.971,68.504,935.304
AWS_AP20,2025-01-26 05:45:00,17.242,67.952,935.93
AWS_AP20,2025-01-26 06:00:00,17.62,62.786,936.131
AWS_AP20,2025-01-26 06:15:00,17.72,63.58,936.284
AWS_AP20,2025-01-26 06:30:00,17.659,61.147,936.376
AWS_AP20,2025-01-26 06:45:00,18.303,62.326,936.483
AWS_AP20,2025-01-26 07:00:00,18.616,65.338,937.202
AWS_AP20,2025-01-26 07:15:00,18.743,59.473,936.72
AWS_AP20,2025-01-26 07:30:00,19.329,61.093,936.712
AWS_AP20,2025-01-26 07:45:00,19.187,60.072,936.85
AWS_AP20,2025-01-26 08:00:00,19.628,58.036,936.72
AWS_AP20,2025-01-26 08:15:00,20.32,52.397,937.476
AWS_AP20,2025-01-26 08:30:00,21.249,55.253,936.925
AWS_AP20,2025-01-26 08:45:00,21.278,54.68,937.329
AWS_AP20,2025-01-26 09:00:00,22.055,51.121,938.004
AWS_AP20,2025-01-26 09:15:00,21.464,47.69,937.672
AWS_AP20,2025-01-26 09:30:00,22.606,52.07,937.326
AWS_AP20,2025-01-26 09:45:00,23.423,45.582,937.735
AWS_AP20,2025-01-26 10:00:00,23.462,46.454,937.912
AWS_AP20,2025-01-26 10:15:00,23.434,48.2,938.331
AWS_AP20,2025-01-26 10:30:00,24.355,42.691,938.461
AWS_AP20,2025-01-26 10:45:00,24.568,43.498,937.582
AWS_AP20,2025-01-26 11:00:00,24.51,43.108,937.925
AWS_AP20,2025-01-26 11:15:00,25.41,39.906,937.262
AWS_AP20,2025-01-26 11:30:00,25.729,41.484,937.301
AWS_AP20,2025-01-26 11:45:00,25.994,38.537,936.493
AWS_AP20,2025-01-26 12:00:00,26.478,35.951,937.218
AWS_AP20,2025-01-26 12:15:00,26.417,32.477,937.235
AWS_AP20,2025-01-26 12:30:00,26.791,36.87,937.466
AWS_AP20,2025-01-26 12:45:00,26.735,34.929,936.77
AWS_AP20,2025-01-26 13:00:00,27.432,34.359,936.604
AWS_AP20,2025-01-26 13:15:00,26.976,31.793,936.576
AWS_AP20,2025-01-26 13:30:00,27.765,34.937,936.435
AWS_AP20,2025-01-26 13:45:00,28.132,32.61,936.051
AWS_AP20,2025-01-26 14:00:00,28.127,31.892,935.94
AWS_AP20,2025-01-26 14:15:00,27.553,32.793,935.743
AWS_AP20,2025-01-26 14:30:00,27.561,34.894,935.33
AWS_AP20,2025-01-26 14:45:00,27.256,33.551,934.983
AWS_AP20,2025-01-26 15:00:00,27.733,32.018,935.541
AWS_AP20,2025-01-26 15:15:00,27.99,30.052,935.154
AWS_AP20,2025-01-26 15:30:00,27.768,34.772,936.134
AWS_AP20,2025-01-26 15:45:00,27.862,27.793,935.893
AWS_AP20,2025-01-26 16:00:00,27.816,34.07,935.26
AWS_AP20,2025-01-26 16:15:00,27.437,35.518,935.391
AWS_AP20,2025-01-26 16:30:00,27.544,33.23,935.413
AWS_AP20,2025-01-26 16:45:00,27.903,34.467,935.823
AWS_AP20,2025-01-26 17:00:00,27.589,37.872,936.064
AWS_AP20,2025-01-26 17:15:00,27.421,36.328,935.267
AWS_AP20,2025-01-26 17:30:00,26.808,34.122,936.295
AWS_AP20,2025-01-26 17:45:00,26.486,39.721,935.501
AWS_AP20,2025-01-26 18:00:00,26.276,37.367,935.83
AWS_AP20,2025-01-26 18:15:00,25.933,38.003,935.727
AWS_AP20,2025-01-26 18:30:00,25.447,42.013,935.395
AWS_AP20,2025-01-26 18:45:00,25.019,36.497,935.758
AWS_AP20,2025-01-26 19:00:00,24.63,44.528,937.682
AWS_AP20,2025-01-26 19:15:00,25.001,43.422,936.664
AWS_AP20,2025-01-26 19:30:00,23.641,45.155,937.278
AWS_AP20,2025-01-26 19:45:00,23.837,44.328,936.117
AWS_AP20,2025-01-26 20:00:00,23.311,45.026,936.348
AWS_AP20,2025-01-26 20:15:00,22.589,45.668,937.237
AWS_AP20,2025-01-26 20:30:00,22.37,52.19,937.562
AWS_AP20,2025-01-26 20:45:00,22.203,47.972,937.849
AWS_AP20,2025-01-26 21:00:00,21.827,50.114,937.774
AWS_AP20,2025-01-26 21:15:00,21.494,52.676,937.652
AWS_AP20,2025-01-26 21:30:00,20.921,55.471,937.731
AWS_AP20,2025-01-26 21:45:00,20.713,57.106,938.376
AWS_AP20,2025-01-26 22:00:00,20.176,57.027,938.424
AWS_AP20,2025-01-26 22:15:00,19.731,57.804,938.299
AWS_AP20,2025-01-26 22:30:00,19.205,59.303,937.532
AWS_AP20,2025-01-26 22:45:00,19.418,60.783,938.344
AWS_AP20,2025-01-26 23:00:00,18.431,62.997,938.113
AWS_AP20,2025-01-26 23:15:00,18.187,66.356,937.617
AWS_AP20,2025-01-26 23:30:00,18.283,66.051,937.279
AWS_AP20,2025-01-26 23:45:00,17.698,66.876,937.064
AWS_AP20,2025-01-27 00:00:00,17.352,63.413,937.313
AWS_AP20,2025-01-27 00:15:00,17.292,64.594,937.197
AWS_AP20,2025-01-27 00:30:00,17.379,61.416,936.853
AWS_AP20,2025-02-01 08:45:00,19.6,44.493,938.78
AWS_AP20,2025-02-01 09:00:00,20.603,46.96,938.808
AWS_AP20,2025-02-08 18:00:00,24.823,37.522,937.032
AWS_AP20,2025-02-08 18:15:00,25.337,30.442,936.881
AWS_AP20,2025-02-14 14:15:00,28.853,28.419,935.813
AWS_AP20,2025-02-14 14:30:00,28.715,23.207,935.219
AWS_AP20,2025-02-25 11:30:00,28.213,35.104,937.46
AWS_AP20,2025-02-25 11:45:00,28.5,30.681,937.46
AWS_AP20,2025-02-25 20:15:00,25.367,38.193,936.444
AWS_AP20,2025-02-25 20:30:00,25.527,43.475,937.978
AWS_AP20,2025-03-06 12:30:00,30.318,24.627,934.592
AWS_AP20,2025-03-06 12:45:00,30.257,23.011,934.767
AWS_AP20,2025-03-08 11:30:00,28.918,24.236,936.859
AWS_AP20,2025-03-08 11:45:00,29.567,23.557,936.483
AWS_AP20,2025-03-10 03:15:00,22.511,49.337,933.513
AWS_AP20,2025-03-10 03:30:00,22.62,50.063,934.25
AWS_AP20,2025-03-11 12:15:00,35.797,12.077,934.088
AWS_AP20,2025-03-11 12:30:00,36.694,12.755,935.063
AWS_AP20,2025-03-13 15:00:00,37.434,12.396,933.539
AWS_AP20,2025-03-13 15:15:00,37.461,7.965,934.038
AWS_AP20,2025-03-13 15:30:00,37.745,12.1,934.383
AWS_AP20,2025-03-13 15:45:00,37.021,10.337,934.305
AWS_AP20,2025-03-13 16:00:00,36.501,7.687,934.16
AWS_AP20,2025-03-13 16:15:00,36.423,8.068,933.884
AWS_AP20,2025-03-13 16:30:00,37.007,8.6,934.369
AWS_AP20,2025-03-13 16:45:00,36.488,11.788,933.762
AWS_AP20,2025-03-13 17:00:00,35.661,12.232,933.599
AWS_AP20,2025-03-13 17:15:00,35.828,14.484,933.372
AWS_AP20,2025-03-13 17:30:00,36.145,11.605,934.356
AWS_AP20,2025-03-13 17:45:00,35.584,13.463,934.339
AWS_AP20,2025-03-13 18:00:00,34.514,15.395,934.017
AWS_AP20,2025-03-13 18:15:00,34.933,18.843,934.839
AWS_AP20,2025-03-13 18:30:00,34.042,18.356,934.041
AWS_AP20,2025-03-13 18:45:00,33.752,19.952,934.806
AWS_AP20,2025-03-13 19:00:00,33.625,19.679,934.977
AWS_AP20,2025-03-13 19:15:00,33.542,23.302,934.729
AWS_AP20,2025-03-13 19:30:00,33.055,20.72,935.441
AWS_AP20,2025-03-13 19:45:00,32.963,24.882,936.017
AWS_AP20,2025-03-13 20:00:00,32.356,26.93,936.053
AWS_AP20,2025-03-13 20:15:00,32.042,24.194,935.896
AWS_AP20,2025-03-13 20:30:00,30.901,26.464,935.706
AWS_AP20,2025-03-13 20:45:00,31.078,26.057,936.227
AWS_AP20,2025-03-13 21:00:00,30.399,30.245,936.939
AWS_AP20,2025-03-13 21:15:00,29.847,29.007,935.895
AWS_AP20,2025-03-13 21:30:00,29.09,30.692,936.577
AWS_AP20,2025-03-13 21:45:00,29.371,35.168,936.657
AWS_AP20,2025-03-13 22:00:00,28.488,35.974,935.653
AWS_AP20,2025-03-13 22:15:00,27.964,34.73,936.579
AWS_AP20,2025-03-13 22:30:00,27.666,35.101,935.956
AWS_AP20,2025-03-13 22:45:00,27.429,41.559,937.169
AWS_AP20,2025-03-13 23:00:00,26.788,41.528,935.921
AWS_AP20,2025-03-13 23:15:00,26.167,41.813,936.246
AWS_AP20,2025-03-13 23:30:00,25.936,38.902,936.017
AWS_AP20,2025-03-13 23:45:00,25.852,42.753,935.693
AWS_AP20,2025-03-14 00:00:00,26.196,42.534,935.374
AWS_AP20,2025-03-14 00:15:00,26.093,41.189,935.771
AWS_AP20,2025-03-14 00:30:00,25.456,42.797,935.565
AWS_AP20,2025-03-14 00:45:00,26.143,43.094,935.003
AWS_AP20,2025-03-14 01:00:00,25.397,41.729,934.312
AWS_AP20,2025-03-14 01:15:00,24.456,45.033,935.292
AWS_AP20,2025-03-14 01:30:00,24.315,47.463,934.582
AWS_AP20,2025-03-14 01:45:00,24.6,42.976,933.721
AWS_AP20,2025-03-14 02:00:00,24.125,45.201,934.373
AWS_AP20,2025-03-14 02:15:00,24.131,42.045,934.02
AWS_AP20,2025-03-14 02:30:00,24.462,45.601,933.623
AWS_AP20,2025-03-14 02:45:00,24.353,44.698,933.818
AWS_AP20,2025-03-14 03:00:00,23.964,41.529,934.31
AWS_AP20,2025-03-14 03:15:00,24.531,45.501,933.44
AWS_AP20,2025-03-14 03:30:00,24.666,47.76,933.821
AWS_AP20,2025-03-14 03:45:00,24.563,46.465,933.331
AWS_AP20,2025-03-14 04:00:00,24.249,49.104,933.964
AWS_AP20,2025-03-14 04:15:00,24.906,45.598,933.366
AWS_AP20,2025-03-14 04:30:00,24.649,44.12,933.712
AWS_AP20,2025-03-14 04:45:00,25.424,42.164,933.394
AWS_AP20,2025-03-14 05:00:00,25.236,42.283,933.687
AWS_AP20,2025-03-14 05:15:00,25.467,41.726,933.559
AWS_AP20,2025-03-14 05:30:00,25.766,40.739,933.627
AWS_AP20,2025-03-14 05:45:00,25.764,42.514,933.451
AWS_AP20,2025-03-14 06:00:00,26.553,41.773,934.041
AWS_AP20,2025-03-14 06:15:00,26.622,38.674,934.491
AWS_AP20,2025-03-14 06:30:00,26.39,38.77,934.399
AWS_AP20,2025-03-14 06:45:00,27.584,37.33,934.809
AWS_AP20,2025-03-14 07:00:00,27.291,36.041,934.637
AWS_AP20,2025-03-14 07:15:00,28.865,34.528,935.454
AWS_AP20,2025-03-14 07:30:00,28.619,35.493,934.728
AWS_AP20,2025-03-14 07:45:00,29.078,31.929,935.571
AWS_AP20,2025-03-14 08:00:00,30.062,35.136,935.201
AWS_AP20,2025-03-14 08:15:00,29.829,28.532,935.655
AWS_AP20,2025-03-14 08:30:00,30.414,29.442,935.897
AWS_AP20,2025-03-14 08:45:00,30.387,28.163,935.697
AWS_AP20,2025-03-14 09:00:00,31.444,28.526,935.755
AWS_AP20,2025-03-14 09:15:00,31.601,22.383,936.213
AWS_AP20,2025-03-14 09:30:00,32.352,23.228,935.384
AWS_AP20,2025-03-14 09:45:00,32.945,23.617,936.728
AWS_AP20,2025-03-14 10:00:00,32.848,20.213,936.684
AWS_AP20,2025-03-14 10:15:00,33.346,20.617,935.931
AWS_AP20,2025-03-14 10:30:00,33.524,15.012,936.187
AWS_AP20,2025-03-14 10:45:00,34.184,14.418,936.404
AWS_AP20,2025-03-14 11:00:00,35.362,13.667,936.035
AWS_AP20,2025-03-14 11:15:00,35.76,13.8,936.202
AWS_AP20,2025-03-14 11:30:00,35.673,11.937,935.889
AWS_AP20,2025-03-14 11:45:00,36.142,14.214,935.265
AWS_AP20,2025-03-14 12:00:00,36.08,12.21,936.309
AWS_AP20,2025-03-14 12:15:00,36.535,6.69,935.604
AWS_AP20,2025-03-14 12:30:00,36.77,5.652,936.315
AWS_AP20,2025-03-14 12:45:00,36.685,12.535,934.72
AWS_AP20,2025-03-14 13:00:00,37.026,9.719,934.793
AWS_AP20,2025-03-14 13:15:00,37.901,6.973,934.402
AWS_AP20,2025-03-14 13:30:00,37.517,9.547,934.861
AWS_AP20,2025-03-14 13:45:00,37.35,7.005,934.409
AWS_AP20,2025-03-14 14:00:00,38.282,6.407,934.89
AWS_AP20,2025-03-14 14:15:00,37.753,7.049,933.892
AWS_AP20,2025-03-14 14:30:00,37.839,8.413,934.605
AWS_AP20,2025-03-14 14:45:00,38.141,5.789,933.939
AWS_AP20,2025-03-14 15:00:00,37.85,5.166,934.294
AWS_AP20,2025-03-27 06:15:00,23.12,43.912,932.268
AWS_AP20,2025-03-27 06:30:00,24.616,42.593,933.309
AWS_AP20,2025-03-27 06:45:00,24.208,41.691,933.641
AWS_AP20,2025-03-27 07:00:00,25.525,40.28,933.005
AWS_AP20,2025-03-27 07:15:00,24.864,38.383,933.487
AWS_AP20,2025-03-27 07:30:00,25.673,37.101,933.403
AWS_AP20,2025-03-27 07:45:00,25.813,38.329,933.432
AWS_AP20,2025-03-27 08:00:00,25.673,39.445,933.729
AWS_AP20,2025-03-27 08:15:00,26.9,29.434,934.325
AWS_AP20,2025-03-27 08:30:00,27.476,28.747,933.977
AWS_AP20,2025-03-27 08:45:00,27.331,30.746,935.189
AWS_AP20,2025-03-27 09:00:00,28.153,28.205,934.209
AWS_AP20,2025-03-27 09:15:00,28.458,28.241,933.935
AWS_AP20,2025-03-27 09:30:00,29.018,27.271,935.407
AWS_AP20,2025-03-27 09:45:00,29.679,25.422,934.959
AWS_AP20,2025-03-27 10:00:00,29.372,24.367,934.351
AWS_AP20,2025-03-27 10:15:00,30.364,21.89,935.144
AWS_AP20,2025-03-27 10:30:00,30.968,23.799,934.646
AWS_AP20,2025-03-27 10:45:00,31.412,20.972,934.775
AWS_AP20,2025-03-27 11:00:00,31.557,22.046,933.987
AWS_AP20,2025-03-27 11:15:00,31.727,20.664,934.793
AWS_AP20,2025-03-27 11:30:00,31.659,16.812,933.425
AWS_AP20,2025-03-27 11:45:00,32.63,14.681,934.457
AWS_AP20,2025-03-27 12:00:00,32.882,18.29,933.985
AWS_AP20,2025-03-27 12:15:00,33.694,14.96,933.246
AWS_AP20,2025-03-27 12:30:00,33.493,12.706,933.714
AWS_AP20,2025-03-27 12:45:00,34.095,13.302,933.684
AWS_AP20,2025-03-27 13:00:00,34.238,15.567,933.971
AWS_AP20,2025-03-27 13:15:00,33.958,14.376,932.645
AWS_AP20,2025-03-27 13:30:00,35.067,12.161,932.311
AWS_AP20,2025-03-27 13:45:00,34.783,10.525,933.252
AWS_AP20,2025-03-27 14:00:00,34.701,11.522,932.966
AWS_AP20,2025-03-27 14:15:00,34.981,10.388,932.704
AWS_AP20,2025-03-27 14:30:00,35.175,9.303,932.527
AWS_AP20,2025-03-27 14:45:00,34.905,12.108,931.843
AWS_AP20,2025-03-27 15:00:00,35.183,8.955,932.362
AWS_AP20,2025-03-27 15:15:00,35.16,8.657,932.51
AWS_AP20,2025-03-27 15:30:00,35.195,11.191,931.979
AWS_AP20,2025-03-27 15:45:00,35.185,10.726,931.95
AWS_AP20,2025-03-27 16:00:00,34.462,12.027,931.465
AWS_AP20,2025-03-27 16:15:00,34.357,8.58,932.0
AWS_AP20,2025-03-27 16:30:00,34.749,14.574,932.282
AWS_AP20,2025-03-27 16:45:00,33.645,10.487,932.451
AWS_AP20,2025-03-27 17:00:00,33.764,13.969,932.396
AWS_AP20,2025-03-27 17:15:00,34.231,15.757,931.871
AWS_AP20,2025-03-27 17:30:00,33.718,13.023,933.071
AWS_AP20,2025-03-27 17:45:00,33.132,16.007,933.287
AWS_AP20,2025-03-27 18:00:00,32.65,17.388,933.529
AWS_AP20,2025-03-27 18:15:00,32.606,17.792,932.748
AWS_AP20,2025-03-27 18:30:00,32.203,17.267,933.251
AWS_AP20,2025-03-27 18:45:00,32.033,24.721,932.669
AWS_AP20,2025-03-27 19:00:00,31.884,20.031,933.663
AWS_AP20,2025-03-27 19:15:00,30.996,20.428,933.911
AWS_AP20,2025-03-27 19:30:00,30.838,23.083,934.202
AWS_AP20,2025-03-27 19:45:00,30.864,24.759,934.356
AWS_AP20,2025-03-27 20:00:00,30.023,25.471,934.257
AWS_AP20,2025-03-27 20:15:00,29.746,27.246,934.197
AWS_AP20,2025-03-27 20:30:00,28.653,26.083,934.078
AWS_AP20,2025-03-27 20:45:00,28.037,29.665,934.546
AWS_AP20,2025-03-27 21:00:00,28.378,30.982,934.748
AWS_AP20,2025-03-27 21:15:00,27.449,31.086,934.244
AWS_AP20,2025-03-27 21:30:00,27.43,32.377,934.493
AWS_AP20,2025-03-27 21:45:00,26.581,32.091,934.922
AWS_AP20,2025-03-27 22:00:00,26.109,35.136,934.533
AWS_AP20,2025-03-27 22:15:00,26.307,36.928,934.889
AWS_AP20,2025-03-27 22:30:00,26.065,38.659,934.091
AWS_AP20,2025-03-27 22:45:00,24.926,37.234,934.679
AWS_AP20,2025-03-27 23:00:00,24.15,37.109,934.344
AWS_AP20,2025-03-27 23:15:00,24.151,41.272,934.432
AWS_AP20,2025-03-27 23:30:00,23.827,44.007,934.288
AWS_AP20,2025-03-27 23:45:00,23.194,43.659,933.812
AWS_AP20,2025-03-28 00:00:00,21.131,49.144,934.099
AWS_AP20,2025-03-28 00:15:00,20.809,50.59,933.805
AWS_AP20,2025-03-28 00:30:00,20.892,49.563,933.768
AWS_AP20,2025-03-28 00:45:00,20.232,46.694,933.596
AWS_AP20,2025-03-28 01:00:00,20.104,53.866,932.66
AWS_AP20,2025-03-28 01:15:00,19.974,52.736,933.536
AWS_AP20,2025-03-28 01:30:00,20.049,53.85,932.352
AWS_AP20,2025-03-28 01:45:00,19.696,50.763,933.318
AWS_AP20,2025-03-28 02:00:00,19.867,54.076,932.41
AWS_AP20,2025-03-28 02:15:00,19.026,53.322,932.52
AWS_AP20,2025-03-28 02:30:00,19.212,52.436,932.437
AWS_AP20,2025-03-28 02:45:00,19.041,54.784,932.716
AWS_AP20,2025-03-28 03:00:00,19.118,55.054,932.617
AWS_AP20,2025-03-28 03:15:00,19.228,55.42,931.988
AWS_AP20,2025-03-28 03:30:00,18.826,53.876,931.58
AWS_AP20,2025-03-28 03:45:00,19.148,52.818,931.842
AWS_AP20,2025-03-28 04:00:00,19.215,54.218,931.625
AWS_AP20,2025-03-28 04:15:00,19.344,54.882,931.785
AWS_AP20,2025-03-28 04:30:00,19.195,50.841,932.002
AWS_AP20,2025-03-28 04:45:00,19.72,53.747,931.715
AWS_AP20,2025-03-28 05:00:00,20.331,53.73,931.649
AWS_AP20,2025-03-28 05:15:00,20.073,52.135,932.853
AWS_AP20,2025-03-28 05:30:00,20.74,50.584,932.298
AWS_AP20,2025-03-28 05:45:00,21.017,48.58,933.101
AWS_AP20,2025-03-28 06:00:00,21.275,44.439,931.999
AWS_AP20,2025-03-28 06:15:00,7.443,50.272,933.128
AWS_AP20,2025-04-01 12:00:00,33.262,20.661,933.09
AWS_AP20,2025-04-01 12:15:00,32.948,21.12,933.069
AWS_AP20,2025-04-03 09:15:00,28.56,26.464,934.636
AWS_AP20,2025-04-03 09:30:00,28.462,25.51,933.914
AWS_AP20,2025-04-16 02:30:00,23.245,51.781,930.553
AWS_AP20,2025-04-16 02:45:00,23.37,50.763,929.939
AWS_AP20,2025-04-21 13:00:00,36.123,7.25,930.673
AWS_AP20,2025-04-21 13:15:00,36.395,7.579,931.037
AWS_AP20,2025-04-22 02:00:00,23.699,46.848,931.456
AWS_AP20,2025-04-22 02:15:00,23.85,51.619,931.49
AWS_AP20,2025-05-07 17:45:00,37.148,12.237,929.212
AWS_AP20,2025-05-07 18:00:00,36.912,13.904,928.903
AWS_AP20,2025-05-07 21:30:00,31.04,29.906,930.878
AWS_AP20,2025-05-07 21:45:00,30.163,29.07,931.672
AWS_AP20,2025-05-10 14:45:00,38.101,9.156,927.882
AWS_AP20,2025-05-10 15:00:00,37.3,5.512,928.578
AWS_AP20,2025-05-13 03:00:00,23.258,50.052,928.21
AWS_AP20,2025-05-13 03:15:00,23.058,48.424,928.375
AWS_AP20,2025-05-16 09:30:00,31.775,26.711,929.769
AWS_AP20,2025-05-16 09:45:00,32.676,28.846,929.944
AWS_AP20,2025-05-17 00:45:00,25.16,47.535,929.717
AWS_AP20,2025-05-17 01:00:00,25.319,44.862,930.046
AWS_AP20,2025-05-18 17:00:00,44.865,10.568,927.66
AWS_AP20,2025-05-18 17:15:00,45.053,11.884,927.504
AWS_AP20,2025-05-21 13:30:00,45.355,9.764,928.206
AWS_AP20,2025-05-21 13:45:00,45.048,12.582,927.828
AWS_AP20,2025-05-31 15:00:00,35.471,16.924,926.736
AWS_AP20,2025-05-31 15:15:00,35.055,19.095,927.256
AWS_AP20,2025-05-31 23:00:00,26.288,50.767,929.694
AWS_AP20,2025-05-31 23:15:00,25.005,51.399,929.551
AWS_AP20,2025-06-19 10:45:00,33.379,43.876,928.223
AWS_AP20,2025-06-19 11:00:00,33.477,44.5,928.115
AWS_AP20,2025-06-22 11:00:00,31.36,48.338,928.689
AWS_AP20,2025-06-22 11:15:00,30.983,49.381,928.759
AWS_AP20,2025-06-23 01:45:00,22.011,72.37,925.779
AWS_AP20,2025-06-23 02:00:00,21.824,71.518,925.801
AWS_AP20,2025-06-26 11:45:00,30.861,40.468,927.688
AWS_AP20,2025-06-26 12:00:00,30.483,43.393,926.919
AWS_AP20,2025-06-27 00:45:00,24.337,68.604,927.983
AWS_AP20,2025-06-27 01:00:00,23.568,71.687,928.035
AWS_AP20,2025-07-04 06:30:00,23.675,71.039,927.581
AWS_AP20,2025-07-04 06:45:00,23.363,68.038,927.854
AWS_AP20,2025-07-10 05:45:00,20.905,75.042,926.928
AWS_AP20,2025-07-10 06:00:00,20.995,73.131,927.385
AWS_AP20,2025-07-10 14:30:00,29.094,42.645,927.433
AWS_AP20,2025-07-10 14:45:00,28.761,41.983,926.928
AWS_AP20,2025-07-15 03:15:00,20.915,82.858,927.256
AWS_AP20,2025-07-15 03:30:00,20.769,79.84,927.6
AWS_AP20,2025-07-15 11:45:00,27.662,48.481,929.798
AWS_AP20,2025-07-15 12:00:00,28.425,46.18,929.45
AWS_AP20,2025-07-21 23:15:00,22.038,75.998,930.858
AWS_AP20,2025-07-21 23:30:00,21.383,78.914,930.774
AWS_AP20,2025-07-22 08:00:00,23.404,69.521,929.109
AWS_AP20,2025-07-22 08:15:00,23.335,65.88,929.227
AWS_AP20,2025-08-12 04:15:00,21.39,80.941,928.681
AWS_AP20,2025-08-12 04:30:00,20.398,77.627,928.737
AWS_AP20,2025-08-12 20:45:00,24.864,59.441,930.909
AWS_AP20,2025-08-12 21:00:00,25.437,57.587,930.969
AWS_AP20,2025-08-15 10:30:00,26.485,58.4,928.881
AWS_AP20,2025-08-15 10:45:00,27.112,53.142,929.454
AWS_AP20,2025-09-20 00:15:00,20.865,74.175,931.335
AWS_AP20,2025-09-20 00:30:00,21.293,75.947,931.676
AWS_AP20,2025-10-04 10:30:00,25.313,43.091,933.207
AWS_AP20,2025-10-04 10:45:00,25.819,42.616,933.322
AWS_AP20,2025-10-06 22:30:00,21.427,61.335,933.713
AWS_AP20,2025-10-06 22:45:00,21.076,59.048,933.145
AWS_AP20,2025-10-10 19:45:00,24.444,44.951,931.981
AWS_AP20,2025-10-10 20:00:00,23.596,47.426,932.508
AWS_AP20,2025-10-17 17:15:00,27.018,32.257,937.499
AWS_AP20,2025-10-17 17:30:00,27.594,31.944,937.929
AWS_AP20,2025-10-23 13:00:00,26.261,32.484,932.067
AWS_AP20,2025-10-23 13:15:00,27.331,31.257,932.636
AWS_AP20,2025-10-26 21:00:00,22.508,50.331,934.583
AWS_AP20,2025-10-26 21:15:00,21.169,50.903,935.174
AWS_AP20,2025-11-02 11:45:00,23.068,35.493,934.9
AWS_AP20,2025-11-02 12:00:00,23.637,34.008,934.924
AWS_AP20,2025-11-06 17:30:00,24.313,31.082,934.167
AWS_AP20,2025-11-06 17:45:00,24.352,31.223,933.981
AWS_AP20,2025-11-10 03:00:00,15.837,70.867,934.817
AWS_AP20,2025-11-10 03:15:00,16.351,68.578,934.602
AWS_AP20,2025-12-02 02:15:00,9.808,75.929,935.61
AWS_AP20,2025-12-02 02:30:00,10.224,78.546,936.074
AWS_AP20,2025-12-02 02:45:00,9.983,79.093,936.506
AWS_AP20,2025-12-02 03:00:00,10.117,75.454,935.592
AWS_AP20,2025-12-02 03:15:00,9.969,72.992,936.165
AWS_AP20,2025-12-02 03:30:00,10.145,75.437,936.16
AWS_AP20,2025-12-02 03:45:00,9.939,76.987,935.878
AWS_AP20,2025-12-02 04:00:00,9.723,78.519,935.823
AWS_AP20,2025-12-02 04:15:00,10.118,76.414,935.72
AWS_AP20,2025-12-02 04:30:00,11.143,75.297,935.569
AWS_AP20,2025-12-02 04:45:00,10.347,75.988,935.761
AWS_AP20,2025-12-02 05:00:00,10.249,73.564,935.635
AWS_AP20,2025-12-02 05:15:00,11.009,71.688,935.887
AWS_AP20,2025-12-02 05:30:00,11.037,71.469,935.425
AWS_AP20,2025-12-02 05:45:00,10.967,69.079,935.196
AWS_AP20,2025-12-02 06:00:00,11.876,73.104,936.685
AWS_AP20,2025-12-02 06:15:00,11.639,66.544,936.51
AWS_AP20,2025-12-02 06:30:00,12.154,65.951,937.07
AWS_AP20,2025-12-02 06:45:00,12.396,68.875,936.635
AWS_AP20,2025-12-02 07:00:00,12.877,61.871,936.246
AWS_AP20,2025-12-02 07:15:00,13.008,63.649,937.733
AWS_AP20,2025-12-02 07:30:00,13.508,66.544,937.618
AWS_AP20,2025-12-02 07:45:00,13.6,61.711,937.56
AWS_AP20,2025-12-02 08:00:00,14.36,61.883,937.349
AWS_AP20,2025-12-02 08:15:00,14.234,59.06,937.652
AWS_AP20,2025-12-02 08:30:00,14.813,59.897,938.183
AWS_AP20,2025-12-02 08:45:00,15.547,57.854,937.611
AWS_AP20,2025-12-02 09:00:00,15.734,56.67,937.128
AWS_AP20,2025-12-02 09:15:00,15.886,58.294,938.544
AWS_AP20,2025-12-02 09:30:00,16.435,53.126,937.767
AWS_AP20,2025-12-02 09:45:00,16.827,54.653,937.704
AWS_AP20,2025-12-02 10:00:00,17.211,50.429,938.975
AWS_AP20,2025-12-02 10:15:00,17.403,50.192,938.136
AWS_AP20,2025-12-02 10:30:00,17.89,46.445,937.835
AWS_AP20,2025-12-02 10:45:00,18.262,48.105,938.799
AWS_AP20,2025-12-02 11:00:00,18.374,45.195,937.82
AWS_AP20,2025-12-02 11:15:00,18.56,47.138,937.512
AWS_AP20,2025-12-02 11:30:00,18.821,43.379,937.11
AWS_AP20,2025-12-02 11:45:00,19.078,44.1,938.032
AWS_AP20,2025-12-02 12:00:00,19.059,41.437,937.526
AWS_AP20,2025-12-02 12:15:00,20.063,44.669,937.994
AWS_AP20,2025-12-02 12:30:00,20.176,43.541,936.432
AWS_AP20,2025-12-02 12:45:00,19.89,39.866,936.903
AWS_AP20,2025-12-02 13:00:00,19.987,40.739,937.382
AWS_AP20,2025-12-02 13:15:00,20.915,40.365,936.843
AWS_AP20,2025-12-02 13:30:00,21.019,39.283,936.937
AWS_AP20,2025-12-02 13:45:00,20.714,39.283,936.464
AWS_AP20,2025-12-02 14:00:00,21.335,38.965,936.577
AWS_AP20,2025-12-02 14:15:00,21.641,32.094,935.871
AWS_AP20,2025-12-02 14:30:00,21.482,38.211,936.102
AWS_AP20,2025-12-02 14:45:00,21.177,37.877,935.75
AWS_AP20,2025-12-02 15:00:00,21.82,39.299,935.494
AWS_AP20,2025-12-02 15:15:00,21.676,37.855,935.411
AWS_AP20,2025-12-02 15:30:00,21.204,37.395,935.333
AWS_AP20,2025-12-02 15:45:00,21.221,33.466,936.19
AWS_AP20,2025-12-02 16:00:00,21.331,35.995,936.055
AWS_AP20,2025-12-02 16:15:00,21.202,35.255,935.878
AWS_AP20,2025-12-02 16:30:00,21.265,39.058,936.082
AWS_AP20,2025-12-02 16:45:00,21.505,40.8,935.982
AWS_AP20,2025-12-02 17:00:00,20.149,40.461,936.883
AWS_AP20,2025-12-02 17:15:00,21.014,41.307,935.77
AWS_AP20,2025-12-02 17:30:00,20.083,43.495,936.004
AWS_AP20,2025-12-02 17:45:00,20.065,39.784,936.115
AWS_AP20,2025-12-02 18:00:00,19.598,41.793,935.852
AWS_AP20,2025-12-02 18:15:00,19.544,45.411,936.498
AWS_AP20,2025-12-02 18:30:00,18.985,41.046,935.914
AWS_AP20,2025-12-02 18:45:00,18.707,42.461,936.998
AWS_AP20,2025-12-02 19:00:00,18.394,46.516,936.76
AWS_AP20,2025-12-02 19:15:00,18.157,50.721,936.224
AWS_AP20,2025-12-02 19:30:00,17.979,49.931,937.942
AWS_AP20,2025-12-02 19:45:00,18.145,51.386,937.78
AWS_AP20,2025-12-02 20:00:00,17.124,49.523,937.458
AWS_AP20,2025-12-02 20:15:00,16.539,47.832,938.3
AWS_AP20,2025-12-02 20:30:00,16.176,54.97,938.293
AWS_AP20,2025-12-02 20:45:00,16.472,55.95,938.028
AWS_AP20,2025-12-02 21:00:00,15.719,56.241,938.35
AWS_AP20,2025-12-02 21:15:00,14.772,56.846,937.715
AWS_AP20,2025-12-02 21:30:00,14.711,60.409,937.97
AWS_AP20,2025-12-02 21:45:00,14.439,61.0,938.541
AWS_AP20,2025-12-02 22:00:00,14.501,61.649,938.659
AWS_AP20,2025-12-02 22:15:00,14.229,64.092,937.945
AWS_AP20,2025-12-02 22:30:00,13.038,65.36,938.435
AWS_AP20,2025-12-02 22:45:00,13.587,66.179,938.205
AWS_AP20,2025-12-02 23:00:00,12.64,66.31,937.605
AWS_AP20,2025-12-02 23:15:00,12.836,68.187,937.936
AWS_AP20,2025-12-02 23:30:00,11.794,68.438,937.533
AWS_AP20,2025-12-02 23:45:00,11.848,70.828,938.072
AWS_AP20,2025-12-03 00:00:00,11.039,67.994,938.59
AWS_AP20,2025-12-03 00:15:00,10.868,65.256,936.929
AWS_AP20,2025-12-03 00:30:00,10.739,70.386,937.213
AWS_AP20,2025-12-03 00:45:00,10.225,69.367,937.663
AWS_AP20,2025-12-03 01:00:00,10.676,69.907,937.562
AWS_AP20,2025-12-03 01:15:00,9.868,71.687,936.863
AWS_AP20,2025-12-03 01:30:00,10.439,71.941,936.159
AWS_AP20,2025-12-03 01:45:00,10.095,70.578,936.791
AWS_AP20,2025-12-03 02:00:00,9.7,68.154,936.189
AWS_AP20,2025-12-03 02:15:00,26.77,69.857,935.838
AWS_AP20,2025-12-21 01:15:00,14.103,69.985,938.201
AWS_AP20,2025-12-21 01:30:00,13.663,73.701,938.519
AWS_AP20,2025-12-23 17:45:00,24.505,38.487,937.65
AWS_AP20,2025-12-23 18:00:00,23.836,40.199,937.422
AWS_AP20,2025-12-24 22:30:00,17.068,61.623,939.509
AWS_AP20,2025-12-24 22:45:00,16.825,60.017,939.063
